Axes,Series,Index,X,Y,Z
ArranqueDesde25_0_CHasta50_0_C,Saturación con AW,1,0,25,
ArranqueDesde25_0_CHasta50_0_C,Saturación con AW,2,1,25,
ArranqueDesde25_0_CHasta50_0_C,Saturación con AW,3,2,25,
ArranqueDesde25_0_CHasta50_0_C,Saturación con AW,4,3,25,
ArranqueDesde25_0_CHasta50_0_C,Saturación con AW,5,4,25,
ArranqueDesde25_0_CHasta50_0_C,Saturación con AW,6,5,25,
ArranqueDesde25_0_CHasta50_0_C,Saturación con AW,7,6,25,
ArranqueDesde25_0_CHasta50_0_C,Saturación con AW,8,7,25,
ArranqueDesde25_0_CHasta50_0_C,Saturación con AW,9,8,25,
ArranqueDesde25_0_CHasta50_0_C,Saturación con AW,10,9,25,
ArranqueDesde25_0_CHasta50_0_C,Saturación con AW,11,10,25,
ArranqueDesde25_0_CHasta50_0_C,Saturación con AW,12,11,25,
ArranqueDesde25_0_CHasta50_0_C,Saturación con AW,13,12,25,
ArranqueDesde25_0_CHasta50_0_C,Saturación con AW,14,13,25,
ArranqueDesde25_0_CHasta50_0_C,Saturación con AW,15,14,25,
ArranqueDesde25_0_CHasta50_0_C,Saturación con AW,16,15,25,
ArranqueDesde25_0_CHasta50_0_C,Saturación con AW,17,16,25,
ArranqueDesde25_0_CHasta50_0_C,Saturación con AW,18,17,25,
ArranqueDesde25_0_CHasta50_0_C,Saturación con AW,19,18,25,
ArranqueDesde25_0_CHasta50_0_C,Saturación con AW,20,19,25,
ArranqueDesde25_0_CHasta50_0_C,Saturación con AW,21,20,25,
ArranqueDesde25_0_CHasta50_0_C,Saturación con AW,22,21,25,
ArranqueDesde25_0_CHasta50_0_C,Saturación con AW,23,22,25.39577906,
ArranqueDesde25_0_CHasta50_0_C,Saturación con AW,24,23,25.79156364,
ArranqueDesde25_0_CHasta50_0_C,Saturación con AW,25,24,26.1873537,
ArranqueDesde25_0_CHasta50_0_C,Saturación con AW,26,25,26.58314921,
ArranqueDesde25_0_CHasta50_0_C,Saturación con AW,27,26,26.97895015,
ArranqueDesde25_0_CHasta50_0_C,Saturación con AW,28,27,27.37475649,
ArranqueDesde25_0_CHasta50_0_C,Saturación con AW,29,28,27.7705682,
ArranqueDesde25_0_CHasta50_0_C,Saturación con AW,30,29,28.16638525,
ArranqueDesde25_0_CHasta50_0_C,Saturación con AW,31,30,28.56220761,
ArranqueDesde25_0_CHasta50_0_C,Saturación con AW,32,31,28.95803526,
ArranqueDesde25_0_CHasta50_0_C,Saturación con AW,33,32,29.35386816,
ArranqueDesde25_0_CHasta50_0_C,Saturación con AW,34,33,29.74970629,
ArranqueDesde25_0_CHasta50_0_C,Saturación con AW,35,34,30.14554963,
ArranqueDesde25_0_CHasta50_0_C,Saturación con AW,36,35,30.54139814,
ArranqueDesde25_0_CHasta50_0_C,Saturación con AW,37,36,30.93725179,
ArranqueDesde25_0_CHasta50_0_C,Saturación con AW,38,37,31.33311057,
ArranqueDesde25_0_CHasta50_0_C,Saturación con AW,39,38,31.72897444,
ArranqueDesde25_0_CHasta50_0_C,Saturación con AW,40,39,32.12484337,
ArranqueDesde25_0_CHasta50_0_C,Saturación con AW,41,40,32.52071735,
ArranqueDesde25_0_CHasta50_0_C,Saturación con AW,42,41,32.91659634,
ArranqueDesde25_0_CHasta50_0_C,Saturación con AW,43,42,33.31248031,
ArranqueDesde25_0_CHasta50_0_C,Saturación con AW,44,43,33.70836925,
ArranqueDesde25_0_CHasta50_0_C,Saturación con AW,45,44,34.09799747,
ArranqueDesde25_0_CHasta50_0_C,Saturación con AW,46,45,34.48136479,
ArranqueDesde25_0_CHasta50_0_C,Saturación con AW,47,46,34.858471,
ArranqueDesde25_0_CHasta50_0_C,Saturación con AW,48,47,35.2293159,
ArranqueDesde25_0_CHasta50_0_C,Saturación con AW,49,48,35.5938993,
ArranqueDesde25_0_CHasta50_0_C,Saturación con AW,50,49,35.95222099,
ArranqueDesde25_0_CHasta50_0_C,Saturación con AW,51,50,36.30428079,
ArranqueDesde25_0_CHasta50_0_C,Saturación con AW,52,51,36.6500785,
ArranqueDesde25_0_CHasta50_0_C,Saturación con AW,53,52,36.98961393,
ArranqueDesde25_0_CHasta50_0_C,Saturación con AW,54,53,37.32288688,
ArranqueDesde25_0_CHasta50_0_C,Saturación con AW,55,54,37.64989716,
ArranqueDesde25_0_CHasta50_0_C,Saturación con AW,56,55,37.97064459,
ArranqueDesde25_0_CHasta50_0_C,Saturación con AW,57,56,38.28512897,
ArranqueDesde25_0_CHasta50_0_C,Saturación con AW,58,57,38.59335011,
ArranqueDesde25_0_CHasta50_0_C,Saturación con AW,59,58,38.89530783,
ArranqueDesde25_0_CHasta50_0_C,Saturación con AW,60,59,39.19100194,
ArranqueDesde25_0_CHasta50_0_C,Saturación con AW,61,60,39.48043226,
ArranqueDesde25_0_CHasta50_0_C,Saturación con AW,62,61,39.7635986,
ArranqueDesde25_0_CHasta50_0_C,Saturación con AW,63,62,40.04050078,
ArranqueDesde25_0_CHasta50_0_C,Saturación con AW,64,63,40.31113862,
ArranqueDesde25_0_CHasta50_0_C,Saturación con AW,65,64,40.57551193,
ArranqueDesde25_0_CHasta50_0_C,Saturación con AW,66,65,40.83362053,
ArranqueDesde25_0_CHasta50_0_C,Saturación con AW,67,66,41.08556345,
ArranqueDesde25_0_CHasta50_0_C,Saturación con AW,68,67,41.33143968,
ArranqueDesde25_0_CHasta50_0_C,Saturación con AW,69,68,41.57134827,
ArranqueDesde25_0_CHasta50_0_C,Saturación con AW,70,69,41.80538823,
ArranqueDesde25_0_CHasta50_0_C,Saturación con AW,71,70,42.0336586,
ArranqueDesde25_0_CHasta50_0_C,Saturación con AW,72,71,42.25625842,
ArranqueDesde25_0_CHasta50_0_C,Saturación con AW,73,72,42.47328673,
ArranqueDesde25_0_CHasta50_0_C,Saturación con AW,74,73,42.68484258,
ArranqueDesde25_0_CHasta50_0_C,Saturación con AW,75,74,42.89102501,
ArranqueDesde25_0_CHasta50_0_C,Saturación con AW,76,75,43.0919331,
ArranqueDesde25_0_CHasta50_0_C,Saturación con AW,77,76,43.2876659,
ArranqueDesde25_0_CHasta50_0_C,Saturación con AW,78,77,43.47832248,
ArranqueDesde25_0_CHasta50_0_C,Saturación con AW,79,78,43.66400191,
ArranqueDesde25_0_CHasta50_0_C,Saturación con AW,80,79,43.84480327,
ArranqueDesde25_0_CHasta50_0_C,Saturación con AW,81,80,44.02082564,
ArranqueDesde25_0_CHasta50_0_C,Saturación con AW,82,81,44.1921681,
ArranqueDesde25_0_CHasta50_0_C,Saturación con AW,83,82,44.35892976,
ArranqueDesde25_0_CHasta50_0_C,Saturación con AW,84,83,44.52120969,
ArranqueDesde25_0_CHasta50_0_C,Saturación con AW,85,84,44.67910701,
ArranqueDesde25_0_CHasta50_0_C,Saturación con AW,86,85,44.83272082,
ArranqueDesde25_0_CHasta50_0_C,Saturación con AW,87,86,44.98215023,
ArranqueDesde25_0_CHasta50_0_C,Saturación con AW,88,87,45.12749435,
ArranqueDesde25_0_CHasta50_0_C,Saturación con AW,89,88,45.26885074,
ArranqueDesde25_0_CHasta50_0_C,Saturación con AW,90,89,45.40631537,
ArranqueDesde25_0_CHasta50_0_C,Saturación con AW,91,90,45.53998266,
ArranqueDesde25_0_CHasta50_0_C,Saturación con AW,92,91,45.66994546,
ArranqueDesde25_0_CHasta50_0_C,Saturación con AW,93,92,45.79629506,
ArranqueDesde25_0_CHasta50_0_C,Saturación con AW,94,93,45.91912118,
ArranqueDesde25_0_CHasta50_0_C,Saturación con AW,95,94,46.03851195,
ArranqueDesde25_0_CHasta50_0_C,Saturación con AW,96,95,46.15455399,
ArranqueDesde25_0_CHasta50_0_C,Saturación con AW,97,96,46.26733229,
ArranqueDesde25_0_CHasta50_0_C,Saturación con AW,98,97,46.37693031,
ArranqueDesde25_0_CHasta50_0_C,Saturación con AW,99,98,46.48342993,
ArranqueDesde25_0_CHasta50_0_C,Saturación con AW,100,99,46.58691148,
ArranqueDesde25_0_CHasta50_0_C,Saturación con AW,101,100,46.68745371,
ArranqueDesde25_0_CHasta50_0_C,Saturación con AW,102,101,46.78513379,
ArranqueDesde25_0_CHasta50_0_C,Saturación con AW,103,102,46.88002735,
ArranqueDesde25_0_CHasta50_0_C,Saturación con AW,104,103,46.97220843,
ArranqueDesde25_0_CHasta50_0_C,Saturación con AW,105,104,47.06174952,
ArranqueDesde25_0_CHasta50_0_C,Saturación con AW,106,105,47.14872152,
ArranqueDesde25_0_CHasta50_0_C,Saturación con AW,107,106,47.23319379,
ArranqueDesde25_0_CHasta50_0_C,Saturación con AW,108,107,47.3152341,
ArranqueDesde25_0_CHasta50_0_C,Saturación con AW,109,108,47.39490866,
ArranqueDesde25_0_CHasta50_0_C,Saturación con AW,110,109,47.47228213,
ArranqueDesde25_0_CHasta50_0_C,Saturación con AW,111,110,47.54741758,
ArranqueDesde25_0_CHasta50_0_C,Saturación con AW,112,111,47.62037661,
ArranqueDesde25_0_CHasta50_0_C,Saturación con AW,113,112,47.69121931,
ArranqueDesde25_0_CHasta50_0_C,Saturación con AW,114,113,47.76000428,
ArranqueDesde25_0_CHasta50_0_C,Saturación con AW,115,114,47.82678871,
ArranqueDesde25_0_CHasta50_0_C,Saturación con AW,116,115,47.89162835,
ArranqueDesde25_0_CHasta50_0_C,Saturación con AW,117,116,47.95457756,
ArranqueDesde25_0_CHasta50_0_C,Saturación con AW,118,117,48.01568932,
ArranqueDesde25_0_CHasta50_0_C,Saturación con AW,119,118,48.07501529,
ArranqueDesde25_0_CHasta50_0_C,Saturación con AW,120,119,48.13260579,
ArranqueDesde25_0_CHasta50_0_C,Saturación con AW,121,120,48.18850985,
ArranqueDesde25_0_CHasta50_0_C,Saturación con AW,122,121,48.24277522,
ArranqueDesde25_0_CHasta50_0_C,Saturación con AW,123,122,48.29544843,
ArranqueDesde25_0_CHasta50_0_C,Saturación con AW,124,123,48.34657475,
ArranqueDesde25_0_CHasta50_0_C,Saturación con AW,125,124,48.39619829,
ArranqueDesde25_0_CHasta50_0_C,Saturación con AW,126,125,48.44436196,
ArranqueDesde25_0_CHasta50_0_C,Saturación con AW,127,126,48.49110756,
ArranqueDesde25_0_CHasta50_0_C,Saturación con AW,128,127,48.53647572,
ArranqueDesde25_0_CHasta50_0_C,Saturación con AW,129,128,48.58050601,
ArranqueDesde25_0_CHasta50_0_C,Saturación con AW,130,129,48.62323691,
ArranqueDesde25_0_CHasta50_0_C,Saturación con AW,131,130,48.66470586,
ArranqueDesde25_0_CHasta50_0_C,Saturación con AW,132,131,48.70494928,
ArranqueDesde25_0_CHasta50_0_C,Saturación con AW,133,132,48.74400257,
ArranqueDesde25_0_CHasta50_0_C,Saturación con AW,134,133,48.7819002,
ArranqueDesde25_0_CHasta50_0_C,Saturación con AW,135,134,48.81867563,
ArranqueDesde25_0_CHasta50_0_C,Saturación con AW,136,135,48.85436145,
ArranqueDesde25_0_CHasta50_0_C,Saturación con AW,137,136,48.8889893,
ArranqueDesde25_0_CHasta50_0_C,Saturación con AW,138,137,48.92258997,
ArranqueDesde25_0_CHasta50_0_C,Saturación con AW,139,138,48.95519337,
ArranqueDesde25_0_CHasta50_0_C,Saturación con AW,140,139,48.98682858,
ArranqueDesde25_0_CHasta50_0_C,Saturación con AW,141,140,49.01752387,
ArranqueDesde25_0_CHasta50_0_C,Saturación con AW,142,141,49.04730669,
ArranqueDesde25_0_CHasta50_0_C,Saturación con AW,143,142,49.07620374,
ArranqueDesde25_0_CHasta50_0_C,Saturación con AW,144,143,49.10424095,
ArranqueDesde25_0_CHasta50_0_C,Saturación con AW,145,144,49.13144352,
ArranqueDesde25_0_CHasta50_0_C,Saturación con AW,146,145,49.15783593,
ArranqueDesde25_0_CHasta50_0_C,Saturación con AW,147,146,49.18344197,
ArranqueDesde25_0_CHasta50_0_C,Saturación con AW,148,147,49.20828473,
ArranqueDesde25_0_CHasta50_0_C,Saturación con AW,149,148,49.23238667,
ArranqueDesde25_0_CHasta50_0_C,Saturación con AW,150,149,49.25576958,
ArranqueDesde25_0_CHasta50_0_C,Saturación con AW,151,150,49.27845463,
ArranqueDesde25_0_CHasta50_0_C,Saturación con AW,152,151,49.3004624,
ArranqueDesde25_0_CHasta50_0_C,Saturación con AW,153,152,49.32181285,
ArranqueDesde25_0_CHasta50_0_C,Saturación con AW,154,153,49.34252539,
ArranqueDesde25_0_CHasta50_0_C,Saturación con AW,155,154,49.36261884,
ArranqueDesde25_0_CHasta50_0_C,Saturación con AW,156,155,49.3821115,
ArranqueDesde25_0_CHasta50_0_C,Saturación con AW,157,156,49.40102113,
ArranqueDesde25_0_CHasta50_0_C,Saturación con AW,158,157,49.41936498,
ArranqueDesde25_0_CHasta50_0_C,Saturación con AW,159,158,49.43715979,
ArranqueDesde25_0_CHasta50_0_C,Saturación con AW,160,159,49.45442183,
ArranqueDesde25_0_CHasta50_0_C,Saturación con AW,161,160,49.47116686,
ArranqueDesde25_0_CHasta50_0_C,Saturación con AW,162,161,49.48741023,
ArranqueDesde25_0_CHasta50_0_C,Saturación con AW,163,162,49.50316681,
ArranqueDesde25_0_CHasta50_0_C,Saturación con AW,164,163,49.51845104,
ArranqueDesde25_0_CHasta50_0_C,Saturación con AW,165,164,49.53327694,
ArranqueDesde25_0_CHasta50_0_C,Saturación con AW,166,165,49.54765812,
ArranqueDesde25_0_CHasta50_0_C,Saturación con AW,167,166,49.5616078,
ArranqueDesde25_0_CHasta50_0_C,Saturación con AW,168,167,49.57513879,
ArranqueDesde25_0_CHasta50_0_C,Saturación con AW,169,168,49.58826355,
ArranqueDesde25_0_CHasta50_0_C,Saturación con AW,170,169,49.60099416,
ArranqueDesde25_0_CHasta50_0_C,Saturación con AW,171,170,49.61334235,
ArranqueDesde25_0_CHasta50_0_C,Saturación con AW,172,171,49.62531949,
ArranqueDesde25_0_CHasta50_0_C,Saturación con AW,173,172,49.63693664,
ArranqueDesde25_0_CHasta50_0_C,Saturación con AW,174,173,49.64820452,
ArranqueDesde25_0_CHasta50_0_C,Saturación con AW,175,174,49.65913353,
ArranqueDesde25_0_CHasta50_0_C,Saturación con AW,176,175,49.66973377,
ArranqueDesde25_0_CHasta50_0_C,Saturación con AW,177,176,49.68001504,
ArranqueDesde25_0_CHasta50_0_C,Saturación con AW,178,177,49.68998686,
ArranqueDesde25_0_CHasta50_0_C,Saturación con AW,179,178,49.69965845,
ArranqueDesde25_0_CHasta50_0_C,Saturación con AW,180,179,49.70903877,
ArranqueDesde25_0_CHasta50_0_C,Saturación con AW,181,180,49.71813652,
ArranqueDesde25_0_CHasta50_0_C,Saturación con AW,182,181,49.72696012,
ArranqueDesde25_0_CHasta50_0_C,Saturación con AW,183,182,49.73551777,
ArranqueDesde25_0_CHasta50_0_C,Saturación con AW,184,183,49.74381741,
ArranqueDesde25_0_CHasta50_0_C,Saturación con AW,185,184,49.75186674,
ArranqueDesde25_0_CHasta50_0_C,Saturación con AW,186,185,49.75967324,
ArranqueDesde25_0_CHasta50_0_C,Saturación con AW,187,186,49.76724418,
ArranqueDesde25_0_CHasta50_0_C,Saturación con AW,188,187,49.77458659,
ArranqueDesde25_0_CHasta50_0_C,Saturación con AW,189,188,49.7817073,
ArranqueDesde25_0_CHasta50_0_C,Saturación con AW,190,189,49.78861295,
ArranqueDesde25_0_CHasta50_0_C,Saturación con AW,191,190,49.79530996,
ArranqueDesde25_0_CHasta50_0_C,Saturación con AW,192,191,49.80180459,
ArranqueDesde25_0_CHasta50_0_C,Saturación con AW,193,192,49.80810288,
ArranqueDesde25_0_CHasta50_0_C,Saturación con AW,194,193,49.8142107,
ArranqueDesde25_0_CHasta50_0_C,Saturación con AW,195,194,49.82013377,
ArranqueDesde25_0_CHasta50_0_C,Saturación con AW,196,195,49.82587761,
ArranqueDesde25_0_CHasta50_0_C,Saturación con AW,197,196,49.8314476,
ArranqueDesde25_0_CHasta50_0_C,Saturación con AW,198,197,49.83684892,
ArranqueDesde25_0_CHasta50_0_C,Saturación con AW,199,198,49.84208665,
ArranqueDesde25_0_CHasta50_0_C,Saturación con AW,200,199,49.84716567,
ArranqueDesde25_0_CHasta50_0_C,Saturación con AW,201,200,49.85209075,
ArranqueDesde25_0_CHasta50_0_C,Saturación con AW,202,201,49.8568665,
ArranqueDesde25_0_CHasta50_0_C,Saturación con AW,203,202,49.86149738,
ArranqueDesde25_0_CHasta50_0_C,Saturación con AW,204,203,49.86598776,
ArranqueDesde25_0_CHasta50_0_C,Saturación con AW,205,204,49.87034183,
ArranqueDesde25_0_CHasta50_0_C,Saturación con AW,206,205,49.87456369,
ArranqueDesde25_0_CHasta50_0_C,Saturación con AW,207,206,49.8786573,
ArranqueDesde25_0_CHasta50_0_C,Saturación con AW,208,207,49.8826265,
ArranqueDesde25_0_CHasta50_0_C,Saturación con AW,209,208,49.88647504,
ArranqueDesde25_0_CHasta50_0_C,Saturación con AW,210,209,49.89020652,
ArranqueDesde25_0_CHasta50_0_C,Saturación con AW,211,210,49.89382447,
ArranqueDesde25_0_CHasta50_0_C,Saturación con AW,212,211,49.89733229,
ArranqueDesde25_0_CHasta50_0_C,Saturación con AW,213,212,49.90073328,
ArranqueDesde25_0_CHasta50_0_C,Saturación con AW,214,213,49.90403065,
ArranqueDesde25_0_CHasta50_0_C,Saturación con AW,215,214,49.90722752,
ArranqueDesde25_0_CHasta50_0_C,Saturación con AW,216,215,49.9103269,
ArranqueDesde25_0_CHasta50_0_C,Saturación con AW,217,216,49.91333171,
ArranqueDesde25_0_CHasta50_0_C,Saturación con AW,218,217,49.91624481,
ArranqueDesde25_0_CHasta50_0_C,Saturación con AW,219,218,49.91906894,
ArranqueDesde25_0_CHasta50_0_C,Saturación con AW,220,219,49.92180678,
ArranqueDesde25_0_CHasta50_0_C,Saturación con AW,221,220,49.92446091,
ArranqueDesde25_0_CHasta50_0_C,Saturación con AW,222,221,49.92703387,
ArranqueDesde25_0_CHasta50_0_C,Saturación con AW,223,222,49.92952807,
ArranqueDesde25_0_CHasta50_0_C,Saturación con AW,224,223,49.93194591,
ArranqueDesde25_0_CHasta50_0_C,Saturación con AW,225,224,49.93428966,
ArranqueDesde25_0_CHasta50_0_C,Saturación con AW,226,225,49.93656155,
ArranqueDesde25_0_CHasta50_0_C,Saturación con AW,227,226,49.93876376,
ArranqueDesde25_0_CHasta50_0_C,Saturación con AW,228,227,49.94089837,
ArranqueDesde25_0_CHasta50_0_C,Saturación con AW,229,228,49.94296741,
ArranqueDesde25_0_CHasta50_0_C,Saturación con AW,230,229,49.94497287,
ArranqueDesde25_0_CHasta50_0_C,Saturación con AW,231,230,49.94691664,
ArranqueDesde25_0_CHasta50_0_C,Saturación con AW,232,231,49.9488006,
ArranqueDesde25_0_CHasta50_0_C,Saturación con AW,233,232,49.95062654,
ArranqueDesde25_0_CHasta50_0_C,Saturación con AW,234,233,49.9523962,
ArranqueDesde25_0_CHasta50_0_C,Saturación con AW,235,234,49.95411128,
ArranqueDesde25_0_CHasta50_0_C,Saturación con AW,236,235,49.95577343,
ArranqueDesde25_0_CHasta50_0_C,Saturación con AW,237,236,49.95738424,
ArranqueDesde25_0_CHasta50_0_C,Saturación con AW,238,237,49.95894525,
ArranqueDesde25_0_CHasta50_0_C,Saturación con AW,239,238,49.96045796,
ArranqueDesde25_0_CHasta50_0_C,Saturación con AW,240,239,49.96192384,
ArranqueDesde25_0_CHasta50_0_C,Saturación con AW,241,240,49.96334429,
ArranqueDesde25_0_CHasta50_0_C,Saturación con AW,242,241,49.96472068,
ArranqueDesde25_0_CHasta50_0_C,Saturación con AW,243,242,49.96605434,
ArranqueDesde25_0_CHasta50_0_C,Saturación con AW,244,243,49.96734656,
ArranqueDesde25_0_CHasta50_0_C,Saturación con AW,245,244,49.96859858,
ArranqueDesde25_0_CHasta50_0_C,Saturación con AW,246,245,49.96981162,
ArranqueDesde25_0_CHasta50_0_C,Saturación con AW,247,246,49.97098686,
ArranqueDesde25_0_CHasta50_0_C,Saturación con AW,248,247,49.97212544,
ArranqueDesde25_0_CHasta50_0_C,Saturación con AW,249,248,49.97322846,
ArranqueDesde25_0_CHasta50_0_C,Saturación con AW,250,249,49.974297,
ArranqueDesde25_0_CHasta50_0_C,Saturación con AW,251,250,49.97533209,
ArranqueDesde25_0_CHasta50_0_C,Saturación con AW,252,251,49.97633475,
ArranqueDesde25_0_CHasta50_0_C,Saturación con AW,253,252,49.97730596,
ArranqueDesde25_0_CHasta50_0_C,Saturación con AW,254,253,49.97824667,
ArranqueDesde25_0_CHasta50_0_C,Saturación con AW,255,254,49.97915779,
ArranqueDesde25_0_CHasta50_0_C,Saturación con AW,256,255,49.98004023,
ArranqueDesde25_0_CHasta50_0_C,Saturación con AW,257,256,49.98089484,
ArranqueDesde25_0_CHasta50_0_C,Saturación con AW,258,257,49.98172248,
ArranqueDesde25_0_CHasta50_0_C,Saturación con AW,259,258,49.98252396,
ArranqueDesde25_0_CHasta50_0_C,Saturación con AW,260,259,49.98330006,
ArranqueDesde25_0_CHasta50_0_C,Saturación con AW,261,260,49.98405156,
ArranqueDesde25_0_CHasta50_0_C,Saturación con AW,262,261,49.9847792,
ArranqueDesde25_0_CHasta50_0_C,Saturación con AW,263,262,49.98548371,
ArranqueDesde25_0_CHasta50_0_C,Saturación con AW,264,263,49.98616577,
ArranqueDesde25_0_CHasta50_0_C,Saturación con AW,265,264,49.98682609,
ArranqueDesde25_0_CHasta50_0_C,Saturación con AW,266,265,49.9874653,
ArranqueDesde25_0_CHasta50_0_C,Saturación con AW,267,266,49.98808406,
ArranqueDesde25_0_CHasta50_0_C,Saturación con AW,268,267,49.98868297,
ArranqueDesde25_0_CHasta50_0_C,Saturación con AW,269,268,49.98926266,
ArranqueDesde25_0_CHasta50_0_C,Saturación con AW,270,269,49.98982368,
ArranqueDesde25_0_CHasta50_0_C,Saturación con AW,271,270,49.99036663,
ArranqueDesde25_0_CHasta50_0_C,Saturación con AW,272,271,49.99089203,
ArranqueDesde25_0_CHasta50_0_C,Saturación con AW,273,272,49.99140043,
ArranqueDesde25_0_CHasta50_0_C,Saturación con AW,274,273,49.99189234,
ArranqueDesde25_0_CHasta50_0_C,Saturación con AW,275,274,49.99236826,
ArranqueDesde25_0_CHasta50_0_C,Saturación con AW,276,275,49.99282868,
ArranqueDesde25_0_CHasta50_0_C,Saturación con AW,277,276,49.99327407,
ArranqueDesde25_0_CHasta50_0_C,Saturación con AW,278,277,49.99370489,
ArranqueDesde25_0_CHasta50_0_C,Saturación con AW,279,278,49.99412157,
ArranqueDesde25_0_CHasta50_0_C,Saturación con AW,280,279,49.99452456,
ArranqueDesde25_0_CHasta50_0_C,Saturación con AW,281,280,49.99491426,
ArranqueDesde25_0_CHasta50_0_C,Saturación con AW,282,281,49.99529108,
ArranqueDesde25_0_CHasta50_0_C,Saturación con AW,283,282,49.99565542,
ArranqueDesde25_0_CHasta50_0_C,Saturación con AW,284,283,49.99600765,
ArranqueDesde25_0_CHasta50_0_C,Saturación con AW,285,284,49.99634815,
ArranqueDesde25_0_CHasta50_0_C,Saturación con AW,286,285,49.99667727,
ArranqueDesde25_0_CHasta50_0_C,Saturación con AW,287,286,49.99699536,
ArranqueDesde25_0_CHasta50_0_C,Saturación con AW,288,287,49.99730275,
ArranqueDesde25_0_CHasta50_0_C,Saturación con AW,289,288,49.99759978,
ArranqueDesde25_0_CHasta50_0_C,Saturación con AW,290,289,49.99788676,
ArranqueDesde25_0_CHasta50_0_C,Saturación con AW,291,290,49.99816399,
ArranqueDesde25_0_CHasta50_0_C,Saturación con AW,292,291,49.99843178,
ArranqueDesde25_0_CHasta50_0_C,Saturación con AW,293,292,49.99869042,
ArranqueDesde25_0_CHasta50_0_C,Saturación con AW,294,293,49.99894018,
ArranqueDesde25_0_CHasta50_0_C,Saturación con AW,295,294,49.99918134,
ArranqueDesde25_0_CHasta50_0_C,Saturación con AW,296,295,49.99941415,
ArranqueDesde25_0_CHasta50_0_C,Saturación con AW,297,296,49.99963889,
ArranqueDesde25_0_CHasta50_0_C,Saturación con AW,298,297,49.99985579,
ArranqueDesde25_0_CHasta50_0_C,Saturación con AW,299,298,50.0000651,
ArranqueDesde25_0_CHasta50_0_C,Saturación con AW,300,299,50.00026704,
ArranqueDesde25_0_CHasta50_0_C,Saturación con AW,301,300,50.00046186,
ArranqueDesde25_0_CHasta50_0_C,Saturación con AW,302,301,50.00064975,
ArranqueDesde25_0_CHasta50_0_C,Saturación con AW,303,302,50.00083095,
ArranqueDesde25_0_CHasta50_0_C,Saturación con AW,304,303,50.00100565,
ArranqueDesde25_0_CHasta50_0_C,Saturación con AW,305,304,50.00117406,
ArranqueDesde25_0_CHasta50_0_C,Saturación con AW,306,305,50.00133636,
ArranqueDesde25_0_CHasta50_0_C,Saturación con AW,307,306,50.00149276,
ArranqueDesde25_0_CHasta50_0_C,Saturación con AW,308,307,50.00164342,
ArranqueDesde25_0_CHasta50_0_C,Saturación con AW,309,308,50.00178854,
ArranqueDesde25_0_CHasta50_0_C,Saturación con AW,310,309,50.00192827,
ArranqueDesde25_0_CHasta50_0_C,Saturación con AW,311,310,50.00206279,
ArranqueDesde25_0_CHasta50_0_C,Saturación con AW,312,311,50.00219226,
ArranqueDesde25_0_CHasta50_0_C,Saturación con AW,313,312,50.00231684,
ArranqueDesde25_0_CHasta50_0_C,Saturación con AW,314,313,50.00243667,
ArranqueDesde25_0_CHasta50_0_C,Saturación con AW,315,314,50.00255191,
ArranqueDesde25_0_CHasta50_0_C,Saturación con AW,316,315,50.0026627,
ArranqueDesde25_0_CHasta50_0_C,Saturación con AW,317,316,50.00276917,
ArranqueDesde25_0_CHasta50_0_C,Saturación con AW,318,317,50.00287147,
ArranqueDesde25_0_CHasta50_0_C,Saturación con AW,319,318,50.00296971,
ArranqueDesde25_0_CHasta50_0_C,Saturación con AW,320,319,50.00306404,
ArranqueDesde25_0_CHasta50_0_C,Saturación con AW,321,320,50.00315457,
ArranqueDesde25_0_CHasta50_0_C,Saturación con AW,322,321,50.00324142,
ArranqueDesde25_0_CHasta50_0_C,Saturación con AW,323,322,50.0033247,
ArranqueDesde25_0_CHasta50_0_C,Saturación con AW,324,323,50.00340454,
ArranqueDesde25_0_CHasta50_0_C,Saturación con AW,325,324,50.00348102,
ArranqueDesde25_0_CHasta50_0_C,Saturación con AW,326,325,50.00355428,
ArranqueDesde25_0_CHasta50_0_C,Saturación con AW,327,326,50.00362439,
ArranqueDesde25_0_CHasta50_0_C,Saturación con AW,328,327,50.00369147,
ArranqueDesde25_0_CHasta50_0_C,Saturación con AW,329,328,50.0037556,
ArranqueDesde25_0_CHasta50_0_C,Saturación con AW,330,329,50.00381689,
ArranqueDesde25_0_CHasta50_0_C,Saturación con AW,331,330,50.00387542,
ArranqueDesde25_0_CHasta50_0_C,Saturación con AW,332,331,50.00393128,
ArranqueDesde25_0_CHasta50_0_C,Saturación con AW,333,332,50.00398456,
ArranqueDesde25_0_CHasta50_0_C,Saturación con AW,334,333,50.00403533,
ArranqueDesde25_0_CHasta50_0_C,Saturación con AW,335,334,50.00408368,
ArranqueDesde25_0_CHasta50_0_C,Saturación con AW,336,335,50.00412969,
ArranqueDesde25_0_CHasta50_0_C,Saturación con AW,337,336,50.00417342,
ArranqueDesde25_0_CHasta50_0_C,Saturación con AW,338,337,50.00421496,
ArranqueDesde25_0_CHasta50_0_C,Saturación con AW,339,338,50.00425436,
ArranqueDesde25_0_CHasta50_0_C,Saturación con AW,340,339,50.00429171,
ArranqueDesde25_0_CHasta50_0_C,Saturación con AW,341,340,50.00432707,
ArranqueDesde25_0_CHasta50_0_C,Saturación con AW,342,341,50.0043605,
ArranqueDesde25_0_CHasta50_0_C,Saturación con AW,343,342,50.00439207,
ArranqueDesde25_0_CHasta50_0_C,Saturación con AW,344,343,50.00442182,
ArranqueDesde25_0_CHasta50_0_C,Saturación con AW,345,344,50.00444984,
ArranqueDesde25_0_CHasta50_0_C,Saturación con AW,346,345,50.00447616,
ArranqueDesde25_0_CHasta50_0_C,Saturación con AW,347,346,50.00450085,
ArranqueDesde25_0_CHasta50_0_C,Saturación con AW,348,347,50.00452396,
ArranqueDesde25_0_CHasta50_0_C,Saturación con AW,349,348,50.00454554,
ArranqueDesde25_0_CHasta50_0_C,Saturación con AW,350,349,50.00456564,
ArranqueDesde25_0_CHasta50_0_C,Saturación con AW,351,350,50.00458431,
ArranqueDesde25_0_CHasta50_0_C,Saturación con AW,352,351,50.00460159,
ArranqueDesde25_0_CHasta50_0_C,Saturación con AW,353,352,50.00461754,
ArranqueDesde25_0_CHasta50_0_C,Saturación con AW,354,353,50.0046322,
ArranqueDesde25_0_CHasta50_0_C,Saturación con AW,355,354,50.00464561,
ArranqueDesde25_0_CHasta50_0_C,Saturación con AW,356,355,50.00465781,
ArranqueDesde25_0_CHasta50_0_C,Saturación con AW,357,356,50.00466885,
ArranqueDesde25_0_CHasta50_0_C,Saturación con AW,358,357,50.00467875,
ArranqueDesde25_0_CHasta50_0_C,Saturación con AW,359,358,50.00468757,
ArranqueDesde25_0_CHasta50_0_C,Saturación con AW,360,359,50.00469533,
ArranqueDesde25_0_CHasta50_0_C,Saturación con AW,361,360,50.00470208,
ArranqueDesde25_0_CHasta50_0_C,Saturación con AW,362,361,50.00470784,
ArranqueDesde25_0_CHasta50_0_C,Saturación con AW,363,362,50.00471265,
ArranqueDesde25_0_CHasta50_0_C,Saturación con AW,364,363,50.00471655,
ArranqueDesde25_0_CHasta50_0_C,Saturación con AW,365,364,50.00471956,
ArranqueDesde25_0_CHasta50_0_C,Saturación con AW,366,365,50.00472172,
ArranqueDesde25_0_CHasta50_0_C,Saturación con AW,367,366,50.00472305,
ArranqueDesde25_0_CHasta50_0_C,Saturación con AW,368,367,50.00472359,
ArranqueDesde25_0_CHasta50_0_C,Saturación con AW,369,368,50.00472336,
ArranqueDesde25_0_CHasta50_0_C,Saturación con AW,370,369,50.00472239,
ArranqueDesde25_0_CHasta50_0_C,Saturación con AW,371,370,50.0047207,
ArranqueDesde25_0_CHasta50_0_C,Saturación con AW,372,371,50.00471833,
ArranqueDesde25_0_CHasta50_0_C,Saturación con AW,373,372,50.00471529,
ArranqueDesde25_0_CHasta50_0_C,Saturación con AW,374,373,50.0047116,
ArranqueDesde25_0_CHasta50_0_C,Saturación con AW,375,374,50.0047073,
ArranqueDesde25_0_CHasta50_0_C,Saturación con AW,376,375,50.00470241,
ArranqueDesde25_0_CHasta50_0_C,Saturación con AW,377,376,50.00469694,
ArranqueDesde25_0_CHasta50_0_C,Saturación con AW,378,377,50.00469092,
ArranqueDesde25_0_CHasta50_0_C,Saturación con AW,379,378,50.00468436,
ArranqueDesde25_0_CHasta50_0_C,Saturación con AW,380,379,50.0046773,
ArranqueDesde25_0_CHasta50_0_C,Saturación con AW,381,380,50.00466973,
ArranqueDesde25_0_CHasta50_0_C,Saturación con AW,382,381,50.0046617,
ArranqueDesde25_0_CHasta50_0_C,Saturación con AW,383,382,50.00465321,
ArranqueDesde25_0_CHasta50_0_C,Saturación con AW,384,383,50.00464427,
ArranqueDesde25_0_CHasta50_0_C,Saturación con AW,385,384,50.00463492,
ArranqueDesde25_0_CHasta50_0_C,Saturación con AW,386,385,50.00462515,
ArranqueDesde25_0_CHasta50_0_C,Saturación con AW,387,386,50.004615,
ArranqueDesde25_0_CHasta50_0_C,Saturación con AW,388,387,50.00460447,
ArranqueDesde25_0_CHasta50_0_C,Saturación con AW,389,388,50.00459358,
ArranqueDesde25_0_CHasta50_0_C,Saturación con AW,390,389,50.00458235,
ArranqueDesde25_0_CHasta50_0_C,Saturación con AW,391,390,50.00457078,
ArranqueDesde25_0_CHasta50_0_C,Saturación con AW,392,391,50.0045589,
ArranqueDesde25_0_CHasta50_0_C,Saturación con AW,393,392,50.0045467,
ArranqueDesde25_0_CHasta50_0_C,Saturación con AW,394,393,50.00453422,
ArranqueDesde25_0_CHasta50_0_C,Saturación con AW,395,394,50.00452145,
ArranqueDesde25_0_CHasta50_0_C,Saturación con AW,396,395,50.00450842,
ArranqueDesde25_0_CHasta50_0_C,Saturación con AW,397,396,50.00449513,
ArranqueDesde25_0_CHasta50_0_C,Saturación con AW,398,397,50.00448159,
ArranqueDesde25_0_CHasta50_0_C,Saturación con AW,399,398,50.00446782,
ArranqueDesde25_0_CHasta50_0_C,Saturación con AW,400,399,50.00445382,
ArranqueDesde25_0_CHasta50_0_C,Saturación con AW,401,400,50.00443961,
ArranqueDesde25_0_CHasta50_0_C,Saturación con AW,402,401,50.00442519,
ArranqueDesde25_0_CHasta50_0_C,Saturación con AW,403,402,50.00441058,
ArranqueDesde25_0_CHasta50_0_C,Saturación con AW,404,403,50.00439578,
ArranqueDesde25_0_CHasta50_0_C,Saturación con AW,405,404,50.0043808,
ArranqueDesde25_0_CHasta50_0_C,Saturación con AW,406,405,50.00436565,
ArranqueDesde25_0_CHasta50_0_C,Saturación con AW,407,406,50.00435035,
ArranqueDesde25_0_CHasta50_0_C,Saturación con AW,408,407,50.00433489,
ArranqueDesde25_0_CHasta50_0_C,Saturación con AW,409,408,50.00431929,
ArranqueDesde25_0_CHasta50_0_C,Saturación con AW,410,409,50.00430355,
ArranqueDesde25_0_CHasta50_0_C,Saturación con AW,411,410,50.00428768,
ArranqueDesde25_0_CHasta50_0_C,Saturación con AW,412,411,50.00427168,
ArranqueDesde25_0_CHasta50_0_C,Saturación con AW,413,412,50.00425557,
ArranqueDesde25_0_CHasta50_0_C,Saturación con AW,414,413,50.00423936,
ArranqueDesde25_0_CHasta50_0_C,Saturación con AW,415,414,50.00422304,
ArranqueDesde25_0_CHasta50_0_C,Saturación con AW,416,415,50.00420662,
ArranqueDesde25_0_CHasta50_0_C,Saturación con AW,417,416,50.00419011,
ArranqueDesde25_0_CHasta50_0_C,Saturación con AW,418,417,50.00417352,
ArranqueDesde25_0_CHasta50_0_C,Saturación con AW,419,418,50.00415685,
ArranqueDesde25_0_CHasta50_0_C,Saturación con AW,420,419,50.0041401,
ArranqueDesde25_0_CHasta50_0_C,Saturación con AW,421,420,50.00412329,
ArranqueDesde25_0_CHasta50_0_C,Saturación con AW,422,421,50.00410641,
ArranqueDesde25_0_CHasta50_0_C,Saturación con AW,423,422,50.00408947,
ArranqueDesde25_0_CHasta50_0_C,Saturación con AW,424,423,50.00407248,
ArranqueDesde25_0_CHasta50_0_C,Saturación con AW,425,424,50.00405544,
ArranqueDesde25_0_CHasta50_0_C,Saturación con AW,426,425,50.00403836,
ArranqueDesde25_0_CHasta50_0_C,Saturación con AW,427,426,50.00402123,
ArranqueDesde25_0_CHasta50_0_C,Saturación con AW,428,427,50.00400407,
ArranqueDesde25_0_CHasta50_0_C,Saturación con AW,429,428,50.00398688,
ArranqueDesde25_0_CHasta50_0_C,Saturación con AW,430,429,50.00396966,
ArranqueDesde25_0_CHasta50_0_C,Saturación con AW,431,430,50.00395241,
ArranqueDesde25_0_CHasta50_0_C,Saturación con AW,432,431,50.00393514,
ArranqueDesde25_0_CHasta50_0_C,Saturación con AW,433,432,50.00391786,
ArranqueDesde25_0_CHasta50_0_C,Saturación con AW,434,433,50.00390056,
ArranqueDesde25_0_CHasta50_0_C,Saturación con AW,435,434,50.00388325,
ArranqueDesde25_0_CHasta50_0_C,Saturación con AW,436,435,50.00386593,
ArranqueDesde25_0_CHasta50_0_C,Saturación con AW,437,436,50.0038486,
ArranqueDesde25_0_CHasta50_0_C,Saturación con AW,438,437,50.00383128,
ArranqueDesde25_0_CHasta50_0_C,Saturación con AW,439,438,50.00381395,
ArranqueDesde25_0_CHasta50_0_C,Saturación con AW,440,439,50.00379663,
ArranqueDesde25_0_CHasta50_0_C,Saturación con AW,441,440,50.00377931,
ArranqueDesde25_0_CHasta50_0_C,Saturación con AW,442,441,50.00376201,
ArranqueDesde25_0_CHasta50_0_C,Saturación con AW,443,442,50.00374471,
ArranqueDesde25_0_CHasta50_0_C,Saturación con AW,444,443,50.00372743,
ArranqueDesde25_0_CHasta50_0_C,Saturación con AW,445,444,50.00371016,
ArranqueDesde25_0_CHasta50_0_C,Saturación con AW,446,445,50.00369292,
ArranqueDesde25_0_CHasta50_0_C,Saturación con AW,447,446,50.00367569,
ArranqueDesde25_0_CHasta50_0_C,Saturación con AW,448,447,50.00365848,
ArranqueDesde25_0_CHasta50_0_C,Saturación con AW,449,448,50.0036413,
ArranqueDesde25_0_CHasta50_0_C,Saturación con AW,450,449,50.00362414,
ArranqueDesde25_0_CHasta50_0_C,Saturación con AW,451,450,50.00360701,
ArranqueDesde25_0_CHasta50_0_C,Saturación con AW,452,451,50.00358991,
ArranqueDesde25_0_CHasta50_0_C,Saturación con AW,453,452,50.00357285,
ArranqueDesde25_0_CHasta50_0_C,Saturación con AW,454,453,50.00355581,
ArranqueDesde25_0_CHasta50_0_C,Saturación con AW,455,454,50.00353881,
ArranqueDesde25_0_CHasta50_0_C,Saturación con AW,456,455,50.00352184,
ArranqueDesde25_0_CHasta50_0_C,Saturación con AW,457,456,50.00350492,
ArranqueDesde25_0_CHasta50_0_C,Saturación con AW,458,457,50.00348803,
ArranqueDesde25_0_CHasta50_0_C,Saturación con AW,459,458,50.00347118,
ArranqueDesde25_0_CHasta50_0_C,Saturación con AW,460,459,50.00345437,
ArranqueDesde25_0_CHasta50_0_C,Saturación con AW,461,460,50.0034376,
ArranqueDesde25_0_CHasta50_0_C,Saturación con AW,462,461,50.00342088,
ArranqueDesde25_0_CHasta50_0_C,Saturación con AW,463,462,50.0034042,
ArranqueDesde25_0_CHasta50_0_C,Saturación con AW,464,463,50.00338757,
ArranqueDesde25_0_CHasta50_0_C,Saturación con AW,465,464,50.00337099,
ArranqueDesde25_0_CHasta50_0_C,Saturación con AW,466,465,50.00335445,
ArranqueDesde25_0_CHasta50_0_C,Saturación con AW,467,466,50.00333796,
ArranqueDesde25_0_CHasta50_0_C,Saturación con AW,468,467,50.00332152,
ArranqueDesde25_0_CHasta50_0_C,Saturación con AW,469,468,50.00330513,
ArranqueDesde25_0_CHasta50_0_C,Saturación con AW,470,469,50.0032888,
ArranqueDesde25_0_CHasta50_0_C,Saturación con AW,471,470,50.00327251,
ArranqueDesde25_0_CHasta50_0_C,Saturación con AW,472,471,50.00325628,
ArranqueDesde25_0_CHasta50_0_C,Saturación con AW,473,472,50.0032401,
ArranqueDesde25_0_CHasta50_0_C,Saturación con AW,474,473,50.00322398,
ArranqueDesde25_0_CHasta50_0_C,Saturación con AW,475,474,50.00320791,
ArranqueDesde25_0_CHasta50_0_C,Saturación con AW,476,475,50.0031919,
ArranqueDesde25_0_CHasta50_0_C,Saturación con AW,477,476,50.00317594,
ArranqueDesde25_0_CHasta50_0_C,Saturación con AW,478,477,50.00316004,
ArranqueDesde25_0_CHasta50_0_C,Saturación con AW,479,478,50.00314419,
ArranqueDesde25_0_CHasta50_0_C,Saturación con AW,480,479,50.00312841,
ArranqueDesde25_0_CHasta50_0_C,Saturación con AW,481,480,50.00311268,
ArranqueDesde25_0_CHasta50_0_C,Saturación con AW,482,481,50.00309701,
ArranqueDesde25_0_CHasta50_0_C,Saturación con AW,483,482,50.0030814,
ArranqueDesde25_0_CHasta50_0_C,Saturación con AW,484,483,50.00306585,
ArranqueDesde25_0_CHasta50_0_C,Saturación con AW,485,484,50.00305036,
ArranqueDesde25_0_CHasta50_0_C,Saturación con AW,486,485,50.00303493,
ArranqueDesde25_0_CHasta50_0_C,Saturación con AW,487,486,50.00301956,
ArranqueDesde25_0_CHasta50_0_C,Saturación con AW,488,487,50.00300425,
ArranqueDesde25_0_CHasta50_0_C,Saturación con AW,489,488,50.002989,
ArranqueDesde25_0_CHasta50_0_C,Saturación con AW,490,489,50.00297382,
ArranqueDesde25_0_CHasta50_0_C,Saturación con AW,491,490,50.00295869,
ArranqueDesde25_0_CHasta50_0_C,Saturación con AW,492,491,50.00294363,
ArranqueDesde25_0_CHasta50_0_C,Saturación con AW,493,492,50.00292863,
ArranqueDesde25_0_CHasta50_0_C,Saturación con AW,494,493,50.00291369,
ArranqueDesde25_0_CHasta50_0_C,Saturación con AW,495,494,50.00289881,
ArranqueDesde25_0_CHasta50_0_C,Saturación con AW,496,495,50.002884,
ArranqueDesde25_0_CHasta50_0_C,Saturación con AW,497,496,50.00286925,
ArranqueDesde25_0_CHasta50_0_C,Saturación con AW,498,497,50.00285456,
ArranqueDesde25_0_CHasta50_0_C,Saturación con AW,499,498,50.00283994,
ArranqueDesde25_0_CHasta50_0_C,Saturación con AW,500,499,50.00282538,
ArranqueDesde25_0_CHasta50_0_C,Saturación con AW,501,500,50.00281088,
ArranqueDesde25_0_CHasta50_0_C,Saturación con AW,502,501,50.00279645,
ArranqueDesde25_0_CHasta50_0_C,Saturación con AW,503,502,50.00278207,
ArranqueDesde25_0_CHasta50_0_C,Saturación con AW,504,503,50.00276777,
ArranqueDesde25_0_CHasta50_0_C,Saturación con AW,505,504,50.00275352,
ArranqueDesde25_0_CHasta50_0_C,Saturación con AW,506,505,50.00273934,
ArranqueDesde25_0_CHasta50_0_C,Saturación con AW,507,506,50.00272522,
ArranqueDesde25_0_CHasta50_0_C,Saturación con AW,508,507,50.00271117,
ArranqueDesde25_0_CHasta50_0_C,Saturación con AW,509,508,50.00269718,
ArranqueDesde25_0_CHasta50_0_C,Saturación con AW,510,509,50.00268325,
ArranqueDesde25_0_CHasta50_0_C,Saturación con AW,511,510,50.00266939,
ArranqueDesde25_0_CHasta50_0_C,Saturación con AW,512,511,50.00265559,
ArranqueDesde25_0_CHasta50_0_C,Saturación con AW,513,512,50.00264186,
ArranqueDesde25_0_CHasta50_0_C,Saturación con AW,514,513,50.00262818,
ArranqueDesde25_0_CHasta50_0_C,Saturación con AW,515,514,50.00261457,
ArranqueDesde25_0_CHasta50_0_C,Saturación con AW,516,515,50.00260103,
ArranqueDesde25_0_CHasta50_0_C,Saturación con AW,517,516,50.00258754,
ArranqueDesde25_0_CHasta50_0_C,Saturación con AW,518,517,50.00257412,
ArranqueDesde25_0_CHasta50_0_C,Saturación con AW,519,518,50.00256077,
ArranqueDesde25_0_CHasta50_0_C,Saturación con AW,520,519,50.00254747,
ArranqueDesde25_0_CHasta50_0_C,Saturación con AW,521,520,50.00253424,
ArranqueDesde25_0_CHasta50_0_C,Saturación con AW,522,521,50.00252107,
ArranqueDesde25_0_CHasta50_0_C,Saturación con AW,523,522,50.00250797,
ArranqueDesde25_0_CHasta50_0_C,Saturación con AW,524,523,50.00249493,
ArranqueDesde25_0_CHasta50_0_C,Saturación con AW,525,524,50.00248195,
ArranqueDesde25_0_CHasta50_0_C,Saturación con AW,526,525,50.00246903,
ArranqueDesde25_0_CHasta50_0_C,Saturación con AW,527,526,50.00245617,
ArranqueDesde25_0_CHasta50_0_C,Saturación con AW,528,527,50.00244338,
ArranqueDesde25_0_CHasta50_0_C,Saturación con AW,529,528,50.00243064,
ArranqueDesde25_0_CHasta50_0_C,Saturación con AW,530,529,50.00241797,
ArranqueDesde25_0_CHasta50_0_C,Saturación con AW,531,530,50.00240536,
ArranqueDesde25_0_CHasta50_0_C,Saturación con AW,532,531,50.00239281,
ArranqueDesde25_0_CHasta50_0_C,Saturación con AW,533,532,50.00238033,
ArranqueDesde25_0_CHasta50_0_C,Saturación con AW,534,533,50.0023679,
ArranqueDesde25_0_CHasta50_0_C,Saturación con AW,535,534,50.00235554,
ArranqueDesde25_0_CHasta50_0_C,Saturación con AW,536,535,50.00234323,
ArranqueDesde25_0_CHasta50_0_C,Saturación con AW,537,536,50.00233099,
ArranqueDesde25_0_CHasta50_0_C,Saturación con AW,538,537,50.0023188,
ArranqueDesde25_0_CHasta50_0_C,Saturación con AW,539,538,50.00230668,
ArranqueDesde25_0_CHasta50_0_C,Saturación con AW,540,539,50.00229462,
ArranqueDesde25_0_CHasta50_0_C,Saturación con AW,541,540,50.00228261,
ArranqueDesde25_0_CHasta50_0_C,Saturación con AW,542,541,50.00227067,
ArranqueDesde25_0_CHasta50_0_C,Saturación con AW,543,542,50.00225878,
ArranqueDesde25_0_CHasta50_0_C,Saturación con AW,544,543,50.00224696,
ArranqueDesde25_0_CHasta50_0_C,Saturación con AW,545,544,50.00223519,
ArranqueDesde25_0_CHasta50_0_C,Saturación con AW,546,545,50.00222348,
ArranqueDesde25_0_CHasta50_0_C,Saturación con AW,547,546,50.00221183,
ArranqueDesde25_0_CHasta50_0_C,Saturación con AW,548,547,50.00220024,
ArranqueDesde25_0_CHasta50_0_C,Saturación con AW,549,548,50.00218871,
ArranqueDesde25_0_CHasta50_0_C,Saturación con AW,550,549,50.00217723,
ArranqueDesde25_0_CHasta50_0_C,Saturación con AW,551,550,50.00216581,
ArranqueDesde25_0_CHasta50_0_C,Saturación con AW,552,551,50.00215445,
ArranqueDesde25_0_CHasta50_0_C,Saturación con AW,553,552,50.00214315,
ArranqueDesde25_0_CHasta50_0_C,Saturación con AW,554,553,50.0021319,
ArranqueDesde25_0_CHasta50_0_C,Saturación con AW,555,554,50.00212071,
ArranqueDesde25_0_CHasta50_0_C,Saturación con AW,556,555,50.00210958,
ArranqueDesde25_0_CHasta50_0_C,Saturación con AW,557,556,50.0020985,
ArranqueDesde25_0_CHasta50_0_C,Saturación con AW,558,557,50.00208748,
ArranqueDesde25_0_CHasta50_0_C,Saturación con AW,559,558,50.00207652,
ArranqueDesde25_0_CHasta50_0_C,Saturación con AW,560,559,50.00206561,
ArranqueDesde25_0_CHasta50_0_C,Saturación con AW,561,560,50.00205476,
ArranqueDesde25_0_CHasta50_0_C,Saturación con AW,562,561,50.00204396,
ArranqueDesde25_0_CHasta50_0_C,Saturación con AW,563,562,50.00203322,
ArranqueDesde25_0_CHasta50_0_C,Saturación con AW,564,563,50.00202253,
ArranqueDesde25_0_CHasta50_0_C,Saturación con AW,565,564,50.0020119,
ArranqueDesde25_0_CHasta50_0_C,Saturación con AW,566,565,50.00200132,
ArranqueDesde25_0_CHasta50_0_C,Saturación con AW,567,566,50.00199079,
ArranqueDesde25_0_CHasta50_0_C,Saturación con AW,568,567,50.00198032,
ArranqueDesde25_0_CHasta50_0_C,Saturación con AW,569,568,50.00196991,
ArranqueDesde25_0_CHasta50_0_C,Saturación con AW,570,569,50.00195954,
ArranqueDesde25_0_CHasta50_0_C,Saturación con AW,571,570,50.00194923,
ArranqueDesde25_0_CHasta50_0_C,Saturación con AW,572,571,50.00193897,
ArranqueDesde25_0_CHasta50_0_C,Saturación con AW,573,572,50.00192877,
ArranqueDesde25_0_CHasta50_0_C,Saturación con AW,574,573,50.00191862,
ArranqueDesde25_0_CHasta50_0_C,Saturación con AW,575,574,50.00190851,
ArranqueDesde25_0_CHasta50_0_C,Saturación con AW,576,575,50.00189847,
ArranqueDesde25_0_CHasta50_0_C,Saturación con AW,577,576,50.00188847,
ArranqueDesde25_0_CHasta50_0_C,Saturación con AW,578,577,50.00187853,
ArranqueDesde25_0_CHasta50_0_C,Saturación con AW,579,578,50.00186863,
ArranqueDesde25_0_CHasta50_0_C,Saturación con AW,580,579,50.00185879,
ArranqueDesde25_0_CHasta50_0_C,Saturación con AW,581,580,50.001849,
ArranqueDesde25_0_CHasta50_0_C,Saturación con AW,582,581,50.00183926,
ArranqueDesde25_0_CHasta50_0_C,Saturación con AW,583,582,50.00182957,
ArranqueDesde25_0_CHasta50_0_C,Saturación con AW,584,583,50.00181992,
ArranqueDesde25_0_CHasta50_0_C,Saturación con AW,585,584,50.00181033,
ArranqueDesde25_0_CHasta50_0_C,Saturación con AW,586,585,50.00180079,
ArranqueDesde25_0_CHasta50_0_C,Saturación con AW,587,586,50.0017913,
ArranqueDesde25_0_CHasta50_0_C,Saturación con AW,588,587,50.00178186,
ArranqueDesde25_0_CHasta50_0_C,Saturación con AW,589,588,50.00177247,
ArranqueDesde25_0_CHasta50_0_C,Saturación con AW,590,589,50.00176312,
ArranqueDesde25_0_CHasta50_0_C,Saturación con AW,591,590,50.00175383,
ArranqueDesde25_0_CHasta50_0_C,Saturación con AW,592,591,50.00174458,
ArranqueDesde25_0_CHasta50_0_C,Saturación con AW,593,592,50.00173538,
ArranqueDesde25_0_CHasta50_0_C,Saturación con AW,594,593,50.00172623,
ArranqueDesde25_0_CHasta50_0_C,Saturación con AW,595,594,50.00171712,
ArranqueDesde25_0_CHasta50_0_C,Saturación con AW,596,595,50.00170807,
ArranqueDesde25_0_CHasta50_0_C,Saturación con AW,597,596,50.00169906,
ArranqueDesde25_0_CHasta50_0_C,Saturación con AW,598,597,50.00169009,
ArranqueDesde25_0_CHasta50_0_C,Saturación con AW,599,598,50.00168118,
ArranqueDesde25_0_CHasta50_0_C,Saturación con AW,600,599,50.00167231,
ArranqueDesde25_0_CHasta50_0_C,Saturación con AW,601,600,50.00166348,
ArranqueDesde25_0_CHasta50_0_C,Saturación con AW,602,601,50.00165471,
ArranqueDesde25_0_CHasta50_0_C,Saturación con AW,603,602,50.00164598,
ArranqueDesde25_0_CHasta50_0_C,Saturación con AW,604,603,50.00163729,
ArranqueDesde25_0_CHasta50_0_C,Saturación con AW,605,604,50.00162865,
ArranqueDesde25_0_CHasta50_0_C,Saturación con AW,606,605,50.00162005,
ArranqueDesde25_0_CHasta50_0_C,Saturación con AW,607,606,50.0016115,
ArranqueDesde25_0_CHasta50_0_C,Saturación con AW,608,607,50.001603,
ArranqueDesde25_0_CHasta50_0_C,Saturación con AW,609,608,50.00159454,
ArranqueDesde25_0_CHasta50_0_C,Saturación con AW,610,609,50.00158612,
ArranqueDesde25_0_CHasta50_0_C,Saturación con AW,611,610,50.00157775,
ArranqueDesde25_0_CHasta50_0_C,Saturación con AW,612,611,50.00156942,
ArranqueDesde25_0_CHasta50_0_C,Saturación con AW,613,612,50.00156113,
ArranqueDesde25_0_CHasta50_0_C,Saturación con AW,614,613,50.00155289,
ArranqueDesde25_0_CHasta50_0_C,Saturación con AW,615,614,50.00154469,
ArranqueDesde25_0_CHasta50_0_C,Saturación con AW,616,615,50.00153653,
ArranqueDesde25_0_CHasta50_0_C,Saturación con AW,617,616,50.00152842,
ArranqueDesde25_0_CHasta50_0_C,Saturación con AW,618,617,50.00152035,
ArranqueDesde25_0_CHasta50_0_C,Saturación con AW,619,618,50.00151232,
ArranqueDesde25_0_CHasta50_0_C,Saturación con AW,620,619,50.00150434,
ArranqueDesde25_0_CHasta50_0_C,Saturación con AW,621,620,50.00149639,
ArranqueDesde25_0_CHasta50_0_C,Saturación con AW,622,621,50.00148849,
ArranqueDesde25_0_CHasta50_0_C,Saturación con AW,623,622,50.00148063,
ArranqueDesde25_0_CHasta50_0_C,Saturación con AW,624,623,50.00147281,
ArranqueDesde25_0_CHasta50_0_C,Saturación con AW,625,624,50.00146503,
ArranqueDesde25_0_CHasta50_0_C,Saturación con AW,626,625,50.00145729,
ArranqueDesde25_0_CHasta50_0_C,Saturación con AW,627,626,50.00144959,
ArranqueDesde25_0_CHasta50_0_C,Saturación con AW,628,627,50.00144193,
ArranqueDesde25_0_CHasta50_0_C,Saturación con AW,629,628,50.00143432,
ArranqueDesde25_0_CHasta50_0_C,Saturación con AW,630,629,50.00142674,
ArranqueDesde25_0_CHasta50_0_C,Saturación con AW,631,630,50.0014192,
ArranqueDesde25_0_CHasta50_0_C,Saturación con AW,632,631,50.00141171,
ArranqueDesde25_0_CHasta50_0_C,Saturación con AW,633,632,50.00140425,
ArranqueDesde25_0_CHasta50_0_C,Saturación con AW,634,633,50.00139683,
ArranqueDesde25_0_CHasta50_0_C,Saturación con AW,635,634,50.00138945,
ArranqueDesde25_0_CHasta50_0_C,Saturación con AW,636,635,50.00138211,
ArranqueDesde25_0_CHasta50_0_C,Saturación con AW,637,636,50.0013748,
ArranqueDesde25_0_CHasta50_0_C,Saturación con AW,638,637,50.00136754,
ArranqueDesde25_0_CHasta50_0_C,Saturación con AW,639,638,50.00136031,
ArranqueDesde25_0_CHasta50_0_C,Saturación con AW,640,639,50.00135313,
ArranqueDesde25_0_CHasta50_0_C,Saturación con AW,641,640,50.00134598,
ArranqueDesde25_0_CHasta50_0_C,Saturación con AW,642,641,50.00133886,
ArranqueDesde25_0_CHasta50_0_C,Saturación con AW,643,642,50.00133179,
ArranqueDesde25_0_CHasta50_0_C,Saturación con AW,644,643,50.00132475,
ArranqueDesde25_0_CHasta50_0_C,Saturación con AW,645,644,50.00131775,
ArranqueDesde25_0_CHasta50_0_C,Saturación con AW,646,645,50.00131079,
ArranqueDesde25_0_CHasta50_0_C,Saturación con AW,647,646,50.00130386,
ArranqueDesde25_0_CHasta50_0_C,Saturación con AW,648,647,50.00129697,
ArranqueDesde25_0_CHasta50_0_C,Saturación con AW,649,648,50.00129011,
ArranqueDesde25_0_CHasta50_0_C,Saturación con AW,650,649,50.0012833,
ArranqueDesde25_0_CHasta50_0_C,Saturación con AW,651,650,50.00127651,
ArranqueDesde25_0_CHasta50_0_C,Saturación con AW,652,651,50.00126977,
ArranqueDesde25_0_CHasta50_0_C,Saturación con AW,653,652,50.00126306,
ArranqueDesde25_0_CHasta50_0_C,Saturación con AW,654,653,50.00125638,
ArranqueDesde25_0_CHasta50_0_C,Saturación con AW,655,654,50.00124974,
ArranqueDesde25_0_CHasta50_0_C,Saturación con AW,656,655,50.00124313,
ArranqueDesde25_0_CHasta50_0_C,Saturación con AW,657,656,50.00123656,
ArranqueDesde25_0_CHasta50_0_C,Saturación con AW,658,657,50.00123003,
ArranqueDesde25_0_CHasta50_0_C,Saturación con AW,659,658,50.00122353,
ArranqueDesde25_0_CHasta50_0_C,Saturación con AW,660,659,50.00121706,
ArranqueDesde25_0_CHasta50_0_C,Saturación con AW,661,660,50.00121062,
ArranqueDesde25_0_CHasta50_0_C,Saturación con AW,662,661,50.00120423,
ArranqueDesde25_0_CHasta50_0_C,Saturación con AW,663,662,50.00119786,
ArranqueDesde25_0_CHasta50_0_C,Saturación con AW,664,663,50.00119153,
ArranqueDesde25_0_CHasta50_0_C,Saturación con AW,665,664,50.00118523,
ArranqueDesde25_0_CHasta50_0_C,Saturación con AW,666,665,50.00117896,
ArranqueDesde25_0_CHasta50_0_C,Saturación con AW,667,666,50.00117273,
ArranqueDesde25_0_CHasta50_0_C,Saturación con AW,668,667,50.00116653,
ArranqueDesde25_0_CHasta50_0_C,Saturación con AW,669,668,50.00116036,
ArranqueDesde25_0_CHasta50_0_C,Saturación con AW,670,669,50.00115423,
ArranqueDesde25_0_CHasta50_0_C,Saturación con AW,671,670,50.00114813,
ArranqueDesde25_0_CHasta50_0_C,Saturación con AW,672,671,50.00114206,
ArranqueDesde25_0_CHasta50_0_C,Saturación con AW,673,672,50.00113602,
ArranqueDesde25_0_CHasta50_0_C,Saturación con AW,674,673,50.00113002,
ArranqueDesde25_0_CHasta50_0_C,Saturación con AW,675,674,50.00112404,
ArranqueDesde25_0_CHasta50_0_C,Saturación con AW,676,675,50.0011181,
ArranqueDesde25_0_CHasta50_0_C,Saturación con AW,677,676,50.00111219,
ArranqueDesde25_0_CHasta50_0_C,Saturación con AW,678,677,50.00110631,
ArranqueDesde25_0_CHasta50_0_C,Saturación con AW,679,678,50.00110046,
ArranqueDesde25_0_CHasta50_0_C,Saturación con AW,680,679,50.00109464,
ArranqueDesde25_0_CHasta50_0_C,Saturación con AW,681,680,50.00108885,
ArranqueDesde25_0_CHasta50_0_C,Saturación con AW,682,681,50.0010831,
ArranqueDesde25_0_CHasta50_0_C,Saturación con AW,683,682,50.00107737,
ArranqueDesde25_0_CHasta50_0_C,Saturación con AW,684,683,50.00107167,
ArranqueDesde25_0_CHasta50_0_C,Saturación con AW,685,684,50.00106601,
ArranqueDesde25_0_CHasta50_0_C,Saturación con AW,686,685,50.00106037,
ArranqueDesde25_0_CHasta50_0_C,Saturación con AW,687,686,50.00105476,
ArranqueDesde25_0_CHasta50_0_C,Saturación con AW,688,687,50.00104919,
ArranqueDesde25_0_CHasta50_0_C,Saturación con AW,689,688,50.00104364,
ArranqueDesde25_0_CHasta50_0_C,Saturación con AW,690,689,50.00103812,
ArranqueDesde25_0_CHasta50_0_C,Saturación con AW,691,690,50.00103263,
ArranqueDesde25_0_CHasta50_0_C,Saturación con AW,692,691,50.00102717,
ArranqueDesde25_0_CHasta50_0_C,Saturación con AW,693,692,50.00102174,
ArranqueDesde25_0_CHasta50_0_C,Saturación con AW,694,693,50.00101634,
ArranqueDesde25_0_CHasta50_0_C,Saturación con AW,695,694,50.00101096,
ArranqueDesde25_0_CHasta50_0_C,Saturación con AW,696,695,50.00100562,
ArranqueDesde25_0_CHasta50_0_C,Saturación con AW,697,696,50.0010003,
ArranqueDesde25_0_CHasta50_0_C,Saturación con AW,698,697,50.00099501,
ArranqueDesde25_0_CHasta50_0_C,Saturación con AW,699,698,50.00098975,
ArranqueDesde25_0_CHasta50_0_C,Saturación con AW,700,699,50.00098452,
ArranqueDesde25_0_CHasta50_0_C,Saturación con AW,701,700,50.00097931,
ArranqueDesde25_0_CHasta50_0_C,Saturación con AW,702,701,50.00097413,
ArranqueDesde25_0_CHasta50_0_C,Saturación con AW,703,702,50.00096898,
ArranqueDesde25_0_CHasta50_0_C,Saturación con AW,704,703,50.00096386,
ArranqueDesde25_0_CHasta50_0_C,Saturación con AW,705,704,50.00095876,
ArranqueDesde25_0_CHasta50_0_C,Saturación con AW,706,705,50.00095369,
ArranqueDesde25_0_CHasta50_0_C,Saturación con AW,707,706,50.00094865,
ArranqueDesde25_0_CHasta50_0_C,Saturación con AW,708,707,50.00094363,
ArranqueDesde25_0_CHasta50_0_C,Saturación con AW,709,708,50.00093864,
ArranqueDesde25_0_CHasta50_0_C,Saturación con AW,710,709,50.00093368,
ArranqueDesde25_0_CHasta50_0_C,Saturación con AW,711,710,50.00092874,
ArranqueDesde25_0_CHasta50_0_C,Saturación con AW,712,711,50.00092383,
ArranqueDesde25_0_CHasta50_0_C,Saturación con AW,713,712,50.00091895,
ArranqueDesde25_0_CHasta50_0_C,Saturación con AW,714,713,50.00091409,
ArranqueDesde25_0_CHasta50_0_C,Saturación con AW,715,714,50.00090925,
ArranqueDesde25_0_CHasta50_0_C,Saturación con AW,716,715,50.00090444,
ArranqueDesde25_0_CHasta50_0_C,Saturación con AW,717,716,50.00089966,
ArranqueDesde25_0_CHasta50_0_C,Saturación con AW,718,717,50.0008949,
ArranqueDesde25_0_CHasta50_0_C,Saturación con AW,719,718,50.00089017,
ArranqueDesde25_0_CHasta50_0_C,Saturación con AW,720,719,50.00088546,
ArranqueDesde25_0_CHasta50_0_C,Saturación con AW,721,720,50.00088078,
ArranqueDesde25_0_CHasta50_0_C,Saturación con AW,722,721,50.00087612,
ArranqueDesde25_0_CHasta50_0_C,Saturación con AW,723,722,50.00087149,
ArranqueDesde25_0_CHasta50_0_C,Saturación con AW,724,723,50.00086688,
ArranqueDesde25_0_CHasta50_0_C,Saturación con AW,725,724,50.0008623,
ArranqueDesde25_0_CHasta50_0_C,Saturación con AW,726,725,50.00085774,
ArranqueDesde25_0_CHasta50_0_C,Saturación con AW,727,726,50.0008532,
ArranqueDesde25_0_CHasta50_0_C,Saturación con AW,728,727,50.00084869,
ArranqueDesde25_0_CHasta50_0_C,Saturación con AW,729,728,50.0008442,
ArranqueDesde25_0_CHasta50_0_C,Saturación con AW,730,729,50.00083974,
ArranqueDesde25_0_CHasta50_0_C,Saturación con AW,731,730,50.0008353,
ArranqueDesde25_0_CHasta50_0_C,Saturación con AW,732,731,50.00083088,
ArranqueDesde25_0_CHasta50_0_C,Saturación con AW,733,732,50.00082649,
ArranqueDesde25_0_CHasta50_0_C,Saturación con AW,734,733,50.00082212,
ArranqueDesde25_0_CHasta50_0_C,Saturación con AW,735,734,50.00081777,
ArranqueDesde25_0_CHasta50_0_C,Saturación con AW,736,735,50.00081344,
ArranqueDesde25_0_CHasta50_0_C,Saturación con AW,737,736,50.00080914,
ArranqueDesde25_0_CHasta50_0_C,Saturación con AW,738,737,50.00080486,
ArranqueDesde25_0_CHasta50_0_C,Saturación con AW,739,738,50.00080061,
ArranqueDesde25_0_CHasta50_0_C,Saturación con AW,740,739,50.00079637,
ArranqueDesde25_0_CHasta50_0_C,Saturación con AW,741,740,50.00079216,
ArranqueDesde25_0_CHasta50_0_C,Saturación con AW,742,741,50.00078797,
ArranqueDesde25_0_CHasta50_0_C,Saturación con AW,743,742,50.0007838,
ArranqueDesde25_0_CHasta50_0_C,Saturación con AW,744,743,50.00077966,
ArranqueDesde25_0_CHasta50_0_C,Saturación con AW,745,744,50.00077554,
ArranqueDesde25_0_CHasta50_0_C,Saturación con AW,746,745,50.00077143,
ArranqueDesde25_0_CHasta50_0_C,Saturación con AW,747,746,50.00076736,
ArranqueDesde25_0_CHasta50_0_C,Saturación con AW,748,747,50.0007633,
ArranqueDesde25_0_CHasta50_0_C,Saturación con AW,749,748,50.00075926,
ArranqueDesde25_0_CHasta50_0_C,Saturación con AW,750,749,50.00075525,
ArranqueDesde25_0_CHasta50_0_C,Saturación con AW,751,750,50.00075125,
ArranqueDesde25_0_CHasta50_0_C,Saturación con AW,752,751,50.00074728,
ArranqueDesde25_0_CHasta50_0_C,Saturación con AW,753,752,50.00074333,
ArranqueDesde25_0_CHasta50_0_C,Saturación con AW,754,753,50.00073939,
ArranqueDesde25_0_CHasta50_0_C,Saturación con AW,755,754,50.00073548,
ArranqueDesde25_0_CHasta50_0_C,Saturación con AW,756,755,50.0007316,
ArranqueDesde25_0_CHasta50_0_C,Saturación con AW,757,756,50.00072773,
ArranqueDesde25_0_CHasta50_0_C,Saturación con AW,758,757,50.00072388,
ArranqueDesde25_0_CHasta50_0_C,Saturación con AW,759,758,50.00072005,
ArranqueDesde25_0_CHasta50_0_C,Saturación con AW,760,759,50.00071624,
ArranqueDesde25_0_CHasta50_0_C,Saturación con AW,761,760,50.00071245,
ArranqueDesde25_0_CHasta50_0_C,Saturación con AW,762,761,50.00070869,
ArranqueDesde25_0_CHasta50_0_C,Saturación con AW,763,762,50.00070494,
ArranqueDesde25_0_CHasta50_0_C,Saturación con AW,764,763,50.00070121,
ArranqueDesde25_0_CHasta50_0_C,Saturación con AW,765,764,50.0006975,
ArranqueDesde25_0_CHasta50_0_C,Saturación con AW,766,765,50.00069381,
ArranqueDesde25_0_CHasta50_0_C,Saturación con AW,767,766,50.00069014,
ArranqueDesde25_0_CHasta50_0_C,Saturación con AW,768,767,50.00068649,
ArranqueDesde25_0_CHasta50_0_C,Saturación con AW,769,768,50.00068286,
ArranqueDesde25_0_CHasta50_0_C,Saturación con AW,770,769,50.00067925,
ArranqueDesde25_0_CHasta50_0_C,Saturación con AW,771,770,50.00067566,
ArranqueDesde25_0_CHasta50_0_C,Saturación con AW,772,771,50.00067209,
ArranqueDesde25_0_CHasta50_0_C,Saturación con AW,773,772,50.00066853,
ArranqueDesde25_0_CHasta50_0_C,Saturación con AW,774,773,50.000665,
ArranqueDesde25_0_CHasta50_0_C,Saturación con AW,775,774,50.00066148,
ArranqueDesde25_0_CHasta50_0_C,Saturación con AW,776,775,50.00065798,
ArranqueDesde25_0_CHasta50_0_C,Saturación con AW,777,776,50.0006545,
ArranqueDesde25_0_CHasta50_0_C,Saturación con AW,778,777,50.00065104,
ArranqueDesde25_0_CHasta50_0_C,Saturación con AW,779,778,50.0006476,
ArranqueDesde25_0_CHasta50_0_C,Saturación con AW,780,779,50.00064417,
ArranqueDesde25_0_CHasta50_0_C,Saturación con AW,781,780,50.00064076,
ArranqueDesde25_0_CHasta50_0_C,Saturación con AW,782,781,50.00063738,
ArranqueDesde25_0_CHasta50_0_C,Saturación con AW,783,782,50.00063401,
ArranqueDesde25_0_CHasta50_0_C,Saturación con AW,784,783,50.00063065,
ArranqueDesde25_0_CHasta50_0_C,Saturación con AW,785,784,50.00062732,
ArranqueDesde25_0_CHasta50_0_C,Saturación con AW,786,785,50.000624,
ArranqueDesde25_0_CHasta50_0_C,Saturación con AW,787,786,50.0006207,
ArranqueDesde25_0_CHasta50_0_C,Saturación con AW,788,787,50.00061742,
ArranqueDesde25_0_CHasta50_0_C,Saturación con AW,789,788,50.00061415,
ArranqueDesde25_0_CHasta50_0_C,Saturación con AW,790,789,50.0006109,
ArranqueDesde25_0_CHasta50_0_C,Saturación con AW,791,790,50.00060767,
ArranqueDesde25_0_CHasta50_0_C,Saturación con AW,792,791,50.00060446,
ArranqueDesde25_0_CHasta50_0_C,Saturación con AW,793,792,50.00060126,
ArranqueDesde25_0_CHasta50_0_C,Saturación con AW,794,793,50.00059808,
ArranqueDesde25_0_CHasta50_0_C,Saturación con AW,795,794,50.00059492,
ArranqueDesde25_0_CHasta50_0_C,Saturación con AW,796,795,50.00059177,
ArranqueDesde25_0_CHasta50_0_C,Saturación con AW,797,796,50.00058864,
ArranqueDesde25_0_CHasta50_0_C,Saturación con AW,798,797,50.00058553,
ArranqueDesde25_0_CHasta50_0_C,Saturación con AW,799,798,50.00058243,
ArranqueDesde25_0_CHasta50_0_C,Saturación con AW,800,799,50.00057935,
ArranqueDesde25_0_CHasta50_0_C,Saturación con AW,801,800,50.00057629,
ArranqueDesde25_0_CHasta50_0_C,Saturación con AW,802,801,50.00057324,
ArranqueDesde25_0_CHasta50_0_C,Saturación con AW,803,802,50.00057021,
ArranqueDesde25_0_CHasta50_0_C,Saturación con AW,804,803,50.00056719,
ArranqueDesde25_0_CHasta50_0_C,Saturación con AW,805,804,50.00056419,
ArranqueDesde25_0_CHasta50_0_C,Saturación con AW,806,805,50.00056121,
ArranqueDesde25_0_CHasta50_0_C,Saturación con AW,807,806,50.00055824,
ArranqueDesde25_0_CHasta50_0_C,Saturación con AW,808,807,50.00055529,
ArranqueDesde25_0_CHasta50_0_C,Saturación con AW,809,808,50.00055235,
ArranqueDesde25_0_CHasta50_0_C,Saturación con AW,810,809,50.00054943,
ArranqueDesde25_0_CHasta50_0_C,Saturación con AW,811,810,50.00054653,
ArranqueDesde25_0_CHasta50_0_C,Saturación con AW,812,811,50.00054364,
ArranqueDesde25_0_CHasta50_0_C,Saturación con AW,813,812,50.00054076,
ArranqueDesde25_0_CHasta50_0_C,Saturación con AW,814,813,50.0005379,
ArranqueDesde25_0_CHasta50_0_C,Saturación con AW,815,814,50.00053506,
ArranqueDesde25_0_CHasta50_0_C,Saturación con AW,816,815,50.00053223,
ArranqueDesde25_0_CHasta50_0_C,Saturación con AW,817,816,50.00052941,
ArranqueDesde25_0_CHasta50_0_C,Saturación con AW,818,817,50.00052661,
ArranqueDesde25_0_CHasta50_0_C,Saturación con AW,819,818,50.00052383,
ArranqueDesde25_0_CHasta50_0_C,Saturación con AW,820,819,50.00052106,
ArranqueDesde25_0_CHasta50_0_C,Saturación con AW,821,820,50.0005183,
ArranqueDesde25_0_CHasta50_0_C,Saturación con AW,822,821,50.00051556,
ArranqueDesde25_0_CHasta50_0_C,Saturación con AW,823,822,50.00051283,
ArranqueDesde25_0_CHasta50_0_C,Saturación con AW,824,823,50.00051012,
ArranqueDesde25_0_CHasta50_0_C,Saturación con AW,825,824,50.00050742,
ArranqueDesde25_0_CHasta50_0_C,Saturación con AW,826,825,50.00050474,
ArranqueDesde25_0_CHasta50_0_C,Saturación con AW,827,826,50.00050207,
ArranqueDesde25_0_CHasta50_0_C,Saturación con AW,828,827,50.00049941,
ArranqueDesde25_0_CHasta50_0_C,Saturación con AW,829,828,50.00049677,
ArranqueDesde25_0_CHasta50_0_C,Saturación con AW,830,829,50.00049415,
ArranqueDesde25_0_CHasta50_0_C,Saturación con AW,831,830,50.00049153,
ArranqueDesde25_0_CHasta50_0_C,Saturación con AW,832,831,50.00048893,
ArranqueDesde25_0_CHasta50_0_C,Saturación con AW,833,832,50.00048635,
ArranqueDesde25_0_CHasta50_0_C,Saturación con AW,834,833,50.00048377,
ArranqueDesde25_0_CHasta50_0_C,Saturación con AW,835,834,50.00048122,
ArranqueDesde25_0_CHasta50_0_C,Saturación con AW,836,835,50.00047867,
ArranqueDesde25_0_CHasta50_0_C,Saturación con AW,837,836,50.00047614,
ArranqueDesde25_0_CHasta50_0_C,Saturación con AW,838,837,50.00047362,
ArranqueDesde25_0_CHasta50_0_C,Saturación con AW,839,838,50.00047112,
ArranqueDesde25_0_CHasta50_0_C,Saturación con AW,840,839,50.00046862,
ArranqueDesde25_0_CHasta50_0_C,Saturación con AW,841,840,50.00046615,
ArranqueDesde25_0_CHasta50_0_C,Saturación con AW,842,841,50.00046368,
ArranqueDesde25_0_CHasta50_0_C,Saturación con AW,843,842,50.00046123,
ArranqueDesde25_0_CHasta50_0_C,Saturación con AW,844,843,50.00045879,
ArranqueDesde25_0_CHasta50_0_C,Saturación con AW,845,844,50.00045636,
ArranqueDesde25_0_CHasta50_0_C,Saturación con AW,846,845,50.00045395,
ArranqueDesde25_0_CHasta50_0_C,Saturación con AW,847,846,50.00045155,
ArranqueDesde25_0_CHasta50_0_C,Saturación con AW,848,847,50.00044916,
ArranqueDesde25_0_CHasta50_0_C,Saturación con AW,849,848,50.00044678,
ArranqueDesde25_0_CHasta50_0_C,Saturación con AW,850,849,50.00044442,
ArranqueDesde25_0_CHasta50_0_C,Saturación con AW,851,850,50.00044207,
ArranqueDesde25_0_CHasta50_0_C,Saturación con AW,852,851,50.00043973,
ArranqueDesde25_0_CHasta50_0_C,Saturación con AW,853,852,50.00043741,
ArranqueDesde25_0_CHasta50_0_C,Saturación con AW,854,853,50.00043509,
ArranqueDesde25_0_CHasta50_0_C,Saturación con AW,855,854,50.00043279,
ArranqueDesde25_0_CHasta50_0_C,Saturación con AW,856,855,50.0004305,
ArranqueDesde25_0_CHasta50_0_C,Saturación con AW,857,856,50.00042823,
ArranqueDesde25_0_CHasta50_0_C,Saturación con AW,858,857,50.00042596,
ArranqueDesde25_0_CHasta50_0_C,Saturación con AW,859,858,50.00042371,
ArranqueDesde25_0_CHasta50_0_C,Saturación con AW,860,859,50.00042147,
ArranqueDesde25_0_CHasta50_0_C,Saturación con AW,861,860,50.00041924,
ArranqueDesde25_0_CHasta50_0_C,Saturación con AW,862,861,50.00041702,
ArranqueDesde25_0_CHasta50_0_C,Saturación con AW,863,862,50.00041482,
ArranqueDesde25_0_CHasta50_0_C,Saturación con AW,864,863,50.00041262,
ArranqueDesde25_0_CHasta50_0_C,Saturación con AW,865,864,50.00041044,
ArranqueDesde25_0_CHasta50_0_C,Saturación con AW,866,865,50.00040827,
ArranqueDesde25_0_CHasta50_0_C,Saturación con AW,867,866,50.00040611,
ArranqueDesde25_0_CHasta50_0_C,Saturación con AW,868,867,50.00040396,
ArranqueDesde25_0_CHasta50_0_C,Saturación con AW,869,868,50.00040183,
ArranqueDesde25_0_CHasta50_0_C,Saturación con AW,870,869,50.0003997,
ArranqueDesde25_0_CHasta50_0_C,Saturación con AW,871,870,50.00039759,
ArranqueDesde25_0_CHasta50_0_C,Saturación con AW,872,871,50.00039549,
ArranqueDesde25_0_CHasta50_0_C,Saturación con AW,873,872,50.00039339,
ArranqueDesde25_0_CHasta50_0_C,Saturación con AW,874,873,50.00039131,
ArranqueDesde25_0_CHasta50_0_C,Saturación con AW,875,874,50.00038924,
ArranqueDesde25_0_CHasta50_0_C,Saturación con AW,876,875,50.00038718,
ArranqueDesde25_0_CHasta50_0_C,Saturación con AW,877,876,50.00038514,
ArranqueDesde25_0_CHasta50_0_C,Saturación con AW,878,877,50.0003831,
ArranqueDesde25_0_CHasta50_0_C,Saturación con AW,879,878,50.00038107,
ArranqueDesde25_0_CHasta50_0_C,Saturación con AW,880,879,50.00037906,
ArranqueDesde25_0_CHasta50_0_C,Saturación con AW,881,880,50.00037705,
ArranqueDesde25_0_CHasta50_0_C,Saturación con AW,882,881,50.00037506,
ArranqueDesde25_0_CHasta50_0_C,Saturación con AW,883,882,50.00037308,
ArranqueDesde25_0_CHasta50_0_C,Saturación con AW,884,883,50.0003711,
ArranqueDesde25_0_CHasta50_0_C,Saturación con AW,885,884,50.00036914,
ArranqueDesde25_0_CHasta50_0_C,Saturación con AW,886,885,50.00036719,
ArranqueDesde25_0_CHasta50_0_C,Saturación con AW,887,886,50.00036525,
ArranqueDesde25_0_CHasta50_0_C,Saturación con AW,888,887,50.00036331,
ArranqueDesde25_0_CHasta50_0_C,Saturación con AW,889,888,50.00036139,
ArranqueDesde25_0_CHasta50_0_C,Saturación con AW,890,889,50.00035948,
ArranqueDesde25_0_CHasta50_0_C,Saturación con AW,891,890,50.00035758,
ArranqueDesde25_0_CHasta50_0_C,Saturación con AW,892,891,50.00035569,
ArranqueDesde25_0_CHasta50_0_C,Saturación con AW,893,892,50.00035381,
ArranqueDesde25_0_CHasta50_0_C,Saturación con AW,894,893,50.00035194,
ArranqueDesde25_0_CHasta50_0_C,Saturación con AW,895,894,50.00035008,
ArranqueDesde25_0_CHasta50_0_C,Saturación con AW,896,895,50.00034822,
ArranqueDesde25_0_CHasta50_0_C,Saturación con AW,897,896,50.00034638,
ArranqueDesde25_0_CHasta50_0_C,Saturación con AW,898,897,50.00034455,
ArranqueDesde25_0_CHasta50_0_C,Saturación con AW,899,898,50.00034273,
ArranqueDesde25_0_CHasta50_0_C,Saturación con AW,900,899,50.00034092,
ArranqueDesde25_0_CHasta50_0_C,Saturación con AW,901,900,50.00033911,
ArranqueDesde25_0_CHasta50_0_C,Saturación con AW,902,901,50.00033732,
ArranqueDesde25_0_CHasta50_0_C,Saturación con AW,903,902,50.00033554,
ArranqueDesde25_0_CHasta50_0_C,Saturación con AW,904,903,50.00033376,
ArranqueDesde25_0_CHasta50_0_C,Saturación con AW,905,904,50.000332,
ArranqueDesde25_0_CHasta50_0_C,Saturación con AW,906,905,50.00033024,
ArranqueDesde25_0_CHasta50_0_C,Saturación con AW,907,906,50.00032849,
ArranqueDesde25_0_CHasta50_0_C,Saturación con AW,908,907,50.00032676,
ArranqueDesde25_0_CHasta50_0_C,Saturación con AW,909,908,50.00032503,
ArranqueDesde25_0_CHasta50_0_C,Saturación con AW,910,909,50.00032331,
ArranqueDesde25_0_CHasta50_0_C,Saturación con AW,911,910,50.0003216,
ArranqueDesde25_0_CHasta50_0_C,Saturación con AW,912,911,50.0003199,
ArranqueDesde25_0_CHasta50_0_C,Saturación con AW,913,912,50.00031821,
ArranqueDesde25_0_CHasta50_0_C,Saturación con AW,914,913,50.00031652,
ArranqueDesde25_0_CHasta50_0_C,Saturación con AW,915,914,50.00031485,
ArranqueDesde25_0_CHasta50_0_C,Saturación con AW,916,915,50.00031318,
ArranqueDesde25_0_CHasta50_0_C,Saturación con AW,917,916,50.00031153,
ArranqueDesde25_0_CHasta50_0_C,Saturación con AW,918,917,50.00030988,
ArranqueDesde25_0_CHasta50_0_C,Saturación con AW,919,918,50.00030824,
ArranqueDesde25_0_CHasta50_0_C,Saturación con AW,920,919,50.00030661,
ArranqueDesde25_0_CHasta50_0_C,Saturación con AW,921,920,50.00030499,
ArranqueDesde25_0_CHasta50_0_C,Saturación con AW,922,921,50.00030338,
ArranqueDesde25_0_CHasta50_0_C,Saturación con AW,923,922,50.00030177,
ArranqueDesde25_0_CHasta50_0_C,Saturación con AW,924,923,50.00030018,
ArranqueDesde25_0_CHasta50_0_C,Saturación con AW,925,924,50.00029859,
ArranqueDesde25_0_CHasta50_0_C,Saturación con AW,926,925,50.00029701,
ArranqueDesde25_0_CHasta50_0_C,Saturación con AW,927,926,50.00029544,
ArranqueDesde25_0_CHasta50_0_C,Saturación con AW,928,927,50.00029388,
ArranqueDesde25_0_CHasta50_0_C,Saturación con AW,929,928,50.00029232,
ArranqueDesde25_0_CHasta50_0_C,Saturación con AW,930,929,50.00029078,
ArranqueDesde25_0_CHasta50_0_C,Saturación con AW,931,930,50.00028924,
ArranqueDesde25_0_CHasta50_0_C,Saturación con AW,932,931,50.00028771,
ArranqueDesde25_0_CHasta50_0_C,Saturación con AW,933,932,50.00028619,
ArranqueDesde25_0_CHasta50_0_C,Saturación con AW,934,933,50.00028467,
ArranqueDesde25_0_CHasta50_0_C,Saturación con AW,935,934,50.00028317,
ArranqueDesde25_0_CHasta50_0_C,Saturación con AW,936,935,50.00028167,
ArranqueDesde25_0_CHasta50_0_C,Saturación con AW,937,936,50.00028018,
ArranqueDesde25_0_CHasta50_0_C,Saturación con AW,938,937,50.0002787,
ArranqueDesde25_0_CHasta50_0_C,Saturación con AW,939,938,50.00027722,
ArranqueDesde25_0_CHasta50_0_C,Saturación con AW,940,939,50.00027576,
ArranqueDesde25_0_CHasta50_0_C,Saturación con AW,941,940,50.0002743,
ArranqueDesde25_0_CHasta50_0_C,Saturación con AW,942,941,50.00027285,
ArranqueDesde25_0_CHasta50_0_C,Saturación con AW,943,942,50.00027141,
ArranqueDesde25_0_CHasta50_0_C,Saturación con AW,944,943,50.00026997,
ArranqueDesde25_0_CHasta50_0_C,Saturación con AW,945,944,50.00026854,
ArranqueDesde25_0_CHasta50_0_C,Saturación con AW,946,945,50.00026712,
ArranqueDesde25_0_CHasta50_0_C,Saturación con AW,947,946,50.00026571,
ArranqueDesde25_0_CHasta50_0_C,Saturación con AW,948,947,50.0002643,
ArranqueDesde25_0_CHasta50_0_C,Saturación con AW,949,948,50.00026291,
ArranqueDesde25_0_CHasta50_0_C,Saturación con AW,950,949,50.00026152,
ArranqueDesde25_0_CHasta50_0_C,Saturación con AW,951,950,50.00026013,
ArranqueDesde25_0_CHasta50_0_C,Saturación con AW,952,951,50.00025876,
ArranqueDesde25_0_CHasta50_0_C,Saturación con AW,953,952,50.00025739,
ArranqueDesde25_0_CHasta50_0_C,Saturación con AW,954,953,50.00025603,
ArranqueDesde25_0_CHasta50_0_C,Saturación con AW,955,954,50.00025467,
ArranqueDesde25_0_CHasta50_0_C,Saturación con AW,956,955,50.00025333,
ArranqueDesde25_0_CHasta50_0_C,Saturación con AW,957,956,50.00025199,
ArranqueDesde25_0_CHasta50_0_C,Saturación con AW,958,957,50.00025065,
ArranqueDesde25_0_CHasta50_0_C,Saturación con AW,959,958,50.00024933,
ArranqueDesde25_0_CHasta50_0_C,Saturación con AW,960,959,50.00024801,
ArranqueDesde25_0_CHasta50_0_C,Saturación con AW,961,960,50.0002467,
ArranqueDesde25_0_CHasta50_0_C,Saturación con AW,962,961,50.00024539,
ArranqueDesde25_0_CHasta50_0_C,Saturación con AW,963,962,50.0002441,
ArranqueDesde25_0_CHasta50_0_C,Saturación con AW,964,963,50.0002428,
ArranqueDesde25_0_CHasta50_0_C,Saturación con AW,965,964,50.00024152,
ArranqueDesde25_0_CHasta50_0_C,Saturación con AW,966,965,50.00024024,
ArranqueDesde25_0_CHasta50_0_C,Saturación con AW,967,966,50.00023897,
ArranqueDesde25_0_CHasta50_0_C,Saturación con AW,968,967,50.00023771,
ArranqueDesde25_0_CHasta50_0_C,Saturación con AW,969,968,50.00023645,
ArranqueDesde25_0_CHasta50_0_C,Saturación con AW,970,969,50.0002352,
ArranqueDesde25_0_CHasta50_0_C,Saturación con AW,971,970,50.00023396,
ArranqueDesde25_0_CHasta50_0_C,Saturación con AW,972,971,50.00023272,
ArranqueDesde25_0_CHasta50_0_C,Saturación con AW,973,972,50.00023149,
ArranqueDesde25_0_CHasta50_0_C,Saturación con AW,974,973,50.00023026,
ArranqueDesde25_0_CHasta50_0_C,Saturación con AW,975,974,50.00022905,
ArranqueDesde25_0_CHasta50_0_C,Saturación con AW,976,975,50.00022784,
ArranqueDesde25_0_CHasta50_0_C,Saturación con AW,977,976,50.00022663,
ArranqueDesde25_0_CHasta50_0_C,Saturación con AW,978,977,50.00022543,
ArranqueDesde25_0_CHasta50_0_C,Saturación con AW,979,978,50.00022424,
ArranqueDesde25_0_CHasta50_0_C,Saturación con AW,980,979,50.00022305,
ArranqueDesde25_0_CHasta50_0_C,Saturación con AW,981,980,50.00022187,
ArranqueDesde25_0_CHasta50_0_C,Saturación con AW,982,981,50.0002207,
ArranqueDesde25_0_CHasta50_0_C,Saturación con AW,983,982,50.00021953,
ArranqueDesde25_0_CHasta50_0_C,Saturación con AW,984,983,50.00021837,
ArranqueDesde25_0_CHasta50_0_C,Saturación con AW,985,984,50.00021722,
ArranqueDesde25_0_CHasta50_0_C,Saturación con AW,986,985,50.00021607,
ArranqueDesde25_0_CHasta50_0_C,Saturación con AW,987,986,50.00021493,
ArranqueDesde25_0_CHasta50_0_C,Saturación con AW,988,987,50.00021379,
ArranqueDesde25_0_CHasta50_0_C,Saturación con AW,989,988,50.00021266,
ArranqueDesde25_0_CHasta50_0_C,Saturación con AW,990,989,50.00021153,
ArranqueDesde25_0_CHasta50_0_C,Saturación con AW,991,990,50.00021042,
ArranqueDesde25_0_CHasta50_0_C,Saturación con AW,992,991,50.0002093,
ArranqueDesde25_0_CHasta50_0_C,Saturación con AW,993,992,50.0002082,
ArranqueDesde25_0_CHasta50_0_C,Saturación con AW,994,993,50.00020709,
ArranqueDesde25_0_CHasta50_0_C,Saturación con AW,995,994,50.000206,
ArranqueDesde25_0_CHasta50_0_C,Saturación con AW,996,995,50.00020491,
ArranqueDesde25_0_CHasta50_0_C,Saturación con AW,997,996,50.00020383,
ArranqueDesde25_0_CHasta50_0_C,Saturación con AW,998,997,50.00020275,
ArranqueDesde25_0_CHasta50_0_C,Saturación con AW,999,998,50.00020168,
ArranqueDesde25_0_CHasta50_0_C,Saturación con AW,1000,999,50.00020061,
ArranqueDesde25_0_CHasta50_0_C,Saturación con AW,1001,1000,50.00019955,
ArranqueDesde25_0_CHasta50_0_C,Saturación con AW,1002,1001,50.00019849,
ArranqueDesde25_0_CHasta50_0_C,Saturación con AW,1003,1002,50.00019744,
ArranqueDesde25_0_CHasta50_0_C,Saturación con AW,1004,1003,50.0001964,
ArranqueDesde25_0_CHasta50_0_C,Saturación con AW,1005,1004,50.00019536,
ArranqueDesde25_0_CHasta50_0_C,Saturación con AW,1006,1005,50.00019433,
ArranqueDesde25_0_CHasta50_0_C,Saturación con AW,1007,1006,50.0001933,
ArranqueDesde25_0_CHasta50_0_C,Saturación con AW,1008,1007,50.00019228,
ArranqueDesde25_0_CHasta50_0_C,Saturación con AW,1009,1008,50.00019126,
ArranqueDesde25_0_CHasta50_0_C,Saturación con AW,1010,1009,50.00019025,
ArranqueDesde25_0_CHasta50_0_C,Saturación con AW,1011,1010,50.00018924,
ArranqueDesde25_0_CHasta50_0_C,Saturación con AW,1012,1011,50.00018824,
ArranqueDesde25_0_CHasta50_0_C,Saturación con AW,1013,1012,50.00018725,
ArranqueDesde25_0_CHasta50_0_C,Saturación con AW,1014,1013,50.00018626,
ArranqueDesde25_0_CHasta50_0_C,Saturación con AW,1015,1014,50.00018527,
ArranqueDesde25_0_CHasta50_0_C,Saturación con AW,1016,1015,50.00018429,
ArranqueDesde25_0_CHasta50_0_C,Saturación con AW,1017,1016,50.00018332,
ArranqueDesde25_0_CHasta50_0_C,Saturación con AW,1018,1017,50.00018235,
ArranqueDesde25_0_CHasta50_0_C,Saturación con AW,1019,1018,50.00018138,
ArranqueDesde25_0_CHasta50_0_C,Saturación con AW,1020,1019,50.00018042,
ArranqueDesde25_0_CHasta50_0_C,Saturación con AW,1021,1020,50.00017947,
ArranqueDesde25_0_CHasta50_0_C,Saturación con AW,1022,1021,50.00017852,
ArranqueDesde25_0_CHasta50_0_C,Saturación con AW,1023,1022,50.00017757,
ArranqueDesde25_0_CHasta50_0_C,Saturación con AW,1024,1023,50.00017664,
ArranqueDesde25_0_CHasta50_0_C,Saturación con AW,1025,1024,50.0001757,
ArranqueDesde25_0_CHasta50_0_C,Saturación con AW,1026,1025,50.00017477,
ArranqueDesde25_0_CHasta50_0_C,Saturación con AW,1027,1026,50.00017385,
ArranqueDesde25_0_CHasta50_0_C,Saturación con AW,1028,1027,50.00017293,
ArranqueDesde25_0_CHasta50_0_C,Saturación con AW,1029,1028,50.00017201,
ArranqueDesde25_0_CHasta50_0_C,Saturación con AW,1030,1029,50.0001711,
ArranqueDesde25_0_CHasta50_0_C,Saturación con AW,1031,1030,50.0001702,
ArranqueDesde25_0_CHasta50_0_C,Saturación con AW,1032,1031,50.0001693,
ArranqueDesde25_0_CHasta50_0_C,Saturación con AW,1033,1032,50.0001684,
ArranqueDesde25_0_CHasta50_0_C,Saturación con AW,1034,1033,50.00016751,
ArranqueDesde25_0_CHasta50_0_C,Saturación con AW,1035,1034,50.00016663,
ArranqueDesde25_0_CHasta50_0_C,Saturación con AW,1036,1035,50.00016575,
ArranqueDesde25_0_CHasta50_0_C,Saturación con AW,1037,1036,50.00016487,
ArranqueDesde25_0_CHasta50_0_C,Saturación con AW,1038,1037,50.000164,
ArranqueDesde25_0_CHasta50_0_C,Saturación con AW,1039,1038,50.00016313,
ArranqueDesde25_0_CHasta50_0_C,Saturación con AW,1040,1039,50.00016227,
ArranqueDesde25_0_CHasta50_0_C,Saturación con AW,1041,1040,50.00016141,
ArranqueDesde25_0_CHasta50_0_C,Saturación con AW,1042,1041,50.00016056,
ArranqueDesde25_0_CHasta50_0_C,Saturación con AW,1043,1042,50.00015971,
ArranqueDesde25_0_CHasta50_0_C,Saturación con AW,1044,1043,50.00015886,
ArranqueDesde25_0_CHasta50_0_C,Saturación con AW,1045,1044,50.00015802,
ArranqueDesde25_0_CHasta50_0_C,Saturación con AW,1046,1045,50.00015719,
ArranqueDesde25_0_CHasta50_0_C,Saturación con AW,1047,1046,50.00015635,
ArranqueDesde25_0_CHasta50_0_C,Saturación con AW,1048,1047,50.00015553,
ArranqueDesde25_0_CHasta50_0_C,Saturación con AW,1049,1048,50.00015471,
ArranqueDesde25_0_CHasta50_0_C,Saturación con AW,1050,1049,50.00015389,
ArranqueDesde25_0_CHasta50_0_C,Saturación con AW,1051,1050,50.00015307,
ArranqueDesde25_0_CHasta50_0_C,Saturación con AW,1052,1051,50.00015226,
ArranqueDesde25_0_CHasta50_0_C,Saturación con AW,1053,1052,50.00015146,
ArranqueDesde25_0_CHasta50_0_C,Saturación con AW,1054,1053,50.00015066,
ArranqueDesde25_0_CHasta50_0_C,Saturación con AW,1055,1054,50.00014986,
ArranqueDesde25_0_CHasta50_0_C,Saturación con AW,1056,1055,50.00014907,
ArranqueDesde25_0_CHasta50_0_C,Saturación con AW,1057,1056,50.00014828,
ArranqueDesde25_0_CHasta50_0_C,Saturación con AW,1058,1057,50.0001475,
ArranqueDesde25_0_CHasta50_0_C,Saturación con AW,1059,1058,50.00014672,
ArranqueDesde25_0_CHasta50_0_C,Saturación con AW,1060,1059,50.00014594,
ArranqueDesde25_0_CHasta50_0_C,Saturación con AW,1061,1060,50.00014517,
ArranqueDesde25_0_CHasta50_0_C,Saturación con AW,1062,1061,50.0001444,
ArranqueDesde25_0_CHasta50_0_C,Saturación con AW,1063,1062,50.00014364,
ArranqueDesde25_0_CHasta50_0_C,Saturación con AW,1064,1063,50.00014288,
ArranqueDesde25_0_CHasta50_0_C,Saturación con AW,1065,1064,50.00014212,
ArranqueDesde25_0_CHasta50_0_C,Saturación con AW,1066,1065,50.00014137,
ArranqueDesde25_0_CHasta50_0_C,Saturación con AW,1067,1066,50.00014062,
ArranqueDesde25_0_CHasta50_0_C,Saturación con AW,1068,1067,50.00013988,
ArranqueDesde25_0_CHasta50_0_C,Saturación con AW,1069,1068,50.00013914,
ArranqueDesde25_0_CHasta50_0_C,Saturación con AW,1070,1069,50.0001384,
ArranqueDesde25_0_CHasta50_0_C,Saturación con AW,1071,1070,50.00013767,
ArranqueDesde25_0_CHasta50_0_C,Saturación con AW,1072,1071,50.00013694,
ArranqueDesde25_0_CHasta50_0_C,Saturación con AW,1073,1072,50.00013622,
ArranqueDesde25_0_CHasta50_0_C,Saturación con AW,1074,1073,50.0001355,
ArranqueDesde25_0_CHasta50_0_C,Saturación con AW,1075,1074,50.00013478,
ArranqueDesde25_0_CHasta50_0_C,Saturación con AW,1076,1075,50.00013407,
ArranqueDesde25_0_CHasta50_0_C,Saturación con AW,1077,1076,50.00013336,
ArranqueDesde25_0_CHasta50_0_C,Saturación con AW,1078,1077,50.00013265,
ArranqueDesde25_0_CHasta50_0_C,Saturación con AW,1079,1078,50.00013195,
ArranqueDesde25_0_CHasta50_0_C,Saturación con AW,1080,1079,50.00013125,
ArranqueDesde25_0_CHasta50_0_C,Saturación con AW,1081,1080,50.00013056,
ArranqueDesde25_0_CHasta50_0_C,Saturación con AW,1082,1081,50.00012987,
ArranqueDesde25_0_CHasta50_0_C,Saturación con AW,1083,1082,50.00012918,
ArranqueDesde25_0_CHasta50_0_C,Saturación con AW,1084,1083,50.0001285,
ArranqueDesde25_0_CHasta50_0_C,Saturación con AW,1085,1084,50.00012782,
ArranqueDesde25_0_CHasta50_0_C,Saturación con AW,1086,1085,50.00012714,
ArranqueDesde25_0_CHasta50_0_C,Saturación con AW,1087,1086,50.00012647,
ArranqueDesde25_0_CHasta50_0_C,Saturación con AW,1088,1087,50.0001258,
ArranqueDesde25_0_CHasta50_0_C,Saturación con AW,1089,1088,50.00012514,
ArranqueDesde25_0_CHasta50_0_C,Saturación con AW,1090,1089,50.00012448,
ArranqueDesde25_0_CHasta50_0_C,Saturación con AW,1091,1090,50.00012382,
ArranqueDesde25_0_CHasta50_0_C,Saturación con AW,1092,1091,50.00012316,
ArranqueDesde25_0_CHasta50_0_C,Saturación con AW,1093,1092,50.00012251,
ArranqueDesde25_0_CHasta50_0_C,Saturación con AW,1094,1093,50.00012186,
ArranqueDesde25_0_CHasta50_0_C,Saturación con AW,1095,1094,50.00012122,
ArranqueDesde25_0_CHasta50_0_C,Saturación con AW,1096,1095,50.00012058,
ArranqueDesde25_0_CHasta50_0_C,Saturación con AW,1097,1096,50.00011994,
ArranqueDesde25_0_CHasta50_0_C,Saturación con AW,1098,1097,50.00011931,
ArranqueDesde25_0_CHasta50_0_C,Saturación con AW,1099,1098,50.00011867,
ArranqueDesde25_0_CHasta50_0_C,Saturación con AW,1100,1099,50.00011805,
ArranqueDesde25_0_CHasta50_0_C,Saturación con AW,1101,1100,50.00011742,
ArranqueDesde25_0_CHasta50_0_C,Saturación con AW,1102,1101,50.0001168,
ArranqueDesde25_0_CHasta50_0_C,Saturación con AW,1103,1102,50.00011618,
ArranqueDesde25_0_CHasta50_0_C,Saturación con AW,1104,1103,50.00011557,
ArranqueDesde25_0_CHasta50_0_C,Saturación con AW,1105,1104,50.00011496,
ArranqueDesde25_0_CHasta50_0_C,Saturación con AW,1106,1105,50.00011435,
ArranqueDesde25_0_CHasta50_0_C,Saturación con AW,1107,1106,50.00011374,
ArranqueDesde25_0_CHasta50_0_C,Saturación con AW,1108,1107,50.00011314,
ArranqueDesde25_0_CHasta50_0_C,Saturación con AW,1109,1108,50.00011254,
ArranqueDesde25_0_CHasta50_0_C,Saturación con AW,1110,1109,50.00011195,
ArranqueDesde25_0_CHasta50_0_C,Saturación con AW,1111,1110,50.00011136,
ArranqueDesde25_0_CHasta50_0_C,Saturación con AW,1112,1111,50.00011077,
ArranqueDesde25_0_CHasta50_0_C,Saturación con AW,1113,1112,50.00011018,
ArranqueDesde25_0_CHasta50_0_C,Saturación con AW,1114,1113,50.0001096,
ArranqueDesde25_0_CHasta50_0_C,Saturación con AW,1115,1114,50.00010902,
ArranqueDesde25_0_CHasta50_0_C,Saturación con AW,1116,1115,50.00010844,
ArranqueDesde25_0_CHasta50_0_C,Saturación con AW,1117,1116,50.00010787,
ArranqueDesde25_0_CHasta50_0_C,Saturación con AW,1118,1117,50.0001073,
ArranqueDesde25_0_CHasta50_0_C,Saturación con AW,1119,1118,50.00010673,
ArranqueDesde25_0_CHasta50_0_C,Saturación con AW,1120,1119,50.00010617,
ArranqueDesde25_0_CHasta50_0_C,Saturación con AW,1121,1120,50.00010561,
ArranqueDesde25_0_CHasta50_0_C,Saturación con AW,1122,1121,50.00010505,
ArranqueDesde25_0_CHasta50_0_C,Saturación con AW,1123,1122,50.00010449,
ArranqueDesde25_0_CHasta50_0_C,Saturación con AW,1124,1123,50.00010394,
ArranqueDesde25_0_CHasta50_0_C,Saturación con AW,1125,1124,50.00010339,
ArranqueDesde25_0_CHasta50_0_C,Saturación con AW,1126,1125,50.00010284,
ArranqueDesde25_0_CHasta50_0_C,Saturación con AW,1127,1126,50.0001023,
ArranqueDesde25_0_CHasta50_0_C,Saturación con AW,1128,1127,50.00010176,
ArranqueDesde25_0_CHasta50_0_C,Saturación con AW,1129,1128,50.00010122,
ArranqueDesde25_0_CHasta50_0_C,Saturación con AW,1130,1129,50.00010068,
ArranqueDesde25_0_CHasta50_0_C,Saturación con AW,1131,1130,50.00010015,
ArranqueDesde25_0_CHasta50_0_C,Saturación con AW,1132,1131,50.00009962,
ArranqueDesde25_0_CHasta50_0_C,Saturación con AW,1133,1132,50.0000991,
ArranqueDesde25_0_CHasta50_0_C,Saturación con AW,1134,1133,50.00009857,
ArranqueDesde25_0_CHasta50_0_C,Saturación con AW,1135,1134,50.00009805,
ArranqueDesde25_0_CHasta50_0_C,Saturación con AW,1136,1135,50.00009753,
ArranqueDesde25_0_CHasta50_0_C,Saturación con AW,1137,1136,50.00009702,
ArranqueDesde25_0_CHasta50_0_C,Saturación con AW,1138,1137,50.0000965,
ArranqueDesde25_0_CHasta50_0_C,Saturación con AW,1139,1138,50.00009599,
ArranqueDesde25_0_CHasta50_0_C,Saturación con AW,1140,1139,50.00009548,
ArranqueDesde25_0_CHasta50_0_C,Saturación con AW,1141,1140,50.00009498,
ArranqueDesde25_0_CHasta50_0_C,Saturación con AW,1142,1141,50.00009448,
ArranqueDesde25_0_CHasta50_0_C,Saturación con AW,1143,1142,50.00009398,
ArranqueDesde25_0_CHasta50_0_C,Saturación con AW,1144,1143,50.00009348,
ArranqueDesde25_0_CHasta50_0_C,Saturación con AW,1145,1144,50.00009299,
ArranqueDesde25_0_CHasta50_0_C,Saturación con AW,1146,1145,50.00009249,
ArranqueDesde25_0_CHasta50_0_C,Saturación con AW,1147,1146,50.00009201,
ArranqueDesde25_0_CHasta50_0_C,Saturación con AW,1148,1147,50.00009152,
ArranqueDesde25_0_CHasta50_0_C,Saturación con AW,1149,1148,50.00009103,
ArranqueDesde25_0_CHasta50_0_C,Saturación con AW,1150,1149,50.00009055,
ArranqueDesde25_0_CHasta50_0_C,Saturación con AW,1151,1150,50.00009007,
ArranqueDesde25_0_CHasta50_0_C,Saturación con AW,1152,1151,50.0000896,
ArranqueDesde25_0_CHasta50_0_C,Saturación con AW,1153,1152,50.00008912,
ArranqueDesde25_0_CHasta50_0_C,Saturación con AW,1154,1153,50.00008865,
ArranqueDesde25_0_CHasta50_0_C,Saturación con AW,1155,1154,50.00008818,
ArranqueDesde25_0_CHasta50_0_C,Saturación con AW,1156,1155,50.00008772,
ArranqueDesde25_0_CHasta50_0_C,Saturación con AW,1157,1156,50.00008725,
ArranqueDesde25_0_CHasta50_0_C,Saturación con AW,1158,1157,50.00008679,
ArranqueDesde25_0_CHasta50_0_C,Saturación con AW,1159,1158,50.00008633,
ArranqueDesde25_0_CHasta50_0_C,Saturación con AW,1160,1159,50.00008588,
ArranqueDesde25_0_CHasta50_0_C,Saturación con AW,1161,1160,50.00008542,
ArranqueDesde25_0_CHasta50_0_C,Saturación con AW,1162,1161,50.00008497,
ArranqueDesde25_0_CHasta50_0_C,Saturación con AW,1163,1162,50.00008452,
ArranqueDesde25_0_CHasta50_0_C,Saturación con AW,1164,1163,50.00008407,
ArranqueDesde25_0_CHasta50_0_C,Saturación con AW,1165,1164,50.00008363,
ArranqueDesde25_0_CHasta50_0_C,Saturación con AW,1166,1165,50.00008319,
ArranqueDesde25_0_CHasta50_0_C,Saturación con AW,1167,1166,50.00008275,
ArranqueDesde25_0_CHasta50_0_C,Saturación con AW,1168,1167,50.00008231,
ArranqueDesde25_0_CHasta50_0_C,Saturación con AW,1169,1168,50.00008187,
ArranqueDesde25_0_CHasta50_0_C,Saturación con AW,1170,1169,50.00008144,
ArranqueDesde25_0_CHasta50_0_C,Saturación con AW,1171,1170,50.00008101,
ArranqueDesde25_0_CHasta50_0_C,Saturación con AW,1172,1171,50.00008058,
ArranqueDesde25_0_CHasta50_0_C,Saturación con AW,1173,1172,50.00008016,
ArranqueDesde25_0_CHasta50_0_C,Saturación con AW,1174,1173,50.00007973,
ArranqueDesde25_0_CHasta50_0_C,Saturación con AW,1175,1174,50.00007931,
ArranqueDesde25_0_CHasta50_0_C,Saturación con AW,1176,1175,50.00007889,
ArranqueDesde25_0_CHasta50_0_C,Saturación con AW,1177,1176,50.00007847,
ArranqueDesde25_0_CHasta50_0_C,Saturación con AW,1178,1177,50.00007806,
ArranqueDesde25_0_CHasta50_0_C,Saturación con AW,1179,1178,50.00007765,
ArranqueDesde25_0_CHasta50_0_C,Saturación con AW,1180,1179,50.00007724,
ArranqueDesde25_0_CHasta50_0_C,Saturación con AW,1181,1180,50.00007683,
ArranqueDesde25_0_CHasta50_0_C,Saturación con AW,1182,1181,50.00007642,
ArranqueDesde25_0_CHasta50_0_C,Saturación con AW,1183,1182,50.00007602,
ArranqueDesde25_0_CHasta50_0_C,Saturación con AW,1184,1183,50.00007561,
ArranqueDesde25_0_CHasta50_0_C,Saturación con AW,1185,1184,50.00007521,
ArranqueDesde25_0_CHasta50_0_C,Saturación con AW,1186,1185,50.00007482,
ArranqueDesde25_0_CHasta50_0_C,Saturación con AW,1187,1186,50.00007442,
ArranqueDesde25_0_CHasta50_0_C,Saturación con AW,1188,1187,50.00007403,
ArranqueDesde25_0_CHasta50_0_C,Saturación con AW,1189,1188,50.00007364,
ArranqueDesde25_0_CHasta50_0_C,Saturación con AW,1190,1189,50.00007325,
ArranqueDesde25_0_CHasta50_0_C,Saturación con AW,1191,1190,50.00007286,
ArranqueDesde25_0_CHasta50_0_C,Saturación con AW,1192,1191,50.00007247,
ArranqueDesde25_0_CHasta50_0_C,Saturación con AW,1193,1192,50.00007209,
ArranqueDesde25_0_CHasta50_0_C,Saturación con AW,1194,1193,50.00007171,
ArranqueDesde25_0_CHasta50_0_C,Saturación con AW,1195,1194,50.00007133,
ArranqueDesde25_0_CHasta50_0_C,Saturación con AW,1196,1195,50.00007095,
ArranqueDesde25_0_CHasta50_0_C,Saturación con AW,1197,1196,50.00007058,
ArranqueDesde25_0_CHasta50_0_C,Saturación con AW,1198,1197,50.0000702,
ArranqueDesde25_0_CHasta50_0_C,Saturación con AW,1199,1198,50.00006983,
ArranqueDesde25_0_CHasta50_0_C,Saturación con AW,1200,1199,50.00006946,
ArranqueDesde25_0_CHasta50_0_C,Saturación con AW,1201,1200,50.0000691,
ArranqueDesde25_0_CHasta50_0_C,Saturación con AW,1202,1201,50.00006873,
ArranqueDesde25_0_CHasta50_0_C,Saturación con AW,1203,1202,50.00006837,
ArranqueDesde25_0_CHasta50_0_C,Saturación con AW,1204,1203,50.00006801,
ArranqueDesde25_0_CHasta50_0_C,Saturación con AW,1205,1204,50.00006765,
ArranqueDesde25_0_CHasta50_0_C,Saturación con AW,1206,1205,50.00006729,
ArranqueDesde25_0_CHasta50_0_C,Saturación con AW,1207,1206,50.00006693,
ArranqueDesde25_0_CHasta50_0_C,Saturación con AW,1208,1207,50.00006658,
ArranqueDesde25_0_CHasta50_0_C,Saturación con AW,1209,1208,50.00006623,
ArranqueDesde25_0_CHasta50_0_C,Saturación con AW,1210,1209,50.00006588,
ArranqueDesde25_0_CHasta50_0_C,Saturación con AW,1211,1210,50.00006553,
ArranqueDesde25_0_CHasta50_0_C,Saturación con AW,1212,1211,50.00006518,
ArranqueDesde25_0_CHasta50_0_C,Saturación con AW,1213,1212,50.00006484,
ArranqueDesde25_0_CHasta50_0_C,Saturación con AW,1214,1213,50.00006449,
ArranqueDesde25_0_CHasta50_0_C,Saturación con AW,1215,1214,50.00006415,
ArranqueDesde25_0_CHasta50_0_C,Saturación con AW,1216,1215,50.00006381,
ArranqueDesde25_0_CHasta50_0_C,Saturación con AW,1217,1216,50.00006348,
ArranqueDesde25_0_CHasta50_0_C,Saturación con AW,1218,1217,50.00006314,
ArranqueDesde25_0_CHasta50_0_C,Saturación con AW,1219,1218,50.00006281,
ArranqueDesde25_0_CHasta50_0_C,Saturación con AW,1220,1219,50.00006247,
ArranqueDesde25_0_CHasta50_0_C,Saturación con AW,1221,1220,50.00006214,
ArranqueDesde25_0_CHasta50_0_C,Saturación con AW,1222,1221,50.00006181,
ArranqueDesde25_0_CHasta50_0_C,Saturación con AW,1223,1222,50.00006149,
ArranqueDesde25_0_CHasta50_0_C,Saturación con AW,1224,1223,50.00006116,
ArranqueDesde25_0_CHasta50_0_C,Saturación con AW,1225,1224,50.00006084,
ArranqueDesde25_0_CHasta50_0_C,Saturación con AW,1226,1225,50.00006052,
ArranqueDesde25_0_CHasta50_0_C,Saturación con AW,1227,1226,50.0000602,
ArranqueDesde25_0_CHasta50_0_C,Saturación con AW,1228,1227,50.00005988,
ArranqueDesde25_0_CHasta50_0_C,Saturación con AW,1229,1228,50.00005956,
ArranqueDesde25_0_CHasta50_0_C,Saturación con AW,1230,1229,50.00005925,
ArranqueDesde25_0_CHasta50_0_C,Saturación con AW,1231,1230,50.00005893,
ArranqueDesde25_0_CHasta50_0_C,Saturación con AW,1232,1231,50.00005862,
ArranqueDesde25_0_CHasta50_0_C,Saturación con AW,1233,1232,50.00005831,
ArranqueDesde25_0_CHasta50_0_C,Saturación con AW,1234,1233,50.000058,
ArranqueDesde25_0_CHasta50_0_C,Saturación con AW,1235,1234,50.0000577,
ArranqueDesde25_0_CHasta50_0_C,Saturación con AW,1236,1235,50.00005739,
ArranqueDesde25_0_CHasta50_0_C,Saturación con AW,1237,1236,50.00005709,
ArranqueDesde25_0_CHasta50_0_C,Saturación con AW,1238,1237,50.00005679,
ArranqueDesde25_0_CHasta50_0_C,Saturación con AW,1239,1238,50.00005649,
ArranqueDesde25_0_CHasta50_0_C,Saturación con AW,1240,1239,50.00005619,
ArranqueDesde25_0_CHasta50_0_C,Saturación con AW,1241,1240,50.00005589,
ArranqueDesde25_0_CHasta50_0_C,Saturación con AW,1242,1241,50.00005559,
ArranqueDesde25_0_CHasta50_0_C,Saturación con AW,1243,1242,50.0000553,
ArranqueDesde25_0_CHasta50_0_C,Saturación con AW,1244,1243,50.00005501,
ArranqueDesde25_0_CHasta50_0_C,Saturación con AW,1245,1244,50.00005472,
ArranqueDesde25_0_CHasta50_0_C,Saturación con AW,1246,1245,50.00005443,
ArranqueDesde25_0_CHasta50_0_C,Saturación con AW,1247,1246,50.00005414,
ArranqueDesde25_0_CHasta50_0_C,Saturación con AW,1248,1247,50.00005385,
ArranqueDesde25_0_CHasta50_0_C,Saturación con AW,1249,1248,50.00005357,
ArranqueDesde25_0_CHasta50_0_C,Saturación con AW,1250,1249,50.00005329,
ArranqueDesde25_0_CHasta50_0_C,Saturación con AW,1251,1250,50.000053,
ArranqueDesde25_0_CHasta50_0_C,Saturación con AW,1252,1251,50.00005272,
ArranqueDesde25_0_CHasta50_0_C,Saturación con AW,1253,1252,50.00005244,
ArranqueDesde25_0_CHasta50_0_C,Saturación con AW,1254,1253,50.00005217,
ArranqueDesde25_0_CHasta50_0_C,Saturación con AW,1255,1254,50.00005189,
ArranqueDesde25_0_CHasta50_0_C,Saturación con AW,1256,1255,50.00005162,
ArranqueDesde25_0_CHasta50_0_C,Saturación con AW,1257,1256,50.00005134,
ArranqueDesde25_0_CHasta50_0_C,Saturación con AW,1258,1257,50.00005107,
ArranqueDesde25_0_CHasta50_0_C,Saturación con AW,1259,1258,50.0000508,
ArranqueDesde25_0_CHasta50_0_C,Saturación con AW,1260,1259,50.00005053,
ArranqueDesde25_0_CHasta50_0_C,Saturación con AW,1261,1260,50.00005027,
ArranqueDesde25_0_CHasta50_0_C,Saturación con AW,1262,1261,50.00005,
ArranqueDesde25_0_CHasta50_0_C,Saturación con AW,1263,1262,50.00004974,
ArranqueDesde25_0_CHasta50_0_C,Saturación con AW,1264,1263,50.00004947,
ArranqueDesde25_0_CHasta50_0_C,Saturación con AW,1265,1264,50.00004921,
ArranqueDesde25_0_CHasta50_0_C,Saturación con AW,1266,1265,50.00004895,
ArranqueDesde25_0_CHasta50_0_C,Saturación con AW,1267,1266,50.00004869,
ArranqueDesde25_0_CHasta50_0_C,Saturación con AW,1268,1267,50.00004843,
ArranqueDesde25_0_CHasta50_0_C,Saturación con AW,1269,1268,50.00004818,
ArranqueDesde25_0_CHasta50_0_C,Saturación con AW,1270,1269,50.00004792,
ArranqueDesde25_0_CHasta50_0_C,Saturación con AW,1271,1270,50.00004767,
ArranqueDesde25_0_CHasta50_0_C,Saturación con AW,1272,1271,50.00004742,
ArranqueDesde25_0_CHasta50_0_C,Saturación con AW,1273,1272,50.00004717,
ArranqueDesde25_0_CHasta50_0_C,Saturación con AW,1274,1273,50.00004692,
ArranqueDesde25_0_CHasta50_0_C,Saturación con AW,1275,1274,50.00004667,
ArranqueDesde25_0_CHasta50_0_C,Saturación con AW,1276,1275,50.00004642,
ArranqueDesde25_0_CHasta50_0_C,Saturación con AW,1277,1276,50.00004618,
ArranqueDesde25_0_CHasta50_0_C,Saturación con AW,1278,1277,50.00004593,
ArranqueDesde25_0_CHasta50_0_C,Saturación con AW,1279,1278,50.00004569,
ArranqueDesde25_0_CHasta50_0_C,Saturación con AW,1280,1279,50.00004545,
ArranqueDesde25_0_CHasta50_0_C,Saturación con AW,1281,1280,50.00004521,
ArranqueDesde25_0_CHasta50_0_C,Saturación con AW,1282,1281,50.00004497,
ArranqueDesde25_0_CHasta50_0_C,Saturación con AW,1283,1282,50.00004473,
ArranqueDesde25_0_CHasta50_0_C,Saturación con AW,1284,1283,50.00004449,
ArranqueDesde25_0_CHasta50_0_C,Saturación con AW,1285,1284,50.00004426,
ArranqueDesde25_0_CHasta50_0_C,Saturación con AW,1286,1285,50.00004403,
ArranqueDesde25_0_CHasta50_0_C,Saturación con AW,1287,1286,50.00004379,
ArranqueDesde25_0_CHasta50_0_C,Saturación con AW,1288,1287,50.00004356,
ArranqueDesde25_0_CHasta50_0_C,Saturación con AW,1289,1288,50.00004333,
ArranqueDesde25_0_CHasta50_0_C,Saturación con AW,1290,1289,50.0000431,
ArranqueDesde25_0_CHasta50_0_C,Saturación con AW,1291,1290,50.00004287,
ArranqueDesde25_0_CHasta50_0_C,Saturación con AW,1292,1291,50.00004265,
ArranqueDesde25_0_CHasta50_0_C,Saturación con AW,1293,1292,50.00004242,
ArranqueDesde25_0_CHasta50_0_C,Saturación con AW,1294,1293,50.0000422,
ArranqueDesde25_0_CHasta50_0_C,Saturación con AW,1295,1294,50.00004197,
ArranqueDesde25_0_CHasta50_0_C,Saturación con AW,1296,1295,50.00004175,
ArranqueDesde25_0_CHasta50_0_C,Saturación con AW,1297,1296,50.00004153,
ArranqueDesde25_0_CHasta50_0_C,Saturación con AW,1298,1297,50.00004131,
ArranqueDesde25_0_CHasta50_0_C,Saturación con AW,1299,1298,50.00004109,
ArranqueDesde25_0_CHasta50_0_C,Saturación con AW,1300,1299,50.00004088,
ArranqueDesde25_0_CHasta50_0_C,Saturación con AW,1301,1300,50.00004066,
ArranqueDesde25_0_CHasta50_0_C,Saturación con AW,1302,1301,50.00004044,
ArranqueDesde25_0_CHasta50_0_C,Saturación con AW,1303,1302,50.00004023,
ArranqueDesde25_0_CHasta50_0_C,Saturación con AW,1304,1303,50.00004002,
ArranqueDesde25_0_CHasta50_0_C,Saturación con AW,1305,1304,50.00003981,
ArranqueDesde25_0_CHasta50_0_C,Saturación con AW,1306,1305,50.0000396,
ArranqueDesde25_0_CHasta50_0_C,Saturación con AW,1307,1306,50.00003939,
ArranqueDesde25_0_CHasta50_0_C,Saturación con AW,1308,1307,50.00003918,
ArranqueDesde25_0_CHasta50_0_C,Saturación con AW,1309,1308,50.00003897,
ArranqueDesde25_0_CHasta50_0_C,Saturación con AW,1310,1309,50.00003876,
ArranqueDesde25_0_CHasta50_0_C,Saturación con AW,1311,1310,50.00003856,
ArranqueDesde25_0_CHasta50_0_C,Saturación con AW,1312,1311,50.00003836,
ArranqueDesde25_0_CHasta50_0_C,Saturación con AW,1313,1312,50.00003815,
ArranqueDesde25_0_CHasta50_0_C,Saturación con AW,1314,1313,50.00003795,
ArranqueDesde25_0_CHasta50_0_C,Saturación con AW,1315,1314,50.00003775,
ArranqueDesde25_0_CHasta50_0_C,Saturación con AW,1316,1315,50.00003755,
ArranqueDesde25_0_CHasta50_0_C,Saturación con AW,1317,1316,50.00003735,
ArranqueDesde25_0_CHasta50_0_C,Saturación con AW,1318,1317,50.00003715,
ArranqueDesde25_0_CHasta50_0_C,Saturación con AW,1319,1318,50.00003696,
ArranqueDesde25_0_CHasta50_0_C,Saturación con AW,1320,1319,50.00003676,
ArranqueDesde25_0_CHasta50_0_C,Saturación con AW,1321,1320,50.00003657,
ArranqueDesde25_0_CHasta50_0_C,Saturación con AW,1322,1321,50.00003637,
ArranqueDesde25_0_CHasta50_0_C,Saturación con AW,1323,1322,50.00003618,
ArranqueDesde25_0_CHasta50_0_C,Saturación con AW,1324,1323,50.00003599,
ArranqueDesde25_0_CHasta50_0_C,Saturación con AW,1325,1324,50.0000358,
ArranqueDesde25_0_CHasta50_0_C,Saturación con AW,1326,1325,50.00003561,
ArranqueDesde25_0_CHasta50_0_C,Saturación con AW,1327,1326,50.00003542,
ArranqueDesde25_0_CHasta50_0_C,Saturación con AW,1328,1327,50.00003524,
ArranqueDesde25_0_CHasta50_0_C,Saturación con AW,1329,1328,50.00003505,
ArranqueDesde25_0_CHasta50_0_C,Saturación con AW,1330,1329,50.00003486,
ArranqueDesde25_0_CHasta50_0_C,Saturación con AW,1331,1330,50.00003468,
ArranqueDesde25_0_CHasta50_0_C,Saturación con AW,1332,1331,50.0000345,
ArranqueDesde25_0_CHasta50_0_C,Saturación con AW,1333,1332,50.00003431,
ArranqueDesde25_0_CHasta50_0_C,Saturación con AW,1334,1333,50.00003413,
ArranqueDesde25_0_CHasta50_0_C,Saturación con AW,1335,1334,50.00003395,
ArranqueDesde25_0_CHasta50_0_C,Saturación con AW,1336,1335,50.00003377,
ArranqueDesde25_0_CHasta50_0_C,Saturación con AW,1337,1336,50.00003359,
ArranqueDesde25_0_CHasta50_0_C,Saturación con AW,1338,1337,50.00003342,
ArranqueDesde25_0_CHasta50_0_C,Saturación con AW,1339,1338,50.00003324,
ArranqueDesde25_0_CHasta50_0_C,Saturación con AW,1340,1339,50.00003306,
ArranqueDesde25_0_CHasta50_0_C,Saturación con AW,1341,1340,50.00003289,
ArranqueDesde25_0_CHasta50_0_C,Saturación con AW,1342,1341,50.00003271,
ArranqueDesde25_0_CHasta50_0_C,Saturación con AW,1343,1342,50.00003254,
ArranqueDesde25_0_CHasta50_0_C,Saturación con AW,1344,1343,50.00003237,
ArranqueDesde25_0_CHasta50_0_C,Saturación con AW,1345,1344,50.0000322,
ArranqueDesde25_0_CHasta50_0_C,Saturación con AW,1346,1345,50.00003203,
ArranqueDesde25_0_CHasta50_0_C,Saturación con AW,1347,1346,50.00003186,
ArranqueDesde25_0_CHasta50_0_C,Saturación con AW,1348,1347,50.00003169,
ArranqueDesde25_0_CHasta50_0_C,Saturación con AW,1349,1348,50.00003152,
ArranqueDesde25_0_CHasta50_0_C,Saturación con AW,1350,1349,50.00003136,
ArranqueDesde25_0_CHasta50_0_C,Saturación con AW,1351,1350,50.00003119,
ArranqueDesde25_0_CHasta50_0_C,Saturación con AW,1352,1351,50.00003102,
ArranqueDesde25_0_CHasta50_0_C,Saturación con AW,1353,1352,50.00003086,
ArranqueDesde25_0_CHasta50_0_C,Saturación con AW,1354,1353,50.0000307,
ArranqueDesde25_0_CHasta50_0_C,Saturación con AW,1355,1354,50.00003053,
ArranqueDesde25_0_CHasta50_0_C,Saturación con AW,1356,1355,50.00003037,
ArranqueDesde25_0_CHasta50_0_C,Saturación con AW,1357,1356,50.00003021,
ArranqueDesde25_0_CHasta50_0_C,Saturación con AW,1358,1357,50.00003005,
ArranqueDesde25_0_CHasta50_0_C,Saturación con AW,1359,1358,50.00002989,
ArranqueDesde25_0_CHasta50_0_C,Saturación con AW,1360,1359,50.00002974,
ArranqueDesde25_0_CHasta50_0_C,Saturación con AW,1361,1360,50.00002958,
ArranqueDesde25_0_CHasta50_0_C,Saturación con AW,1362,1361,50.00002942,
ArranqueDesde25_0_CHasta50_0_C,Saturación con AW,1363,1362,50.00002927,
ArranqueDesde25_0_CHasta50_0_C,Saturación con AW,1364,1363,50.00002911,
ArranqueDesde25_0_CHasta50_0_C,Saturación con AW,1365,1364,50.00002896,
ArranqueDesde25_0_CHasta50_0_C,Saturación con AW,1366,1365,50.0000288,
ArranqueDesde25_0_CHasta50_0_C,Saturación con AW,1367,1366,50.00002865,
ArranqueDesde25_0_CHasta50_0_C,Saturación con AW,1368,1367,50.0000285,
ArranqueDesde25_0_CHasta50_0_C,Saturación con AW,1369,1368,50.00002835,
ArranqueDesde25_0_CHasta50_0_C,Saturación con AW,1370,1369,50.0000282,
ArranqueDesde25_0_CHasta50_0_C,Saturación con AW,1371,1370,50.00002805,
ArranqueDesde25_0_CHasta50_0_C,Saturación con AW,1372,1371,50.0000279,
ArranqueDesde25_0_CHasta50_0_C,Saturación con AW,1373,1372,50.00002776,
ArranqueDesde25_0_CHasta50_0_C,Saturación con AW,1374,1373,50.00002761,
ArranqueDesde25_0_CHasta50_0_C,Saturación con AW,1375,1374,50.00002746,
ArranqueDesde25_0_CHasta50_0_C,Saturación con AW,1376,1375,50.00002732,
ArranqueDesde25_0_CHasta50_0_C,Saturación con AW,1377,1376,50.00002717,
ArranqueDesde25_0_CHasta50_0_C,Saturación con AW,1378,1377,50.00002703,
ArranqueDesde25_0_CHasta50_0_C,Saturación con AW,1379,1378,50.00002689,
ArranqueDesde25_0_CHasta50_0_C,Saturación con AW,1380,1379,50.00002674,
ArranqueDesde25_0_CHasta50_0_C,Saturación con AW,1381,1380,50.0000266,
ArranqueDesde25_0_CHasta50_0_C,Saturación con AW,1382,1381,50.00002646,
ArranqueDesde25_0_CHasta50_0_C,Saturación con AW,1383,1382,50.00002632,
ArranqueDesde25_0_CHasta50_0_C,Saturación con AW,1384,1383,50.00002618,
ArranqueDesde25_0_CHasta50_0_C,Saturación con AW,1385,1384,50.00002604,
ArranqueDesde25_0_CHasta50_0_C,Saturación con AW,1386,1385,50.00002591,
ArranqueDesde25_0_CHasta50_0_C,Saturación con AW,1387,1386,50.00002577,
ArranqueDesde25_0_CHasta50_0_C,Saturación con AW,1388,1387,50.00002563,
ArranqueDesde25_0_CHasta50_0_C,Saturación con AW,1389,1388,50.0000255,
ArranqueDesde25_0_CHasta50_0_C,Saturación con AW,1390,1389,50.00002536,
ArranqueDesde25_0_CHasta50_0_C,Saturación con AW,1391,1390,50.00002523,
ArranqueDesde25_0_CHasta50_0_C,Saturación con AW,1392,1391,50.00002509,
ArranqueDesde25_0_CHasta50_0_C,Saturación con AW,1393,1392,50.00002496,
ArranqueDesde25_0_CHasta50_0_C,Saturación con AW,1394,1393,50.00002483,
ArranqueDesde25_0_CHasta50_0_C,Saturación con AW,1395,1394,50.0000247,
ArranqueDesde25_0_CHasta50_0_C,Saturación con AW,1396,1395,50.00002457,
ArranqueDesde25_0_CHasta50_0_C,Saturación con AW,1397,1396,50.00002444,
ArranqueDesde25_0_CHasta50_0_C,Saturación con AW,1398,1397,50.00002431,
ArranqueDesde25_0_CHasta50_0_C,Saturación con AW,1399,1398,50.00002418,
ArranqueDesde25_0_CHasta50_0_C,Saturación con AW,1400,1399,50.00002405,
ArranqueDesde25_0_CHasta50_0_C,Saturación con AW,1401,1400,50.00002393,
ArranqueDesde25_0_CHasta50_0_C,Saturación con AW,1402,1401,50.0000238,
ArranqueDesde25_0_CHasta50_0_C,Saturación con AW,1403,1402,50.00002367,
ArranqueDesde25_0_CHasta50_0_C,Saturación con AW,1404,1403,50.00002355,
ArranqueDesde25_0_CHasta50_0_C,Saturación con AW,1405,1404,50.00002342,
ArranqueDesde25_0_CHasta50_0_C,Saturación con AW,1406,1405,50.0000233,
ArranqueDesde25_0_CHasta50_0_C,Saturación con AW,1407,1406,50.00002318,
ArranqueDesde25_0_CHasta50_0_C,Saturación con AW,1408,1407,50.00002305,
ArranqueDesde25_0_CHasta50_0_C,Saturación con AW,1409,1408,50.00002293,
ArranqueDesde25_0_CHasta50_0_C,Saturación con AW,1410,1409,50.00002281,
ArranqueDesde25_0_CHasta50_0_C,Saturación con AW,1411,1410,50.00002269,
ArranqueDesde25_0_CHasta50_0_C,Saturación con AW,1412,1411,50.00002257,
ArranqueDesde25_0_CHasta50_0_C,Saturación con AW,1413,1412,50.00002245,
ArranqueDesde25_0_CHasta50_0_C,Saturación con AW,1414,1413,50.00002233,
ArranqueDesde25_0_CHasta50_0_C,Saturación con AW,1415,1414,50.00002221,
ArranqueDesde25_0_CHasta50_0_C,Saturación con AW,1416,1415,50.0000221,
ArranqueDesde25_0_CHasta50_0_C,Saturación con AW,1417,1416,50.00002198,
ArranqueDesde25_0_CHasta50_0_C,Saturación con AW,1418,1417,50.00002186,
ArranqueDesde25_0_CHasta50_0_C,Saturación con AW,1419,1418,50.00002175,
ArranqueDesde25_0_CHasta50_0_C,Saturación con AW,1420,1419,50.00002163,
ArranqueDesde25_0_CHasta50_0_C,Saturación con AW,1421,1420,50.00002152,
ArranqueDesde25_0_CHasta50_0_C,Saturación con AW,1422,1421,50.0000214,
ArranqueDesde25_0_CHasta50_0_C,Saturación con AW,1423,1422,50.00002129,
ArranqueDesde25_0_CHasta50_0_C,Saturación con AW,1424,1423,50.00002118,
ArranqueDesde25_0_CHasta50_0_C,Saturación con AW,1425,1424,50.00002107,
ArranqueDesde25_0_CHasta50_0_C,Saturación con AW,1426,1425,50.00002095,
ArranqueDesde25_0_CHasta50_0_C,Saturación con AW,1427,1426,50.00002084,
ArranqueDesde25_0_CHasta50_0_C,Saturación con AW,1428,1427,50.00002073,
ArranqueDesde25_0_CHasta50_0_C,Saturación con AW,1429,1428,50.00002062,
ArranqueDesde25_0_CHasta50_0_C,Saturación con AW,1430,1429,50.00002052,
ArranqueDesde25_0_CHasta50_0_C,Saturación con AW,1431,1430,50.00002041,
ArranqueDesde25_0_CHasta50_0_C,Saturación con AW,1432,1431,50.0000203,
ArranqueDesde25_0_CHasta50_0_C,Saturación con AW,1433,1432,50.00002019,
ArranqueDesde25_0_CHasta50_0_C,Saturación con AW,1434,1433,50.00002008,
ArranqueDesde25_0_CHasta50_0_C,Saturación con AW,1435,1434,50.00001998,
ArranqueDesde25_0_CHasta50_0_C,Saturación con AW,1436,1435,50.00001987,
ArranqueDesde25_0_CHasta50_0_C,Saturación con AW,1437,1436,50.00001977,
ArranqueDesde25_0_CHasta50_0_C,Saturación con AW,1438,1437,50.00001966,
ArranqueDesde25_0_CHasta50_0_C,Saturación con AW,1439,1438,50.00001956,
ArranqueDesde25_0_CHasta50_0_C,Saturación con AW,1440,1439,50.00001946,
ArranqueDesde25_0_CHasta50_0_C,Saturación con AW,1441,1440,50.00001935,
ArranqueDesde25_0_CHasta50_0_C,Saturación con AW,1442,1441,50.00001925,
ArranqueDesde25_0_CHasta50_0_C,Saturación con AW,1443,1442,50.00001915,
ArranqueDesde25_0_CHasta50_0_C,Saturación con AW,1444,1443,50.00001905,
ArranqueDesde25_0_CHasta50_0_C,Saturación con AW,1445,1444,50.00001895,
ArranqueDesde25_0_CHasta50_0_C,Saturación con AW,1446,1445,50.00001885,
ArranqueDesde25_0_CHasta50_0_C,Saturación con AW,1447,1446,50.00001875,
ArranqueDesde25_0_CHasta50_0_C,Saturación con AW,1448,1447,50.00001865,
ArranqueDesde25_0_CHasta50_0_C,Saturación con AW,1449,1448,50.00001855,
ArranqueDesde25_0_CHasta50_0_C,Saturación con AW,1450,1449,50.00001845,
ArranqueDesde25_0_CHasta50_0_C,Saturación con AW,1451,1450,50.00001835,
ArranqueDesde25_0_CHasta50_0_C,Saturación con AW,1452,1451,50.00001826,
ArranqueDesde25_0_CHasta50_0_C,Saturación con AW,1453,1452,50.00001816,
ArranqueDesde25_0_CHasta50_0_C,Saturación con AW,1454,1453,50.00001806,
ArranqueDesde25_0_CHasta50_0_C,Saturación con AW,1455,1454,50.00001797,
ArranqueDesde25_0_CHasta50_0_C,Saturación con AW,1456,1455,50.00001787,
ArranqueDesde25_0_CHasta50_0_C,Saturación con AW,1457,1456,50.00001778,
ArranqueDesde25_0_CHasta50_0_C,Saturación con AW,1458,1457,50.00001768,
ArranqueDesde25_0_CHasta50_0_C,Saturación con AW,1459,1458,50.00001759,
ArranqueDesde25_0_CHasta50_0_C,Saturación con AW,1460,1459,50.0000175,
ArranqueDesde25_0_CHasta50_0_C,Saturación con AW,1461,1460,50.00001741,
ArranqueDesde25_0_CHasta50_0_C,Saturación con AW,1462,1461,50.00001731,
ArranqueDesde25_0_CHasta50_0_C,Saturación con AW,1463,1462,50.00001722,
ArranqueDesde25_0_CHasta50_0_C,Saturación con AW,1464,1463,50.00001713,
ArranqueDesde25_0_CHasta50_0_C,Saturación con AW,1465,1464,50.00001704,
ArranqueDesde25_0_CHasta50_0_C,Saturación con AW,1466,1465,50.00001695,
ArranqueDesde25_0_CHasta50_0_C,Saturación con AW,1467,1466,50.00001686,
ArranqueDesde25_0_CHasta50_0_C,Saturación con AW,1468,1467,50.00001677,
ArranqueDesde25_0_CHasta50_0_C,Saturación con AW,1469,1468,50.00001668,
ArranqueDesde25_0_CHasta50_0_C,Saturación con AW,1470,1469,50.00001659,
ArranqueDesde25_0_CHasta50_0_C,Saturación con AW,1471,1470,50.00001651,
ArranqueDesde25_0_CHasta50_0_C,Saturación con AW,1472,1471,50.00001642,
ArranqueDesde25_0_CHasta50_0_C,Saturación con AW,1473,1472,50.00001633,
ArranqueDesde25_0_CHasta50_0_C,Saturación con AW,1474,1473,50.00001625,
ArranqueDesde25_0_CHasta50_0_C,Saturación con AW,1475,1474,50.00001616,
ArranqueDesde25_0_CHasta50_0_C,Saturación con AW,1476,1475,50.00001607,
ArranqueDesde25_0_CHasta50_0_C,Saturación con AW,1477,1476,50.00001599,
ArranqueDesde25_0_CHasta50_0_C,Saturación con AW,1478,1477,50.0000159,
ArranqueDesde25_0_CHasta50_0_C,Saturación con AW,1479,1478,50.00001582,
ArranqueDesde25_0_CHasta50_0_C,Saturación con AW,1480,1479,50.00001574,
ArranqueDesde25_0_CHasta50_0_C,Saturación con AW,1481,1480,50.00001565,
ArranqueDesde25_0_CHasta50_0_C,Saturación con AW,1482,1481,50.00001557,
ArranqueDesde25_0_CHasta50_0_C,Saturación con AW,1483,1482,50.00001549,
ArranqueDesde25_0_CHasta50_0_C,Saturación con AW,1484,1483,50.00001541,
ArranqueDesde25_0_CHasta50_0_C,Saturación con AW,1485,1484,50.00001533,
ArranqueDesde25_0_CHasta50_0_C,Saturación con AW,1486,1485,50.00001524,
ArranqueDesde25_0_CHasta50_0_C,Saturación con AW,1487,1486,50.00001516,
ArranqueDesde25_0_CHasta50_0_C,Saturación con AW,1488,1487,50.00001508,
ArranqueDesde25_0_CHasta50_0_C,Saturación con AW,1489,1488,50.000015,
ArranqueDesde25_0_CHasta50_0_C,Saturación con AW,1490,1489,50.00001492,
ArranqueDesde25_0_CHasta50_0_C,Saturación con AW,1491,1490,50.00001485,
ArranqueDesde25_0_CHasta50_0_C,Saturación con AW,1492,1491,50.00001477,
ArranqueDesde25_0_CHasta50_0_C,Saturación con AW,1493,1492,50.00001469,
ArranqueDesde25_0_CHasta50_0_C,Saturación con AW,1494,1493,50.00001461,
ArranqueDesde25_0_CHasta50_0_C,Saturación con AW,1495,1494,50.00001453,
ArranqueDesde25_0_CHasta50_0_C,Saturación con AW,1496,1495,50.00001446,
ArranqueDesde25_0_CHasta50_0_C,Saturación con AW,1497,1496,50.00001438,
ArranqueDesde25_0_CHasta50_0_C,Saturación con AW,1498,1497,50.0000143,
ArranqueDesde25_0_CHasta50_0_C,Saturación con AW,1499,1498,50.00001423,
ArranqueDesde25_0_CHasta50_0_C,Saturación con AW,1500,1499,50.00001415,
ArranqueDesde25_0_CHasta50_0_C,Saturación con AW,1501,1500,50.00001408,
ArranqueDesde25_0_CHasta50_0_C,Saturación con AW,1502,1501,50.000014,
ArranqueDesde25_0_CHasta50_0_C,Saturación con AW,1503,1502,50.00001393,
ArranqueDesde25_0_CHasta50_0_C,Saturación con AW,1504,1503,50.00001386,
ArranqueDesde25_0_CHasta50_0_C,Saturación con AW,1505,1504,50.00001378,
ArranqueDesde25_0_CHasta50_0_C,Saturación con AW,1506,1505,50.00001371,
ArranqueDesde25_0_CHasta50_0_C,Saturación con AW,1507,1506,50.00001364,
ArranqueDesde25_0_CHasta50_0_C,Saturación con AW,1508,1507,50.00001357,
ArranqueDesde25_0_CHasta50_0_C,Saturación con AW,1509,1508,50.00001349,
ArranqueDesde25_0_CHasta50_0_C,Saturación con AW,1510,1509,50.00001342,
ArranqueDesde25_0_CHasta50_0_C,Saturación con AW,1511,1510,50.00001335,
ArranqueDesde25_0_CHasta50_0_C,Saturación con AW,1512,1511,50.00001328,
ArranqueDesde25_0_CHasta50_0_C,Saturación con AW,1513,1512,50.00001321,
ArranqueDesde25_0_CHasta50_0_C,Saturación con AW,1514,1513,50.00001314,
ArranqueDesde25_0_CHasta50_0_C,Saturación con AW,1515,1514,50.00001307,
ArranqueDesde25_0_CHasta50_0_C,Saturación con AW,1516,1515,50.000013,
ArranqueDesde25_0_CHasta50_0_C,Saturación con AW,1517,1516,50.00001293,
ArranqueDesde25_0_CHasta50_0_C,Saturación con AW,1518,1517,50.00001287,
ArranqueDesde25_0_CHasta50_0_C,Saturación con AW,1519,1518,50.0000128,
ArranqueDesde25_0_CHasta50_0_C,Saturación con AW,1520,1519,50.00001273,
ArranqueDesde25_0_CHasta50_0_C,Saturación con AW,1521,1520,50.00001266,
ArranqueDesde25_0_CHasta50_0_C,Saturación con AW,1522,1521,50.0000126,
ArranqueDesde25_0_CHasta50_0_C,Saturación con AW,1523,1522,50.00001253,
ArranqueDesde25_0_CHasta50_0_C,Saturación con AW,1524,1523,50.00001246,
ArranqueDesde25_0_CHasta50_0_C,Saturación con AW,1525,1524,50.0000124,
ArranqueDesde25_0_CHasta50_0_C,Saturación con AW,1526,1525,50.00001233,
ArranqueDesde25_0_CHasta50_0_C,Saturación con AW,1527,1526,50.00001227,
ArranqueDesde25_0_CHasta50_0_C,Saturación con AW,1528,1527,50.0000122,
ArranqueDesde25_0_CHasta50_0_C,Saturación con AW,1529,1528,50.00001214,
ArranqueDesde25_0_CHasta50_0_C,Saturación con AW,1530,1529,50.00001207,
ArranqueDesde25_0_CHasta50_0_C,Saturación con AW,1531,1530,50.00001201,
ArranqueDesde25_0_CHasta50_0_C,Saturación con AW,1532,1531,50.00001194,
ArranqueDesde25_0_CHasta50_0_C,Saturación con AW,1533,1532,50.00001188,
ArranqueDesde25_0_CHasta50_0_C,Saturación con AW,1534,1533,50.00001182,
ArranqueDesde25_0_CHasta50_0_C,Saturación con AW,1535,1534,50.00001176,
ArranqueDesde25_0_CHasta50_0_C,Saturación con AW,1536,1535,50.00001169,
ArranqueDesde25_0_CHasta50_0_C,Saturación con AW,1537,1536,50.00001163,
ArranqueDesde25_0_CHasta50_0_C,Saturación con AW,1538,1537,50.00001157,
ArranqueDesde25_0_CHasta50_0_C,Saturación con AW,1539,1538,50.00001151,
ArranqueDesde25_0_CHasta50_0_C,Saturación con AW,1540,1539,50.00001145,
ArranqueDesde25_0_CHasta50_0_C,Saturación con AW,1541,1540,50.00001139,
ArranqueDesde25_0_CHasta50_0_C,Saturación con AW,1542,1541,50.00001133,
ArranqueDesde25_0_CHasta50_0_C,Saturación con AW,1543,1542,50.00001127,
ArranqueDesde25_0_CHasta50_0_C,Saturación con AW,1544,1543,50.00001121,
ArranqueDesde25_0_CHasta50_0_C,Saturación con AW,1545,1544,50.00001115,
ArranqueDesde25_0_CHasta50_0_C,Saturación con AW,1546,1545,50.00001109,
ArranqueDesde25_0_CHasta50_0_C,Saturación con AW,1547,1546,50.00001103,
ArranqueDesde25_0_CHasta50_0_C,Saturación con AW,1548,1547,50.00001097,
ArranqueDesde25_0_CHasta50_0_C,Saturación con AW,1549,1548,50.00001091,
ArranqueDesde25_0_CHasta50_0_C,Saturación con AW,1550,1549,50.00001086,
ArranqueDesde25_0_CHasta50_0_C,Saturación con AW,1551,1550,50.0000108,
ArranqueDesde25_0_CHasta50_0_C,Saturación con AW,1552,1551,50.00001074,
ArranqueDesde25_0_CHasta50_0_C,Saturación con AW,1553,1552,50.00001069,
ArranqueDesde25_0_CHasta50_0_C,Saturación con AW,1554,1553,50.00001063,
ArranqueDesde25_0_CHasta50_0_C,Saturación con AW,1555,1554,50.00001057,
ArranqueDesde25_0_CHasta50_0_C,Saturación con AW,1556,1555,50.00001052,
ArranqueDesde25_0_CHasta50_0_C,Saturación con AW,1557,1556,50.00001046,
ArranqueDesde25_0_CHasta50_0_C,Saturación con AW,1558,1557,50.00001041,
ArranqueDesde25_0_CHasta50_0_C,Saturación con AW,1559,1558,50.00001035,
ArranqueDesde25_0_CHasta50_0_C,Saturación con AW,1560,1559,50.0000103,
ArranqueDesde25_0_CHasta50_0_C,Saturación con AW,1561,1560,50.00001024,
ArranqueDesde25_0_CHasta50_0_C,Saturación con AW,1562,1561,50.00001019,
ArranqueDesde25_0_CHasta50_0_C,Saturación con AW,1563,1562,50.00001013,
ArranqueDesde25_0_CHasta50_0_C,Saturación con AW,1564,1563,50.00001008,
ArranqueDesde25_0_CHasta50_0_C,Saturación con AW,1565,1564,50.00001003,
ArranqueDesde25_0_CHasta50_0_C,Saturación con AW,1566,1565,50.00000997,
ArranqueDesde25_0_CHasta50_0_C,Saturación con AW,1567,1566,50.00000992,
ArranqueDesde25_0_CHasta50_0_C,Saturación con AW,1568,1567,50.00000987,
ArranqueDesde25_0_CHasta50_0_C,Saturación con AW,1569,1568,50.00000982,
ArranqueDesde25_0_CHasta50_0_C,Saturación con AW,1570,1569,50.00000976,
ArranqueDesde25_0_CHasta50_0_C,Saturación con AW,1571,1570,50.00000971,
ArranqueDesde25_0_CHasta50_0_C,Saturación con AW,1572,1571,50.00000966,
ArranqueDesde25_0_CHasta50_0_C,Saturación con AW,1573,1572,50.00000961,
ArranqueDesde25_0_CHasta50_0_C,Saturación con AW,1574,1573,50.00000956,
ArranqueDesde25_0_CHasta50_0_C,Saturación con AW,1575,1574,50.00000951,
ArranqueDesde25_0_CHasta50_0_C,Saturación con AW,1576,1575,50.00000946,
ArranqueDesde25_0_CHasta50_0_C,Saturación con AW,1577,1576,50.00000941,
ArranqueDesde25_0_CHasta50_0_C,Saturación con AW,1578,1577,50.00000936,
ArranqueDesde25_0_CHasta50_0_C,Saturación con AW,1579,1578,50.00000931,
ArranqueDesde25_0_CHasta50_0_C,Saturación con AW,1580,1579,50.00000926,
ArranqueDesde25_0_CHasta50_0_C,Saturación con AW,1581,1580,50.00000921,
ArranqueDesde25_0_CHasta50_0_C,Saturación con AW,1582,1581,50.00000916,
ArranqueDesde25_0_CHasta50_0_C,Saturación con AW,1583,1582,50.00000911,
ArranqueDesde25_0_CHasta50_0_C,Saturación con AW,1584,1583,50.00000907,
ArranqueDesde25_0_CHasta50_0_C,Saturación con AW,1585,1584,50.00000902,
ArranqueDesde25_0_CHasta50_0_C,Saturación con AW,1586,1585,50.00000897,
ArranqueDesde25_0_CHasta50_0_C,Saturación con AW,1587,1586,50.00000892,
ArranqueDesde25_0_CHasta50_0_C,Saturación con AW,1588,1587,50.00000888,
ArranqueDesde25_0_CHasta50_0_C,Saturación con AW,1589,1588,50.00000883,
ArranqueDesde25_0_CHasta50_0_C,Saturación con AW,1590,1589,50.00000878,
ArranqueDesde25_0_CHasta50_0_C,Saturación con AW,1591,1590,50.00000874,
ArranqueDesde25_0_CHasta50_0_C,Saturación con AW,1592,1591,50.00000869,
ArranqueDesde25_0_CHasta50_0_C,Saturación con AW,1593,1592,50.00000864,
ArranqueDesde25_0_CHasta50_0_C,Saturación con AW,1594,1593,50.0000086,
ArranqueDesde25_0_CHasta50_0_C,Saturación con AW,1595,1594,50.00000855,
ArranqueDesde25_0_CHasta50_0_C,Saturación con AW,1596,1595,50.00000851,
ArranqueDesde25_0_CHasta50_0_C,Saturación con AW,1597,1596,50.00000846,
ArranqueDesde25_0_CHasta50_0_C,Saturación con AW,1598,1597,50.00000842,
ArranqueDesde25_0_CHasta50_0_C,Saturación con AW,1599,1598,50.00000837,
ArranqueDesde25_0_CHasta50_0_C,Saturación con AW,1600,1599,50.00000833,
ArranqueDesde25_0_CHasta50_0_C,Saturación con AW,1601,1600,50.00000828,
ArranqueDesde25_0_CHasta50_0_C,Saturación con AW,1602,1601,50.00000824,
ArranqueDesde25_0_CHasta50_0_C,Saturación con AW,1603,1602,50.0000082,
ArranqueDesde25_0_CHasta50_0_C,Saturación con AW,1604,1603,50.00000815,
ArranqueDesde25_0_CHasta50_0_C,Saturación con AW,1605,1604,50.00000811,
ArranqueDesde25_0_CHasta50_0_C,Saturación con AW,1606,1605,50.00000807,
ArranqueDesde25_0_CHasta50_0_C,Saturación con AW,1607,1606,50.00000803,
ArranqueDesde25_0_CHasta50_0_C,Saturación con AW,1608,1607,50.00000798,
ArranqueDesde25_0_CHasta50_0_C,Saturación con AW,1609,1608,50.00000794,
ArranqueDesde25_0_CHasta50_0_C,Saturación con AW,1610,1609,50.0000079,
ArranqueDesde25_0_CHasta50_0_C,Saturación con AW,1611,1610,50.00000786,
ArranqueDesde25_0_CHasta50_0_C,Saturación con AW,1612,1611,50.00000782,
ArranqueDesde25_0_CHasta50_0_C,Saturación con AW,1613,1612,50.00000777,
ArranqueDesde25_0_CHasta50_0_C,Saturación con AW,1614,1613,50.00000773,
ArranqueDesde25_0_CHasta50_0_C,Saturación con AW,1615,1614,50.00000769,
ArranqueDesde25_0_CHasta50_0_C,Saturación con AW,1616,1615,50.00000765,
ArranqueDesde25_0_CHasta50_0_C,Saturación con AW,1617,1616,50.00000761,
ArranqueDesde25_0_CHasta50_0_C,Saturación con AW,1618,1617,50.00000757,
ArranqueDesde25_0_CHasta50_0_C,Saturación con AW,1619,1618,50.00000753,
ArranqueDesde25_0_CHasta50_0_C,Saturación con AW,1620,1619,50.00000749,
ArranqueDesde25_0_CHasta50_0_C,Saturación con AW,1621,1620,50.00000745,
ArranqueDesde25_0_CHasta50_0_C,Saturación con AW,1622,1621,50.00000741,
ArranqueDesde25_0_CHasta50_0_C,Saturación con AW,1623,1622,50.00000737,
ArranqueDesde25_0_CHasta50_0_C,Saturación con AW,1624,1623,50.00000733,
ArranqueDesde25_0_CHasta50_0_C,Saturación con AW,1625,1624,50.00000729,
ArranqueDesde25_0_CHasta50_0_C,Saturación con AW,1626,1625,50.00000726,
ArranqueDesde25_0_CHasta50_0_C,Saturación con AW,1627,1626,50.00000722,
ArranqueDesde25_0_CHasta50_0_C,Saturación con AW,1628,1627,50.00000718,
ArranqueDesde25_0_CHasta50_0_C,Saturación con AW,1629,1628,50.00000714,
ArranqueDesde25_0_CHasta50_0_C,Saturación con AW,1630,1629,50.0000071,
ArranqueDesde25_0_CHasta50_0_C,Saturación con AW,1631,1630,50.00000707,
ArranqueDesde25_0_CHasta50_0_C,Saturación con AW,1632,1631,50.00000703,
ArranqueDesde25_0_CHasta50_0_C,Saturación con AW,1633,1632,50.00000699,
ArranqueDesde25_0_CHasta50_0_C,Saturación con AW,1634,1633,50.00000695,
ArranqueDesde25_0_CHasta50_0_C,Saturación con AW,1635,1634,50.00000692,
ArranqueDesde25_0_CHasta50_0_C,Saturación con AW,1636,1635,50.00000688,
ArranqueDesde25_0_CHasta50_0_C,Saturación con AW,1637,1636,50.00000684,
ArranqueDesde25_0_CHasta50_0_C,Saturación con AW,1638,1637,50.00000681,
ArranqueDesde25_0_CHasta50_0_C,Saturación con AW,1639,1638,50.00000677,
ArranqueDesde25_0_CHasta50_0_C,Saturación con AW,1640,1639,50.00000674,
ArranqueDesde25_0_CHasta50_0_C,Saturación con AW,1641,1640,50.0000067,
ArranqueDesde25_0_CHasta50_0_C,Saturación con AW,1642,1641,50.00000667,
ArranqueDesde25_0_CHasta50_0_C,Saturación con AW,1643,1642,50.00000663,
ArranqueDesde25_0_CHasta50_0_C,Saturación con AW,1644,1643,50.0000066,
ArranqueDesde25_0_CHasta50_0_C,Saturación con AW,1645,1644,50.00000656,
ArranqueDesde25_0_CHasta50_0_C,Saturación con AW,1646,1645,50.00000653,
ArranqueDesde25_0_CHasta50_0_C,Saturación con AW,1647,1646,50.00000649,
ArranqueDesde25_0_CHasta50_0_C,Saturación con AW,1648,1647,50.00000646,
ArranqueDesde25_0_CHasta50_0_C,Saturación con AW,1649,1648,50.00000642,
ArranqueDesde25_0_CHasta50_0_C,Saturación con AW,1650,1649,50.00000639,
ArranqueDesde25_0_CHasta50_0_C,Saturación con AW,1651,1650,50.00000636,
ArranqueDesde25_0_CHasta50_0_C,Saturación con AW,1652,1651,50.00000632,
ArranqueDesde25_0_CHasta50_0_C,Saturación con AW,1653,1652,50.00000629,
ArranqueDesde25_0_CHasta50_0_C,Saturación con AW,1654,1653,50.00000625,
ArranqueDesde25_0_CHasta50_0_C,Saturación con AW,1655,1654,50.00000622,
ArranqueDesde25_0_CHasta50_0_C,Saturación con AW,1656,1655,50.00000619,
ArranqueDesde25_0_CHasta50_0_C,Saturación con AW,1657,1656,50.00000616,
ArranqueDesde25_0_CHasta50_0_C,Saturación con AW,1658,1657,50.00000612,
ArranqueDesde25_0_CHasta50_0_C,Saturación con AW,1659,1658,50.00000609,
ArranqueDesde25_0_CHasta50_0_C,Saturación con AW,1660,1659,50.00000606,
ArranqueDesde25_0_CHasta50_0_C,Saturación con AW,1661,1660,50.00000603,
ArranqueDesde25_0_CHasta50_0_C,Saturación con AW,1662,1661,50.00000599,
ArranqueDesde25_0_CHasta50_0_C,Saturación con AW,1663,1662,50.00000596,
ArranqueDesde25_0_CHasta50_0_C,Saturación con AW,1664,1663,50.00000593,
ArranqueDesde25_0_CHasta50_0_C,Saturación con AW,1665,1664,50.0000059,
ArranqueDesde25_0_CHasta50_0_C,Saturación con AW,1666,1665,50.00000587,
ArranqueDesde25_0_CHasta50_0_C,Saturación con AW,1667,1666,50.00000584,
ArranqueDesde25_0_CHasta50_0_C,Saturación con AW,1668,1667,50.00000581,
ArranqueDesde25_0_CHasta50_0_C,Saturación con AW,1669,1668,50.00000578,
ArranqueDesde25_0_CHasta50_0_C,Saturación con AW,1670,1669,50.00000575,
ArranqueDesde25_0_CHasta50_0_C,Saturación con AW,1671,1670,50.00000572,
ArranqueDesde25_0_CHasta50_0_C,Saturación con AW,1672,1671,50.00000569,
ArranqueDesde25_0_CHasta50_0_C,Saturación con AW,1673,1672,50.00000566,
ArranqueDesde25_0_CHasta50_0_C,Saturación con AW,1674,1673,50.00000563,
ArranqueDesde25_0_CHasta50_0_C,Saturación con AW,1675,1674,50.0000056,
ArranqueDesde25_0_CHasta50_0_C,Saturación con AW,1676,1675,50.00000557,
ArranqueDesde25_0_CHasta50_0_C,Saturación con AW,1677,1676,50.00000554,
ArranqueDesde25_0_CHasta50_0_C,Saturación con AW,1678,1677,50.00000551,
ArranqueDesde25_0_CHasta50_0_C,Saturación con AW,1679,1678,50.00000548,
ArranqueDesde25_0_CHasta50_0_C,Saturación con AW,1680,1679,50.00000545,
ArranqueDesde25_0_CHasta50_0_C,Saturación con AW,1681,1680,50.00000542,
ArranqueDesde25_0_CHasta50_0_C,Saturación con AW,1682,1681,50.00000539,
ArranqueDesde25_0_CHasta50_0_C,Saturación con AW,1683,1682,50.00000536,
ArranqueDesde25_0_CHasta50_0_C,Saturación con AW,1684,1683,50.00000533,
ArranqueDesde25_0_CHasta50_0_C,Saturación con AW,1685,1684,50.00000531,
ArranqueDesde25_0_CHasta50_0_C,Saturación con AW,1686,1685,50.00000528,
ArranqueDesde25_0_CHasta50_0_C,Saturación con AW,1687,1686,50.00000525,
ArranqueDesde25_0_CHasta50_0_C,Saturación con AW,1688,1687,50.00000522,
ArranqueDesde25_0_CHasta50_0_C,Saturación con AW,1689,1688,50.0000052,
ArranqueDesde25_0_CHasta50_0_C,Saturación con AW,1690,1689,50.00000517,
ArranqueDesde25_0_CHasta50_0_C,Saturación con AW,1691,1690,50.00000514,
ArranqueDesde25_0_CHasta50_0_C,Saturación con AW,1692,1691,50.00000511,
ArranqueDesde25_0_CHasta50_0_C,Saturación con AW,1693,1692,50.00000509,
ArranqueDesde25_0_CHasta50_0_C,Saturación con AW,1694,1693,50.00000506,
ArranqueDesde25_0_CHasta50_0_C,Saturación con AW,1695,1694,50.00000503,
ArranqueDesde25_0_CHasta50_0_C,Saturación con AW,1696,1695,50.00000501,
ArranqueDesde25_0_CHasta50_0_C,Saturación con AW,1697,1696,50.00000498,
ArranqueDesde25_0_CHasta50_0_C,Saturación con AW,1698,1697,50.00000495,
ArranqueDesde25_0_CHasta50_0_C,Saturación con AW,1699,1698,50.00000493,
ArranqueDesde25_0_CHasta50_0_C,Saturación con AW,1700,1699,50.0000049,
ArranqueDesde25_0_CHasta50_0_C,Saturación con AW,1701,1700,50.00000487,
ArranqueDesde25_0_CHasta50_0_C,Saturación con AW,1702,1701,50.00000485,
ArranqueDesde25_0_CHasta50_0_C,Saturación con AW,1703,1702,50.00000482,
ArranqueDesde25_0_CHasta50_0_C,Saturación con AW,1704,1703,50.0000048,
ArranqueDesde25_0_CHasta50_0_C,Saturación con AW,1705,1704,50.00000477,
ArranqueDesde25_0_CHasta50_0_C,Saturación con AW,1706,1705,50.00000475,
ArranqueDesde25_0_CHasta50_0_C,Saturación con AW,1707,1706,50.00000472,
ArranqueDesde25_0_CHasta50_0_C,Saturación con AW,1708,1707,50.0000047,
ArranqueDesde25_0_CHasta50_0_C,Saturación con AW,1709,1708,50.00000467,
ArranqueDesde25_0_CHasta50_0_C,Saturación con AW,1710,1709,50.00000465,
ArranqueDesde25_0_CHasta50_0_C,Saturación con AW,1711,1710,50.00000462,
ArranqueDesde25_0_CHasta50_0_C,Saturación con AW,1712,1711,50.0000046,
ArranqueDesde25_0_CHasta50_0_C,Saturación con AW,1713,1712,50.00000457,
ArranqueDesde25_0_CHasta50_0_C,Saturación con AW,1714,1713,50.00000455,
ArranqueDesde25_0_CHasta50_0_C,Saturación con AW,1715,1714,50.00000453,
ArranqueDesde25_0_CHasta50_0_C,Saturación con AW,1716,1715,50.0000045,
ArranqueDesde25_0_CHasta50_0_C,Saturación con AW,1717,1716,50.00000448,
ArranqueDesde25_0_CHasta50_0_C,Saturación con AW,1718,1717,50.00000445,
ArranqueDesde25_0_CHasta50_0_C,Saturación con AW,1719,1718,50.00000443,
ArranqueDesde25_0_CHasta50_0_C,Saturación con AW,1720,1719,50.00000441,
ArranqueDesde25_0_CHasta50_0_C,Saturación con AW,1721,1720,50.00000438,
ArranqueDesde25_0_CHasta50_0_C,Saturación con AW,1722,1721,50.00000436,
ArranqueDesde25_0_CHasta50_0_C,Saturación con AW,1723,1722,50.00000434,
ArranqueDesde25_0_CHasta50_0_C,Saturación con AW,1724,1723,50.00000432,
ArranqueDesde25_0_CHasta50_0_C,Saturación con AW,1725,1724,50.00000429,
ArranqueDesde25_0_CHasta50_0_C,Saturación con AW,1726,1725,50.00000427,
ArranqueDesde25_0_CHasta50_0_C,Saturación con AW,1727,1726,50.00000425,
ArranqueDesde25_0_CHasta50_0_C,Saturación con AW,1728,1727,50.00000422,
ArranqueDesde25_0_CHasta50_0_C,Saturación con AW,1729,1728,50.0000042,
ArranqueDesde25_0_CHasta50_0_C,Saturación con AW,1730,1729,50.00000418,
ArranqueDesde25_0_CHasta50_0_C,Saturación con AW,1731,1730,50.00000416,
ArranqueDesde25_0_CHasta50_0_C,Saturación con AW,1732,1731,50.00000414,
ArranqueDesde25_0_CHasta50_0_C,Saturación con AW,1733,1732,50.00000411,
ArranqueDesde25_0_CHasta50_0_C,Saturación con AW,1734,1733,50.00000409,
ArranqueDesde25_0_CHasta50_0_C,Saturación con AW,1735,1734,50.00000407,
ArranqueDesde25_0_CHasta50_0_C,Saturación con AW,1736,1735,50.00000405,
ArranqueDesde25_0_CHasta50_0_C,Saturación con AW,1737,1736,50.00000403,
ArranqueDesde25_0_CHasta50_0_C,Saturación con AW,1738,1737,50.00000401,
ArranqueDesde25_0_CHasta50_0_C,Saturación con AW,1739,1738,50.00000399,
ArranqueDesde25_0_CHasta50_0_C,Saturación con AW,1740,1739,50.00000396,
ArranqueDesde25_0_CHasta50_0_C,Saturación con AW,1741,1740,50.00000394,
ArranqueDesde25_0_CHasta50_0_C,Saturación con AW,1742,1741,50.00000392,
ArranqueDesde25_0_CHasta50_0_C,Saturación con AW,1743,1742,50.0000039,
ArranqueDesde25_0_CHasta50_0_C,Saturación con AW,1744,1743,50.00000388,
ArranqueDesde25_0_CHasta50_0_C,Saturación con AW,1745,1744,50.00000386,
ArranqueDesde25_0_CHasta50_0_C,Saturación con AW,1746,1745,50.00000384,
ArranqueDesde25_0_CHasta50_0_C,Saturación con AW,1747,1746,50.00000382,
ArranqueDesde25_0_CHasta50_0_C,Saturación con AW,1748,1747,50.0000038,
ArranqueDesde25_0_CHasta50_0_C,Saturación con AW,1749,1748,50.00000378,
ArranqueDesde25_0_CHasta50_0_C,Saturación con AW,1750,1749,50.00000376,
ArranqueDesde25_0_CHasta50_0_C,Saturación con AW,1751,1750,50.00000374,
ArranqueDesde25_0_CHasta50_0_C,Saturación con AW,1752,1751,50.00000372,
ArranqueDesde25_0_CHasta50_0_C,Saturación con AW,1753,1752,50.0000037,
ArranqueDesde25_0_CHasta50_0_C,Saturación con AW,1754,1753,50.00000368,
ArranqueDesde25_0_CHasta50_0_C,Saturación con AW,1755,1754,50.00000366,
ArranqueDesde25_0_CHasta50_0_C,Saturación con AW,1756,1755,50.00000364,
ArranqueDesde25_0_CHasta50_0_C,Saturación con AW,1757,1756,50.00000362,
ArranqueDesde25_0_CHasta50_0_C,Saturación con AW,1758,1757,50.0000036,
ArranqueDesde25_0_CHasta50_0_C,Saturación con AW,1759,1758,50.00000358,
ArranqueDesde25_0_CHasta50_0_C,Saturación con AW,1760,1759,50.00000357,
ArranqueDesde25_0_CHasta50_0_C,Saturación con AW,1761,1760,50.00000355,
ArranqueDesde25_0_CHasta50_0_C,Saturación con AW,1762,1761,50.00000353,
ArranqueDesde25_0_CHasta50_0_C,Saturación con AW,1763,1762,50.00000351,
ArranqueDesde25_0_CHasta50_0_C,Saturación con AW,1764,1763,50.00000349,
ArranqueDesde25_0_CHasta50_0_C,Saturación con AW,1765,1764,50.00000347,
ArranqueDesde25_0_CHasta50_0_C,Saturación con AW,1766,1765,50.00000345,
ArranqueDesde25_0_CHasta50_0_C,Saturación con AW,1767,1766,50.00000344,
ArranqueDesde25_0_CHasta50_0_C,Saturación con AW,1768,1767,50.00000342,
ArranqueDesde25_0_CHasta50_0_C,Saturación con AW,1769,1768,50.0000034,
ArranqueDesde25_0_CHasta50_0_C,Saturación con AW,1770,1769,50.00000338,
ArranqueDesde25_0_CHasta50_0_C,Saturación con AW,1771,1770,50.00000336,
ArranqueDesde25_0_CHasta50_0_C,Saturación con AW,1772,1771,50.00000335,
ArranqueDesde25_0_CHasta50_0_C,Saturación con AW,1773,1772,50.00000333,
ArranqueDesde25_0_CHasta50_0_C,Saturación con AW,1774,1773,50.00000331,
ArranqueDesde25_0_CHasta50_0_C,Saturación con AW,1775,1774,50.00000329,
ArranqueDesde25_0_CHasta50_0_C,Saturación con AW,1776,1775,50.00000328,
ArranqueDesde25_0_CHasta50_0_C,Saturación con AW,1777,1776,50.00000326,
ArranqueDesde25_0_CHasta50_0_C,Saturación con AW,1778,1777,50.00000324,
ArranqueDesde25_0_CHasta50_0_C,Saturación con AW,1779,1778,50.00000322,
ArranqueDesde25_0_CHasta50_0_C,Saturación con AW,1780,1779,50.00000321,
ArranqueDesde25_0_CHasta50_0_C,Saturación con AW,1781,1780,50.00000319,
ArranqueDesde25_0_CHasta50_0_C,Saturación con AW,1782,1781,50.00000317,
ArranqueDesde25_0_CHasta50_0_C,Saturación con AW,1783,1782,50.00000316,
ArranqueDesde25_0_CHasta50_0_C,Saturación con AW,1784,1783,50.00000314,
ArranqueDesde25_0_CHasta50_0_C,Saturación con AW,1785,1784,50.00000312,
ArranqueDesde25_0_CHasta50_0_C,Saturación con AW,1786,1785,50.00000311,
ArranqueDesde25_0_CHasta50_0_C,Saturación con AW,1787,1786,50.00000309,
ArranqueDesde25_0_CHasta50_0_C,Saturación con AW,1788,1787,50.00000307,
ArranqueDesde25_0_CHasta50_0_C,Saturación con AW,1789,1788,50.00000306,
ArranqueDesde25_0_CHasta50_0_C,Saturación con AW,1790,1789,50.00000304,
ArranqueDesde25_0_CHasta50_0_C,Saturación con AW,1791,1790,50.00000302,
ArranqueDesde25_0_CHasta50_0_C,Saturación con AW,1792,1791,50.00000301,
ArranqueDesde25_0_CHasta50_0_C,Saturación con AW,1793,1792,50.00000299,
ArranqueDesde25_0_CHasta50_0_C,Saturación con AW,1794,1793,50.00000298,
ArranqueDesde25_0_CHasta50_0_C,Saturación con AW,1795,1794,50.00000296,
ArranqueDesde25_0_CHasta50_0_C,Saturación con AW,1796,1795,50.00000295,
ArranqueDesde25_0_CHasta50_0_C,Saturación con AW,1797,1796,50.00000293,
ArranqueDesde25_0_CHasta50_0_C,Saturación con AW,1798,1797,50.00000291,
ArranqueDesde25_0_CHasta50_0_C,Saturación con AW,1799,1798,50.0000029,
ArranqueDesde25_0_CHasta50_0_C,Saturación con AW,1800,1799,50.00000288,
ArranqueDesde25_0_CHasta50_0_C,Saturación con AW,1801,1800,50.00000287,
ArranqueDesde25_0_CHasta50_0_C,Saturación sin AW,1,0,25,
ArranqueDesde25_0_CHasta50_0_C,Saturación sin AW,2,1,25,
ArranqueDesde25_0_CHasta50_0_C,Saturación sin AW,3,2,25,
ArranqueDesde25_0_CHasta50_0_C,Saturación sin AW,4,3,25,
ArranqueDesde25_0_CHasta50_0_C,Saturación sin AW,5,4,25,
ArranqueDesde25_0_CHasta50_0_C,Saturación sin AW,6,5,25,
ArranqueDesde25_0_CHasta50_0_C,Saturación sin AW,7,6,25,
ArranqueDesde25_0_CHasta50_0_C,Saturación sin AW,8,7,25,
ArranqueDesde25_0_CHasta50_0_C,Saturación sin AW,9,8,25,
ArranqueDesde25_0_CHasta50_0_C,Saturación sin AW,10,9,25,
ArranqueDesde25_0_CHasta50_0_C,Saturación sin AW,11,10,25,
ArranqueDesde25_0_CHasta50_0_C,Saturación sin AW,12,11,25,
ArranqueDesde25_0_CHasta50_0_C,Saturación sin AW,13,12,25,
ArranqueDesde25_0_CHasta50_0_C,Saturación sin AW,14,13,25,
ArranqueDesde25_0_CHasta50_0_C,Saturación sin AW,15,14,25,
ArranqueDesde25_0_CHasta50_0_C,Saturación sin AW,16,15,25,
ArranqueDesde25_0_CHasta50_0_C,Saturación sin AW,17,16,25,
ArranqueDesde25_0_CHasta50_0_C,Saturación sin AW,18,17,25,
ArranqueDesde25_0_CHasta50_0_C,Saturación sin AW,19,18,25,
ArranqueDesde25_0_CHasta50_0_C,Saturación sin AW,20,19,25,
ArranqueDesde25_0_CHasta50_0_C,Saturación sin AW,21,20,25,
ArranqueDesde25_0_CHasta50_0_C,Saturación sin AW,22,21,25,
ArranqueDesde25_0_CHasta50_0_C,Saturación sin AW,23,22,25.39577906,
ArranqueDesde25_0_CHasta50_0_C,Saturación sin AW,24,23,25.79156364,
ArranqueDesde25_0_CHasta50_0_C,Saturación sin AW,25,24,26.1873537,
ArranqueDesde25_0_CHasta50_0_C,Saturación sin AW,26,25,26.58314921,
ArranqueDesde25_0_CHasta50_0_C,Saturación sin AW,27,26,26.97895015,
ArranqueDesde25_0_CHasta50_0_C,Saturación sin AW,28,27,27.37475649,
ArranqueDesde25_0_CHasta50_0_C,Saturación sin AW,29,28,27.7705682,
ArranqueDesde25_0_CHasta50_0_C,Saturación sin AW,30,29,28.16638525,
ArranqueDesde25_0_CHasta50_0_C,Saturación sin AW,31,30,28.56220761,
ArranqueDesde25_0_CHasta50_0_C,Saturación sin AW,32,31,28.95803526,
ArranqueDesde25_0_CHasta50_0_C,Saturación sin AW,33,32,29.35386816,
ArranqueDesde25_0_CHasta50_0_C,Saturación sin AW,34,33,29.74970629,
ArranqueDesde25_0_CHasta50_0_C,Saturación sin AW,35,34,30.14554963,
ArranqueDesde25_0_CHasta50_0_C,Saturación sin AW,36,35,30.54139814,
ArranqueDesde25_0_CHasta50_0_C,Saturación sin AW,37,36,30.93725179,
ArranqueDesde25_0_CHasta50_0_C,Saturación sin AW,38,37,31.33311057,
ArranqueDesde25_0_CHasta50_0_C,Saturación sin AW,39,38,31.72897444,
ArranqueDesde25_0_CHasta50_0_C,Saturación sin AW,40,39,32.12484337,
ArranqueDesde25_0_CHasta50_0_C,Saturación sin AW,41,40,32.52071735,
ArranqueDesde25_0_CHasta50_0_C,Saturación sin AW,42,41,32.91659634,
ArranqueDesde25_0_CHasta50_0_C,Saturación sin AW,43,42,33.31248031,
ArranqueDesde25_0_CHasta50_0_C,Saturación sin AW,44,43,33.70836925,
ArranqueDesde25_0_CHasta50_0_C,Saturación sin AW,45,44,34.09799747,
ArranqueDesde25_0_CHasta50_0_C,Saturación sin AW,46,45,34.48136479,
ArranqueDesde25_0_CHasta50_0_C,Saturación sin AW,47,46,34.858471,
ArranqueDesde25_0_CHasta50_0_C,Saturación sin AW,48,47,35.2293159,
ArranqueDesde25_0_CHasta50_0_C,Saturación sin AW,49,48,35.5938993,
ArranqueDesde25_0_CHasta50_0_C,Saturación sin AW,50,49,35.95222099,
ArranqueDesde25_0_CHasta50_0_C,Saturación sin AW,51,50,36.30428079,
ArranqueDesde25_0_CHasta50_0_C,Saturación sin AW,52,51,36.6500785,
ArranqueDesde25_0_CHasta50_0_C,Saturación sin AW,53,52,36.98961393,
ArranqueDesde25_0_CHasta50_0_C,Saturación sin AW,54,53,37.32288688,
ArranqueDesde25_0_CHasta50_0_C,Saturación sin AW,55,54,37.64989716,
ArranqueDesde25_0_CHasta50_0_C,Saturación sin AW,56,55,37.97064459,
ArranqueDesde25_0_CHasta50_0_C,Saturación sin AW,57,56,38.28512897,
ArranqueDesde25_0_CHasta50_0_C,Saturación sin AW,58,57,38.59335011,
ArranqueDesde25_0_CHasta50_0_C,Saturación sin AW,59,58,38.89530783,
ArranqueDesde25_0_CHasta50_0_C,Saturación sin AW,60,59,39.19100194,
ArranqueDesde25_0_CHasta50_0_C,Saturación sin AW,61,60,39.48043226,
ArranqueDesde25_0_CHasta50_0_C,Saturación sin AW,62,61,39.7635986,
ArranqueDesde25_0_CHasta50_0_C,Saturación sin AW,63,62,40.04050078,
ArranqueDesde25_0_CHasta50_0_C,Saturación sin AW,64,63,40.31113862,
ArranqueDesde25_0_CHasta50_0_C,Saturación sin AW,65,64,40.57551193,
ArranqueDesde25_0_CHasta50_0_C,Saturación sin AW,66,65,40.83362053,
ArranqueDesde25_0_CHasta50_0_C,Saturación sin AW,67,66,41.08556345,
ArranqueDesde25_0_CHasta50_0_C,Saturación sin AW,68,67,41.33143968,
ArranqueDesde25_0_CHasta50_0_C,Saturación sin AW,69,68,41.57134827,
ArranqueDesde25_0_CHasta50_0_C,Saturación sin AW,70,69,41.80538823,
ArranqueDesde25_0_CHasta50_0_C,Saturación sin AW,71,70,42.0336586,
ArranqueDesde25_0_CHasta50_0_C,Saturación sin AW,72,71,42.25625842,
ArranqueDesde25_0_CHasta50_0_C,Saturación sin AW,73,72,42.47328673,
ArranqueDesde25_0_CHasta50_0_C,Saturación sin AW,74,73,42.68484258,
ArranqueDesde25_0_CHasta50_0_C,Saturación sin AW,75,74,42.89102501,
ArranqueDesde25_0_CHasta50_0_C,Saturación sin AW,76,75,43.0919331,
ArranqueDesde25_0_CHasta50_0_C,Saturación sin AW,77,76,43.2876659,
ArranqueDesde25_0_CHasta50_0_C,Saturación sin AW,78,77,43.47832248,
ArranqueDesde25_0_CHasta50_0_C,Saturación sin AW,79,78,43.66400191,
ArranqueDesde25_0_CHasta50_0_C,Saturación sin AW,80,79,43.84480327,
ArranqueDesde25_0_CHasta50_0_C,Saturación sin AW,81,80,44.02082564,
ArranqueDesde25_0_CHasta50_0_C,Saturación sin AW,82,81,44.1921681,
ArranqueDesde25_0_CHasta50_0_C,Saturación sin AW,83,82,44.35892976,
ArranqueDesde25_0_CHasta50_0_C,Saturación sin AW,84,83,44.52120969,
ArranqueDesde25_0_CHasta50_0_C,Saturación sin AW,85,84,44.67910701,
ArranqueDesde25_0_CHasta50_0_C,Saturación sin AW,86,85,44.83272082,
ArranqueDesde25_0_CHasta50_0_C,Saturación sin AW,87,86,44.98215023,
ArranqueDesde25_0_CHasta50_0_C,Saturación sin AW,88,87,45.12749435,
ArranqueDesde25_0_CHasta50_0_C,Saturación sin AW,89,88,45.26885074,
ArranqueDesde25_0_CHasta50_0_C,Saturación sin AW,90,89,45.40631537,
ArranqueDesde25_0_CHasta50_0_C,Saturación sin AW,91,90,45.53998266,
ArranqueDesde25_0_CHasta50_0_C,Saturación sin AW,92,91,45.66994546,
ArranqueDesde25_0_CHasta50_0_C,Saturación sin AW,93,92,45.79629506,
ArranqueDesde25_0_CHasta50_0_C,Saturación sin AW,94,93,45.91912118,
ArranqueDesde25_0_CHasta50_0_C,Saturación sin AW,95,94,46.03851195,
ArranqueDesde25_0_CHasta50_0_C,Saturación sin AW,96,95,46.15455399,
ArranqueDesde25_0_CHasta50_0_C,Saturación sin AW,97,96,46.26733229,
ArranqueDesde25_0_CHasta50_0_C,Saturación sin AW,98,97,46.37693031,
ArranqueDesde25_0_CHasta50_0_C,Saturación sin AW,99,98,46.48342993,
ArranqueDesde25_0_CHasta50_0_C,Saturación sin AW,100,99,46.58691148,
ArranqueDesde25_0_CHasta50_0_C,Saturación sin AW,101,100,46.68745371,
ArranqueDesde25_0_CHasta50_0_C,Saturación sin AW,102,101,46.78513379,
ArranqueDesde25_0_CHasta50_0_C,Saturación sin AW,103,102,46.88002735,
ArranqueDesde25_0_CHasta50_0_C,Saturación sin AW,104,103,46.97220843,
ArranqueDesde25_0_CHasta50_0_C,Saturación sin AW,105,104,47.06174952,
ArranqueDesde25_0_CHasta50_0_C,Saturación sin AW,106,105,47.14872152,
ArranqueDesde25_0_CHasta50_0_C,Saturación sin AW,107,106,47.23319379,
ArranqueDesde25_0_CHasta50_0_C,Saturación sin AW,108,107,47.3152341,
ArranqueDesde25_0_CHasta50_0_C,Saturación sin AW,109,108,47.39490866,
ArranqueDesde25_0_CHasta50_0_C,Saturación sin AW,110,109,47.47228213,
ArranqueDesde25_0_CHasta50_0_C,Saturación sin AW,111,110,47.54741758,
ArranqueDesde25_0_CHasta50_0_C,Saturación sin AW,112,111,47.62037661,
ArranqueDesde25_0_CHasta50_0_C,Saturación sin AW,113,112,47.69121931,
ArranqueDesde25_0_CHasta50_0_C,Saturación sin AW,114,113,47.76000428,
ArranqueDesde25_0_CHasta50_0_C,Saturación sin AW,115,114,47.82678871,
ArranqueDesde25_0_CHasta50_0_C,Saturación sin AW,116,115,47.89162835,
ArranqueDesde25_0_CHasta50_0_C,Saturación sin AW,117,116,47.95457756,
ArranqueDesde25_0_CHasta50_0_C,Saturación sin AW,118,117,48.01568932,
ArranqueDesde25_0_CHasta50_0_C,Saturación sin AW,119,118,48.07501529,
ArranqueDesde25_0_CHasta50_0_C,Saturación sin AW,120,119,48.13260579,
ArranqueDesde25_0_CHasta50_0_C,Saturación sin AW,121,120,48.18850985,
ArranqueDesde25_0_CHasta50_0_C,Saturación sin AW,122,121,48.24277522,
ArranqueDesde25_0_CHasta50_0_C,Saturación sin AW,123,122,48.29544843,
ArranqueDesde25_0_CHasta50_0_C,Saturación sin AW,124,123,48.34657475,
ArranqueDesde25_0_CHasta50_0_C,Saturación sin AW,125,124,48.39619829,
ArranqueDesde25_0_CHasta50_0_C,Saturación sin AW,126,125,48.44436196,
ArranqueDesde25_0_CHasta50_0_C,Saturación sin AW,127,126,48.49110756,
ArranqueDesde25_0_CHasta50_0_C,Saturación sin AW,128,127,48.53647572,
ArranqueDesde25_0_CHasta50_0_C,Saturación sin AW,129,128,48.58050601,
ArranqueDesde25_0_CHasta50_0_C,Saturación sin AW,130,129,48.62323691,
ArranqueDesde25_0_CHasta50_0_C,Saturación sin AW,131,130,48.66470586,
ArranqueDesde25_0_CHasta50_0_C,Saturación sin AW,132,131,48.70494928,
ArranqueDesde25_0_CHasta50_0_C,Saturación sin AW,133,132,48.74400257,
ArranqueDesde25_0_CHasta50_0_C,Saturación sin AW,134,133,48.7819002,
ArranqueDesde25_0_CHasta50_0_C,Saturación sin AW,135,134,48.81867563,
ArranqueDesde25_0_CHasta50_0_C,Saturación sin AW,136,135,48.85436145,
ArranqueDesde25_0_CHasta50_0_C,Saturación sin AW,137,136,48.8889893,
ArranqueDesde25_0_CHasta50_0_C,Saturación sin AW,138,137,48.92258997,
ArranqueDesde25_0_CHasta50_0_C,Saturación sin AW,139,138,48.95519337,
ArranqueDesde25_0_CHasta50_0_C,Saturación sin AW,140,139,48.98682858,
ArranqueDesde25_0_CHasta50_0_C,Saturación sin AW,141,140,49.01752387,
ArranqueDesde25_0_CHasta50_0_C,Saturación sin AW,142,141,49.04730669,
ArranqueDesde25_0_CHasta50_0_C,Saturación sin AW,143,142,49.07620374,
ArranqueDesde25_0_CHasta50_0_C,Saturación sin AW,144,143,49.10424095,
ArranqueDesde25_0_CHasta50_0_C,Saturación sin AW,145,144,49.13144352,
ArranqueDesde25_0_CHasta50_0_C,Saturación sin AW,146,145,49.15783593,
ArranqueDesde25_0_CHasta50_0_C,Saturación sin AW,147,146,49.18344197,
ArranqueDesde25_0_CHasta50_0_C,Saturación sin AW,148,147,49.20828473,
ArranqueDesde25_0_CHasta50_0_C,Saturación sin AW,149,148,49.23238667,
ArranqueDesde25_0_CHasta50_0_C,Saturación sin AW,150,149,49.25576958,
ArranqueDesde25_0_CHasta50_0_C,Saturación sin AW,151,150,49.27845463,
ArranqueDesde25_0_CHasta50_0_C,Saturación sin AW,152,151,49.3004624,
ArranqueDesde25_0_CHasta50_0_C,Saturación sin AW,153,152,49.32181285,
ArranqueDesde25_0_CHasta50_0_C,Saturación sin AW,154,153,49.34252539,
ArranqueDesde25_0_CHasta50_0_C,Saturación sin AW,155,154,49.36261884,
ArranqueDesde25_0_CHasta50_0_C,Saturación sin AW,156,155,49.3821115,
ArranqueDesde25_0_CHasta50_0_C,Saturación sin AW,157,156,49.40102113,
ArranqueDesde25_0_CHasta50_0_C,Saturación sin AW,158,157,49.41936498,
ArranqueDesde25_0_CHasta50_0_C,Saturación sin AW,159,158,49.43715979,
ArranqueDesde25_0_CHasta50_0_C,Saturación sin AW,160,159,49.45442183,
ArranqueDesde25_0_CHasta50_0_C,Saturación sin AW,161,160,49.47116686,
ArranqueDesde25_0_CHasta50_0_C,Saturación sin AW,162,161,49.48741023,
ArranqueDesde25_0_CHasta50_0_C,Saturación sin AW,163,162,49.50316681,
ArranqueDesde25_0_CHasta50_0_C,Saturación sin AW,164,163,49.51845104,
ArranqueDesde25_0_CHasta50_0_C,Saturación sin AW,165,164,49.53327694,
ArranqueDesde25_0_CHasta50_0_C,Saturación sin AW,166,165,49.54765812,
ArranqueDesde25_0_CHasta50_0_C,Saturación sin AW,167,166,49.5616078,
ArranqueDesde25_0_CHasta50_0_C,Saturación sin AW,168,167,49.57513879,
ArranqueDesde25_0_CHasta50_0_C,Saturación sin AW,169,168,49.58826355,
ArranqueDesde25_0_CHasta50_0_C,Saturación sin AW,170,169,49.60099416,
ArranqueDesde25_0_CHasta50_0_C,Saturación sin AW,171,170,49.61334235,
ArranqueDesde25_0_CHasta50_0_C,Saturación sin AW,172,171,49.62531949,
ArranqueDesde25_0_CHasta50_0_C,Saturación sin AW,173,172,49.63693664,
ArranqueDesde25_0_CHasta50_0_C,Saturación sin AW,174,173,49.64820452,
ArranqueDesde25_0_CHasta50_0_C,Saturación sin AW,175,174,49.65913353,
ArranqueDesde25_0_CHasta50_0_C,Saturación sin AW,176,175,49.66973377,
ArranqueDesde25_0_CHasta50_0_C,Saturación sin AW,177,176,49.68001504,
ArranqueDesde25_0_CHasta50_0_C,Saturación sin AW,178,177,49.68998686,
ArranqueDesde25_0_CHasta50_0_C,Saturación sin AW,179,178,49.69965845,
ArranqueDesde25_0_CHasta50_0_C,Saturación sin AW,180,179,49.70903877,
ArranqueDesde25_0_CHasta50_0_C,Saturación sin AW,181,180,49.71813652,
ArranqueDesde25_0_CHasta50_0_C,Saturación sin AW,182,181,49.72696012,
ArranqueDesde25_0_CHasta50_0_C,Saturación sin AW,183,182,49.73551777,
ArranqueDesde25_0_CHasta50_0_C,Saturación sin AW,184,183,49.74381741,
ArranqueDesde25_0_CHasta50_0_C,Saturación sin AW,185,184,49.75186674,
ArranqueDesde25_0_CHasta50_0_C,Saturación sin AW,186,185,49.75967324,
ArranqueDesde25_0_CHasta50_0_C,Saturación sin AW,187,186,49.76724418,
ArranqueDesde25_0_CHasta50_0_C,Saturación sin AW,188,187,49.77458659,
ArranqueDesde25_0_CHasta50_0_C,Saturación sin AW,189,188,49.7817073,
ArranqueDesde25_0_CHasta50_0_C,Saturación sin AW,190,189,49.78861295,
ArranqueDesde25_0_CHasta50_0_C,Saturación sin AW,191,190,49.79530996,
ArranqueDesde25_0_CHasta50_0_C,Saturación sin AW,192,191,49.80180459,
ArranqueDesde25_0_CHasta50_0_C,Saturación sin AW,193,192,49.80810288,
ArranqueDesde25_0_CHasta50_0_C,Saturación sin AW,194,193,49.8142107,
ArranqueDesde25_0_CHasta50_0_C,Saturación sin AW,195,194,49.82013377,
ArranqueDesde25_0_CHasta50_0_C,Saturación sin AW,196,195,49.82587761,
ArranqueDesde25_0_CHasta50_0_C,Saturación sin AW,197,196,49.8314476,
ArranqueDesde25_0_CHasta50_0_C,Saturación sin AW,198,197,49.83684892,
ArranqueDesde25_0_CHasta50_0_C,Saturación sin AW,199,198,49.84208665,
ArranqueDesde25_0_CHasta50_0_C,Saturación sin AW,200,199,49.84716567,
ArranqueDesde25_0_CHasta50_0_C,Saturación sin AW,201,200,49.85209075,
ArranqueDesde25_0_CHasta50_0_C,Saturación sin AW,202,201,49.8568665,
ArranqueDesde25_0_CHasta50_0_C,Saturación sin AW,203,202,49.86149738,
ArranqueDesde25_0_CHasta50_0_C,Saturación sin AW,204,203,49.86598776,
ArranqueDesde25_0_CHasta50_0_C,Saturación sin AW,205,204,49.87034183,
ArranqueDesde25_0_CHasta50_0_C,Saturación sin AW,206,205,49.87456369,
ArranqueDesde25_0_CHasta50_0_C,Saturación sin AW,207,206,49.8786573,
ArranqueDesde25_0_CHasta50_0_C,Saturación sin AW,208,207,49.8826265,
ArranqueDesde25_0_CHasta50_0_C,Saturación sin AW,209,208,49.88647504,
ArranqueDesde25_0_CHasta50_0_C,Saturación sin AW,210,209,49.89020652,
ArranqueDesde25_0_CHasta50_0_C,Saturación sin AW,211,210,49.89382447,
ArranqueDesde25_0_CHasta50_0_C,Saturación sin AW,212,211,49.89733229,
ArranqueDesde25_0_CHasta50_0_C,Saturación sin AW,213,212,49.90073328,
ArranqueDesde25_0_CHasta50_0_C,Saturación sin AW,214,213,49.90403065,
ArranqueDesde25_0_CHasta50_0_C,Saturación sin AW,215,214,49.90722752,
ArranqueDesde25_0_CHasta50_0_C,Saturación sin AW,216,215,49.9103269,
ArranqueDesde25_0_CHasta50_0_C,Saturación sin AW,217,216,49.91333171,
ArranqueDesde25_0_CHasta50_0_C,Saturación sin AW,218,217,49.91624481,
ArranqueDesde25_0_CHasta50_0_C,Saturación sin AW,219,218,49.91906894,
ArranqueDesde25_0_CHasta50_0_C,Saturación sin AW,220,219,49.92180678,
ArranqueDesde25_0_CHasta50_0_C,Saturación sin AW,221,220,49.92446091,
ArranqueDesde25_0_CHasta50_0_C,Saturación sin AW,222,221,49.92703387,
ArranqueDesde25_0_CHasta50_0_C,Saturación sin AW,223,222,49.92952807,
ArranqueDesde25_0_CHasta50_0_C,Saturación sin AW,224,223,49.93194591,
ArranqueDesde25_0_CHasta50_0_C,Saturación sin AW,225,224,49.93428966,
ArranqueDesde25_0_CHasta50_0_C,Saturación sin AW,226,225,49.93656155,
ArranqueDesde25_0_CHasta50_0_C,Saturación sin AW,227,226,49.93876376,
ArranqueDesde25_0_CHasta50_0_C,Saturación sin AW,228,227,49.94089837,
ArranqueDesde25_0_CHasta50_0_C,Saturación sin AW,229,228,49.94296741,
ArranqueDesde25_0_CHasta50_0_C,Saturación sin AW,230,229,49.94497287,
ArranqueDesde25_0_CHasta50_0_C,Saturación sin AW,231,230,49.94691664,
ArranqueDesde25_0_CHasta50_0_C,Saturación sin AW,232,231,49.9488006,
ArranqueDesde25_0_CHasta50_0_C,Saturación sin AW,233,232,49.95062654,
ArranqueDesde25_0_CHasta50_0_C,Saturación sin AW,234,233,49.9523962,
ArranqueDesde25_0_CHasta50_0_C,Saturación sin AW,235,234,49.95411128,
ArranqueDesde25_0_CHasta50_0_C,Saturación sin AW,236,235,49.95577343,
ArranqueDesde25_0_CHasta50_0_C,Saturación sin AW,237,236,49.95738424,
ArranqueDesde25_0_CHasta50_0_C,Saturación sin AW,238,237,49.95894525,
ArranqueDesde25_0_CHasta50_0_C,Saturación sin AW,239,238,49.96045796,
ArranqueDesde25_0_CHasta50_0_C,Saturación sin AW,240,239,49.96192384,
ArranqueDesde25_0_CHasta50_0_C,Saturación sin AW,241,240,49.96334429,
ArranqueDesde25_0_CHasta50_0_C,Saturación sin AW,242,241,49.96472068,
ArranqueDesde25_0_CHasta50_0_C,Saturación sin AW,243,242,49.96605434,
ArranqueDesde25_0_CHasta50_0_C,Saturación sin AW,244,243,49.96734656,
ArranqueDesde25_0_CHasta50_0_C,Saturación sin AW,245,244,49.96859858,
ArranqueDesde25_0_CHasta50_0_C,Saturación sin AW,246,245,49.96981162,
ArranqueDesde25_0_CHasta50_0_C,Saturación sin AW,247,246,49.97098686,
ArranqueDesde25_0_CHasta50_0_C,Saturación sin AW,248,247,49.97212544,
ArranqueDesde25_0_CHasta50_0_C,Saturación sin AW,249,248,49.97322846,
ArranqueDesde25_0_CHasta50_0_C,Saturación sin AW,250,249,49.974297,
ArranqueDesde25_0_CHasta50_0_C,Saturación sin AW,251,250,49.97533209,
ArranqueDesde25_0_CHasta50_0_C,Saturación sin AW,252,251,49.97633475,
ArranqueDesde25_0_CHasta50_0_C,Saturación sin AW,253,252,49.97730596,
ArranqueDesde25_0_CHasta50_0_C,Saturación sin AW,254,253,49.97824667,
ArranqueDesde25_0_CHasta50_0_C,Saturación sin AW,255,254,49.97915779,
ArranqueDesde25_0_CHasta50_0_C,Saturación sin AW,256,255,49.98004023,
ArranqueDesde25_0_CHasta50_0_C,Saturación sin AW,257,256,49.98089484,
ArranqueDesde25_0_CHasta50_0_C,Saturación sin AW,258,257,49.98172248,
ArranqueDesde25_0_CHasta50_0_C,Saturación sin AW,259,258,49.98252396,
ArranqueDesde25_0_CHasta50_0_C,Saturación sin AW,260,259,49.98330006,
ArranqueDesde25_0_CHasta50_0_C,Saturación sin AW,261,260,49.98405156,
ArranqueDesde25_0_CHasta50_0_C,Saturación sin AW,262,261,49.9847792,
ArranqueDesde25_0_CHasta50_0_C,Saturación sin AW,263,262,49.98548371,
ArranqueDesde25_0_CHasta50_0_C,Saturación sin AW,264,263,49.98616577,
ArranqueDesde25_0_CHasta50_0_C,Saturación sin AW,265,264,49.98682609,
ArranqueDesde25_0_CHasta50_0_C,Saturación sin AW,266,265,49.9874653,
ArranqueDesde25_0_CHasta50_0_C,Saturación sin AW,267,266,49.98808406,
ArranqueDesde25_0_CHasta50_0_C,Saturación sin AW,268,267,49.98868297,
ArranqueDesde25_0_CHasta50_0_C,Saturación sin AW,269,268,49.98926266,
ArranqueDesde25_0_CHasta50_0_C,Saturación sin AW,270,269,49.98982368,
ArranqueDesde25_0_CHasta50_0_C,Saturación sin AW,271,270,49.99036663,
ArranqueDesde25_0_CHasta50_0_C,Saturación sin AW,272,271,49.99089203,
ArranqueDesde25_0_CHasta50_0_C,Saturación sin AW,273,272,49.99140043,
ArranqueDesde25_0_CHasta50_0_C,Saturación sin AW,274,273,49.99189234,
ArranqueDesde25_0_CHasta50_0_C,Saturación sin AW,275,274,49.99236826,
ArranqueDesde25_0_CHasta50_0_C,Saturación sin AW,276,275,49.99282868,
ArranqueDesde25_0_CHasta50_0_C,Saturación sin AW,277,276,49.99327407,
ArranqueDesde25_0_CHasta50_0_C,Saturación sin AW,278,277,49.99370489,
ArranqueDesde25_0_CHasta50_0_C,Saturación sin AW,279,278,49.99412157,
ArranqueDesde25_0_CHasta50_0_C,Saturación sin AW,280,279,49.99452456,
ArranqueDesde25_0_CHasta50_0_C,Saturación sin AW,281,280,49.99491426,
ArranqueDesde25_0_CHasta50_0_C,Saturación sin AW,282,281,49.99529108,
ArranqueDesde25_0_CHasta50_0_C,Saturación sin AW,283,282,49.99565542,
ArranqueDesde25_0_CHasta50_0_C,Saturación sin AW,284,283,49.99600765,
ArranqueDesde25_0_CHasta50_0_C,Saturación sin AW,285,284,49.99634815,
ArranqueDesde25_0_CHasta50_0_C,Saturación sin AW,286,285,49.99667727,
ArranqueDesde25_0_CHasta50_0_C,Saturación sin AW,287,286,49.99699536,
ArranqueDesde25_0_CHasta50_0_C,Saturación sin AW,288,287,49.99730275,
ArranqueDesde25_0_CHasta50_0_C,Saturación sin AW,289,288,49.99759978,
ArranqueDesde25_0_CHasta50_0_C,Saturación sin AW,290,289,49.99788676,
ArranqueDesde25_0_CHasta50_0_C,Saturación sin AW,291,290,49.99816399,
ArranqueDesde25_0_CHasta50_0_C,Saturación sin AW,292,291,49.99843178,
ArranqueDesde25_0_CHasta50_0_C,Saturación sin AW,293,292,49.99869042,
ArranqueDesde25_0_CHasta50_0_C,Saturación sin AW,294,293,49.99894018,
ArranqueDesde25_0_CHasta50_0_C,Saturación sin AW,295,294,49.99918134,
ArranqueDesde25_0_CHasta50_0_C,Saturación sin AW,296,295,49.99941415,
ArranqueDesde25_0_CHasta50_0_C,Saturación sin AW,297,296,49.99963889,
ArranqueDesde25_0_CHasta50_0_C,Saturación sin AW,298,297,49.99985579,
ArranqueDesde25_0_CHasta50_0_C,Saturación sin AW,299,298,50.0000651,
ArranqueDesde25_0_CHasta50_0_C,Saturación sin AW,300,299,50.00026704,
ArranqueDesde25_0_CHasta50_0_C,Saturación sin AW,301,300,50.00046186,
ArranqueDesde25_0_CHasta50_0_C,Saturación sin AW,302,301,50.00064975,
ArranqueDesde25_0_CHasta50_0_C,Saturación sin AW,303,302,50.00083095,
ArranqueDesde25_0_CHasta50_0_C,Saturación sin AW,304,303,50.00100565,
ArranqueDesde25_0_CHasta50_0_C,Saturación sin AW,305,304,50.00117406,
ArranqueDesde25_0_CHasta50_0_C,Saturación sin AW,306,305,50.00133636,
ArranqueDesde25_0_CHasta50_0_C,Saturación sin AW,307,306,50.00149276,
ArranqueDesde25_0_CHasta50_0_C,Saturación sin AW,308,307,50.00164342,
ArranqueDesde25_0_CHasta50_0_C,Saturación sin AW,309,308,50.00178854,
ArranqueDesde25_0_CHasta50_0_C,Saturación sin AW,310,309,50.00192827,
ArranqueDesde25_0_CHasta50_0_C,Saturación sin AW,311,310,50.00206279,
ArranqueDesde25_0_CHasta50_0_C,Saturación sin AW,312,311,50.00219226,
ArranqueDesde25_0_CHasta50_0_C,Saturación sin AW,313,312,50.00231684,
ArranqueDesde25_0_CHasta50_0_C,Saturación sin AW,314,313,50.00243667,
ArranqueDesde25_0_CHasta50_0_C,Saturación sin AW,315,314,50.00255191,
ArranqueDesde25_0_CHasta50_0_C,Saturación sin AW,316,315,50.0026627,
ArranqueDesde25_0_CHasta50_0_C,Saturación sin AW,317,316,50.00276917,
ArranqueDesde25_0_CHasta50_0_C,Saturación sin AW,318,317,50.00287147,
ArranqueDesde25_0_CHasta50_0_C,Saturación sin AW,319,318,50.00296971,
ArranqueDesde25_0_CHasta50_0_C,Saturación sin AW,320,319,50.00306404,
ArranqueDesde25_0_CHasta50_0_C,Saturación sin AW,321,320,50.00315457,
ArranqueDesde25_0_CHasta50_0_C,Saturación sin AW,322,321,50.00324142,
ArranqueDesde25_0_CHasta50_0_C,Saturación sin AW,323,322,50.0033247,
ArranqueDesde25_0_CHasta50_0_C,Saturación sin AW,324,323,50.00340454,
ArranqueDesde25_0_CHasta50_0_C,Saturación sin AW,325,324,50.00348102,
ArranqueDesde25_0_CHasta50_0_C,Saturación sin AW,326,325,50.00355428,
ArranqueDesde25_0_CHasta50_0_C,Saturación sin AW,327,326,50.00362439,
ArranqueDesde25_0_CHasta50_0_C,Saturación sin AW,328,327,50.00369147,
ArranqueDesde25_0_CHasta50_0_C,Saturación sin AW,329,328,50.0037556,
ArranqueDesde25_0_CHasta50_0_C,Saturación sin AW,330,329,50.00381689,
ArranqueDesde25_0_CHasta50_0_C,Saturación sin AW,331,330,50.00387542,
ArranqueDesde25_0_CHasta50_0_C,Saturación sin AW,332,331,50.00393128,
ArranqueDesde25_0_CHasta50_0_C,Saturación sin AW,333,332,50.00398456,
ArranqueDesde25_0_CHasta50_0_C,Saturación sin AW,334,333,50.00403533,
ArranqueDesde25_0_CHasta50_0_C,Saturación sin AW,335,334,50.00408368,
ArranqueDesde25_0_CHasta50_0_C,Saturación sin AW,336,335,50.00412969,
ArranqueDesde25_0_CHasta50_0_C,Saturación sin AW,337,336,50.00417342,
ArranqueDesde25_0_CHasta50_0_C,Saturación sin AW,338,337,50.00421496,
ArranqueDesde25_0_CHasta50_0_C,Saturación sin AW,339,338,50.00425436,
ArranqueDesde25_0_CHasta50_0_C,Saturación sin AW,340,339,50.00429171,
ArranqueDesde25_0_CHasta50_0_C,Saturación sin AW,341,340,50.00432707,
ArranqueDesde25_0_CHasta50_0_C,Saturación sin AW,342,341,50.0043605,
ArranqueDesde25_0_CHasta50_0_C,Saturación sin AW,343,342,50.00439207,
ArranqueDesde25_0_CHasta50_0_C,Saturación sin AW,344,343,50.00442182,
ArranqueDesde25_0_CHasta50_0_C,Saturación sin AW,345,344,50.00444984,
ArranqueDesde25_0_CHasta50_0_C,Saturación sin AW,346,345,50.00447616,
ArranqueDesde25_0_CHasta50_0_C,Saturación sin AW,347,346,50.00450085,
ArranqueDesde25_0_CHasta50_0_C,Saturación sin AW,348,347,50.00452396,
ArranqueDesde25_0_CHasta50_0_C,Saturación sin AW,349,348,50.00454554,
ArranqueDesde25_0_CHasta50_0_C,Saturación sin AW,350,349,50.00456564,
ArranqueDesde25_0_CHasta50_0_C,Saturación sin AW,351,350,50.00458431,
ArranqueDesde25_0_CHasta50_0_C,Saturación sin AW,352,351,50.00460159,
ArranqueDesde25_0_CHasta50_0_C,Saturación sin AW,353,352,50.00461754,
ArranqueDesde25_0_CHasta50_0_C,Saturación sin AW,354,353,50.0046322,
ArranqueDesde25_0_CHasta50_0_C,Saturación sin AW,355,354,50.00464561,
ArranqueDesde25_0_CHasta50_0_C,Saturación sin AW,356,355,50.00465781,
ArranqueDesde25_0_CHasta50_0_C,Saturación sin AW,357,356,50.00466885,
ArranqueDesde25_0_CHasta50_0_C,Saturación sin AW,358,357,50.00467875,
ArranqueDesde25_0_CHasta50_0_C,Saturación sin AW,359,358,50.00468757,
ArranqueDesde25_0_CHasta50_0_C,Saturación sin AW,360,359,50.00469533,
ArranqueDesde25_0_CHasta50_0_C,Saturación sin AW,361,360,50.00470208,
ArranqueDesde25_0_CHasta50_0_C,Saturación sin AW,362,361,50.00470784,
ArranqueDesde25_0_CHasta50_0_C,Saturación sin AW,363,362,50.00471265,
ArranqueDesde25_0_CHasta50_0_C,Saturación sin AW,364,363,50.00471655,
ArranqueDesde25_0_CHasta50_0_C,Saturación sin AW,365,364,50.00471956,
ArranqueDesde25_0_CHasta50_0_C,Saturación sin AW,366,365,50.00472172,
ArranqueDesde25_0_CHasta50_0_C,Saturación sin AW,367,366,50.00472305,
ArranqueDesde25_0_CHasta50_0_C,Saturación sin AW,368,367,50.00472359,
ArranqueDesde25_0_CHasta50_0_C,Saturación sin AW,369,368,50.00472336,
ArranqueDesde25_0_CHasta50_0_C,Saturación sin AW,370,369,50.00472239,
ArranqueDesde25_0_CHasta50_0_C,Saturación sin AW,371,370,50.0047207,
ArranqueDesde25_0_CHasta50_0_C,Saturación sin AW,372,371,50.00471833,
ArranqueDesde25_0_CHasta50_0_C,Saturación sin AW,373,372,50.00471529,
ArranqueDesde25_0_CHasta50_0_C,Saturación sin AW,374,373,50.0047116,
ArranqueDesde25_0_CHasta50_0_C,Saturación sin AW,375,374,50.0047073,
ArranqueDesde25_0_CHasta50_0_C,Saturación sin AW,376,375,50.00470241,
ArranqueDesde25_0_CHasta50_0_C,Saturación sin AW,377,376,50.00469694,
ArranqueDesde25_0_CHasta50_0_C,Saturación sin AW,378,377,50.00469092,
ArranqueDesde25_0_CHasta50_0_C,Saturación sin AW,379,378,50.00468436,
ArranqueDesde25_0_CHasta50_0_C,Saturación sin AW,380,379,50.0046773,
ArranqueDesde25_0_CHasta50_0_C,Saturación sin AW,381,380,50.00466973,
ArranqueDesde25_0_CHasta50_0_C,Saturación sin AW,382,381,50.0046617,
ArranqueDesde25_0_CHasta50_0_C,Saturación sin AW,383,382,50.00465321,
ArranqueDesde25_0_CHasta50_0_C,Saturación sin AW,384,383,50.00464427,
ArranqueDesde25_0_CHasta50_0_C,Saturación sin AW,385,384,50.00463492,
ArranqueDesde25_0_CHasta50_0_C,Saturación sin AW,386,385,50.00462515,
ArranqueDesde25_0_CHasta50_0_C,Saturación sin AW,387,386,50.004615,
ArranqueDesde25_0_CHasta50_0_C,Saturación sin AW,388,387,50.00460447,
ArranqueDesde25_0_CHasta50_0_C,Saturación sin AW,389,388,50.00459358,
ArranqueDesde25_0_CHasta50_0_C,Saturación sin AW,390,389,50.00458235,
ArranqueDesde25_0_CHasta50_0_C,Saturación sin AW,391,390,50.00457078,
ArranqueDesde25_0_CHasta50_0_C,Saturación sin AW,392,391,50.0045589,
ArranqueDesde25_0_CHasta50_0_C,Saturación sin AW,393,392,50.0045467,
ArranqueDesde25_0_CHasta50_0_C,Saturación sin AW,394,393,50.00453422,
ArranqueDesde25_0_CHasta50_0_C,Saturación sin AW,395,394,50.00452145,
ArranqueDesde25_0_CHasta50_0_C,Saturación sin AW,396,395,50.00450842,
ArranqueDesde25_0_CHasta50_0_C,Saturación sin AW,397,396,50.00449513,
ArranqueDesde25_0_CHasta50_0_C,Saturación sin AW,398,397,50.00448159,
ArranqueDesde25_0_CHasta50_0_C,Saturación sin AW,399,398,50.00446782,
ArranqueDesde25_0_CHasta50_0_C,Saturación sin AW,400,399,50.00445382,
ArranqueDesde25_0_CHasta50_0_C,Saturación sin AW,401,400,50.00443961,
ArranqueDesde25_0_CHasta50_0_C,Saturación sin AW,402,401,50.00442519,
ArranqueDesde25_0_CHasta50_0_C,Saturación sin AW,403,402,50.00441058,
ArranqueDesde25_0_CHasta50_0_C,Saturación sin AW,404,403,50.00439578,
ArranqueDesde25_0_CHasta50_0_C,Saturación sin AW,405,404,50.0043808,
ArranqueDesde25_0_CHasta50_0_C,Saturación sin AW,406,405,50.00436565,
ArranqueDesde25_0_CHasta50_0_C,Saturación sin AW,407,406,50.00435035,
ArranqueDesde25_0_CHasta50_0_C,Saturación sin AW,408,407,50.00433489,
ArranqueDesde25_0_CHasta50_0_C,Saturación sin AW,409,408,50.00431929,
ArranqueDesde25_0_CHasta50_0_C,Saturación sin AW,410,409,50.00430355,
ArranqueDesde25_0_CHasta50_0_C,Saturación sin AW,411,410,50.00428768,
ArranqueDesde25_0_CHasta50_0_C,Saturación sin AW,412,411,50.00427168,
ArranqueDesde25_0_CHasta50_0_C,Saturación sin AW,413,412,50.00425557,
ArranqueDesde25_0_CHasta50_0_C,Saturación sin AW,414,413,50.00423936,
ArranqueDesde25_0_CHasta50_0_C,Saturación sin AW,415,414,50.00422304,
ArranqueDesde25_0_CHasta50_0_C,Saturación sin AW,416,415,50.00420662,
ArranqueDesde25_0_CHasta50_0_C,Saturación sin AW,417,416,50.00419011,
ArranqueDesde25_0_CHasta50_0_C,Saturación sin AW,418,417,50.00417352,
ArranqueDesde25_0_CHasta50_0_C,Saturación sin AW,419,418,50.00415685,
ArranqueDesde25_0_CHasta50_0_C,Saturación sin AW,420,419,50.0041401,
ArranqueDesde25_0_CHasta50_0_C,Saturación sin AW,421,420,50.00412329,
ArranqueDesde25_0_CHasta50_0_C,Saturación sin AW,422,421,50.00410641,
ArranqueDesde25_0_CHasta50_0_C,Saturación sin AW,423,422,50.00408947,
ArranqueDesde25_0_CHasta50_0_C,Saturación sin AW,424,423,50.00407248,
ArranqueDesde25_0_CHasta50_0_C,Saturación sin AW,425,424,50.00405544,
ArranqueDesde25_0_CHasta50_0_C,Saturación sin AW,426,425,50.00403836,
ArranqueDesde25_0_CHasta50_0_C,Saturación sin AW,427,426,50.00402123,
ArranqueDesde25_0_CHasta50_0_C,Saturación sin AW,428,427,50.00400407,
ArranqueDesde25_0_CHasta50_0_C,Saturación sin AW,429,428,50.00398688,
ArranqueDesde25_0_CHasta50_0_C,Saturación sin AW,430,429,50.00396966,
ArranqueDesde25_0_CHasta50_0_C,Saturación sin AW,431,430,50.00395241,
ArranqueDesde25_0_CHasta50_0_C,Saturación sin AW,432,431,50.00393514,
ArranqueDesde25_0_CHasta50_0_C,Saturación sin AW,433,432,50.00391786,
ArranqueDesde25_0_CHasta50_0_C,Saturación sin AW,434,433,50.00390056,
ArranqueDesde25_0_CHasta50_0_C,Saturación sin AW,435,434,50.00388325,
ArranqueDesde25_0_CHasta50_0_C,Saturación sin AW,436,435,50.00386593,
ArranqueDesde25_0_CHasta50_0_C,Saturación sin AW,437,436,50.0038486,
ArranqueDesde25_0_CHasta50_0_C,Saturación sin AW,438,437,50.00383128,
ArranqueDesde25_0_CHasta50_0_C,Saturación sin AW,439,438,50.00381395,
ArranqueDesde25_0_CHasta50_0_C,Saturación sin AW,440,439,50.00379663,
ArranqueDesde25_0_CHasta50_0_C,Saturación sin AW,441,440,50.00377931,
ArranqueDesde25_0_CHasta50_0_C,Saturación sin AW,442,441,50.00376201,
ArranqueDesde25_0_CHasta50_0_C,Saturación sin AW,443,442,50.00374471,
ArranqueDesde25_0_CHasta50_0_C,Saturación sin AW,444,443,50.00372743,
ArranqueDesde25_0_CHasta50_0_C,Saturación sin AW,445,444,50.00371016,
ArranqueDesde25_0_CHasta50_0_C,Saturación sin AW,446,445,50.00369292,
ArranqueDesde25_0_CHasta50_0_C,Saturación sin AW,447,446,50.00367569,
ArranqueDesde25_0_CHasta50_0_C,Saturación sin AW,448,447,50.00365848,
ArranqueDesde25_0_CHasta50_0_C,Saturación sin AW,449,448,50.0036413,
ArranqueDesde25_0_CHasta50_0_C,Saturación sin AW,450,449,50.00362414,
ArranqueDesde25_0_CHasta50_0_C,Saturación sin AW,451,450,50.00360701,
ArranqueDesde25_0_CHasta50_0_C,Saturación sin AW,452,451,50.00358991,
ArranqueDesde25_0_CHasta50_0_C,Saturación sin AW,453,452,50.00357285,
ArranqueDesde25_0_CHasta50_0_C,Saturación sin AW,454,453,50.00355581,
ArranqueDesde25_0_CHasta50_0_C,Saturación sin AW,455,454,50.00353881,
ArranqueDesde25_0_CHasta50_0_C,Saturación sin AW,456,455,50.00352184,
ArranqueDesde25_0_CHasta50_0_C,Saturación sin AW,457,456,50.00350492,
ArranqueDesde25_0_CHasta50_0_C,Saturación sin AW,458,457,50.00348803,
ArranqueDesde25_0_CHasta50_0_C,Saturación sin AW,459,458,50.00347118,
ArranqueDesde25_0_CHasta50_0_C,Saturación sin AW,460,459,50.00345437,
ArranqueDesde25_0_CHasta50_0_C,Saturación sin AW,461,460,50.0034376,
ArranqueDesde25_0_CHasta50_0_C,Saturación sin AW,462,461,50.00342088,
ArranqueDesde25_0_CHasta50_0_C,Saturación sin AW,463,462,50.0034042,
ArranqueDesde25_0_CHasta50_0_C,Saturación sin AW,464,463,50.00338757,
ArranqueDesde25_0_CHasta50_0_C,Saturación sin AW,465,464,50.00337099,
ArranqueDesde25_0_CHasta50_0_C,Saturación sin AW,466,465,50.00335445,
ArranqueDesde25_0_CHasta50_0_C,Saturación sin AW,467,466,50.00333796,
ArranqueDesde25_0_CHasta50_0_C,Saturación sin AW,468,467,50.00332152,
ArranqueDesde25_0_CHasta50_0_C,Saturación sin AW,469,468,50.00330513,
ArranqueDesde25_0_CHasta50_0_C,Saturación sin AW,470,469,50.0032888,
ArranqueDesde25_0_CHasta50_0_C,Saturación sin AW,471,470,50.00327251,
ArranqueDesde25_0_CHasta50_0_C,Saturación sin AW,472,471,50.00325628,
ArranqueDesde25_0_CHasta50_0_C,Saturación sin AW,473,472,50.0032401,
ArranqueDesde25_0_CHasta50_0_C,Saturación sin AW,474,473,50.00322398,
ArranqueDesde25_0_CHasta50_0_C,Saturación sin AW,475,474,50.00320791,
ArranqueDesde25_0_CHasta50_0_C,Saturación sin AW,476,475,50.0031919,
ArranqueDesde25_0_CHasta50_0_C,Saturación sin AW,477,476,50.00317594,
ArranqueDesde25_0_CHasta50_0_C,Saturación sin AW,478,477,50.00316004,
ArranqueDesde25_0_CHasta50_0_C,Saturación sin AW,479,478,50.00314419,
ArranqueDesde25_0_CHasta50_0_C,Saturación sin AW,480,479,50.00312841,
ArranqueDesde25_0_CHasta50_0_C,Saturación sin AW,481,480,50.00311268,
ArranqueDesde25_0_CHasta50_0_C,Saturación sin AW,482,481,50.00309701,
ArranqueDesde25_0_CHasta50_0_C,Saturación sin AW,483,482,50.0030814,
ArranqueDesde25_0_CHasta50_0_C,Saturación sin AW,484,483,50.00306585,
ArranqueDesde25_0_CHasta50_0_C,Saturación sin AW,485,484,50.00305036,
ArranqueDesde25_0_CHasta50_0_C,Saturación sin AW,486,485,50.00303493,
ArranqueDesde25_0_CHasta50_0_C,Saturación sin AW,487,486,50.00301956,
ArranqueDesde25_0_CHasta50_0_C,Saturación sin AW,488,487,50.00300425,
ArranqueDesde25_0_CHasta50_0_C,Saturación sin AW,489,488,50.002989,
ArranqueDesde25_0_CHasta50_0_C,Saturación sin AW,490,489,50.00297382,
ArranqueDesde25_0_CHasta50_0_C,Saturación sin AW,491,490,50.00295869,
ArranqueDesde25_0_CHasta50_0_C,Saturación sin AW,492,491,50.00294363,
ArranqueDesde25_0_CHasta50_0_C,Saturación sin AW,493,492,50.00292863,
ArranqueDesde25_0_CHasta50_0_C,Saturación sin AW,494,493,50.00291369,
ArranqueDesde25_0_CHasta50_0_C,Saturación sin AW,495,494,50.00289881,
ArranqueDesde25_0_CHasta50_0_C,Saturación sin AW,496,495,50.002884,
ArranqueDesde25_0_CHasta50_0_C,Saturación sin AW,497,496,50.00286925,
ArranqueDesde25_0_CHasta50_0_C,Saturación sin AW,498,497,50.00285456,
ArranqueDesde25_0_CHasta50_0_C,Saturación sin AW,499,498,50.00283994,
ArranqueDesde25_0_CHasta50_0_C,Saturación sin AW,500,499,50.00282538,
ArranqueDesde25_0_CHasta50_0_C,Saturación sin AW,501,500,50.00281088,
ArranqueDesde25_0_CHasta50_0_C,Saturación sin AW,502,501,50.00279645,
ArranqueDesde25_0_CHasta50_0_C,Saturación sin AW,503,502,50.00278207,
ArranqueDesde25_0_CHasta50_0_C,Saturación sin AW,504,503,50.00276777,
ArranqueDesde25_0_CHasta50_0_C,Saturación sin AW,505,504,50.00275352,
ArranqueDesde25_0_CHasta50_0_C,Saturación sin AW,506,505,50.00273934,
ArranqueDesde25_0_CHasta50_0_C,Saturación sin AW,507,506,50.00272522,
ArranqueDesde25_0_CHasta50_0_C,Saturación sin AW,508,507,50.00271117,
ArranqueDesde25_0_CHasta50_0_C,Saturación sin AW,509,508,50.00269718,
ArranqueDesde25_0_CHasta50_0_C,Saturación sin AW,510,509,50.00268325,
ArranqueDesde25_0_CHasta50_0_C,Saturación sin AW,511,510,50.00266939,
ArranqueDesde25_0_CHasta50_0_C,Saturación sin AW,512,511,50.00265559,
ArranqueDesde25_0_CHasta50_0_C,Saturación sin AW,513,512,50.00264186,
ArranqueDesde25_0_CHasta50_0_C,Saturación sin AW,514,513,50.00262818,
ArranqueDesde25_0_CHasta50_0_C,Saturación sin AW,515,514,50.00261457,
ArranqueDesde25_0_CHasta50_0_C,Saturación sin AW,516,515,50.00260103,
ArranqueDesde25_0_CHasta50_0_C,Saturación sin AW,517,516,50.00258754,
ArranqueDesde25_0_CHasta50_0_C,Saturación sin AW,518,517,50.00257412,
ArranqueDesde25_0_CHasta50_0_C,Saturación sin AW,519,518,50.00256077,
ArranqueDesde25_0_CHasta50_0_C,Saturación sin AW,520,519,50.00254747,
ArranqueDesde25_0_CHasta50_0_C,Saturación sin AW,521,520,50.00253424,
ArranqueDesde25_0_CHasta50_0_C,Saturación sin AW,522,521,50.00252107,
ArranqueDesde25_0_CHasta50_0_C,Saturación sin AW,523,522,50.00250797,
ArranqueDesde25_0_CHasta50_0_C,Saturación sin AW,524,523,50.00249493,
ArranqueDesde25_0_CHasta50_0_C,Saturación sin AW,525,524,50.00248195,
ArranqueDesde25_0_CHasta50_0_C,Saturación sin AW,526,525,50.00246903,
ArranqueDesde25_0_CHasta50_0_C,Saturación sin AW,527,526,50.00245617,
ArranqueDesde25_0_CHasta50_0_C,Saturación sin AW,528,527,50.00244338,
ArranqueDesde25_0_CHasta50_0_C,Saturación sin AW,529,528,50.00243064,
ArranqueDesde25_0_CHasta50_0_C,Saturación sin AW,530,529,50.00241797,
ArranqueDesde25_0_CHasta50_0_C,Saturación sin AW,531,530,50.00240536,
ArranqueDesde25_0_CHasta50_0_C,Saturación sin AW,532,531,50.00239281,
ArranqueDesde25_0_CHasta50_0_C,Saturación sin AW,533,532,50.00238033,
ArranqueDesde25_0_CHasta50_0_C,Saturación sin AW,534,533,50.0023679,
ArranqueDesde25_0_CHasta50_0_C,Saturación sin AW,535,534,50.00235554,
ArranqueDesde25_0_CHasta50_0_C,Saturación sin AW,536,535,50.00234323,
ArranqueDesde25_0_CHasta50_0_C,Saturación sin AW,537,536,50.00233099,
ArranqueDesde25_0_CHasta50_0_C,Saturación sin AW,538,537,50.0023188,
ArranqueDesde25_0_CHasta50_0_C,Saturación sin AW,539,538,50.00230668,
ArranqueDesde25_0_CHasta50_0_C,Saturación sin AW,540,539,50.00229462,
ArranqueDesde25_0_CHasta50_0_C,Saturación sin AW,541,540,50.00228261,
ArranqueDesde25_0_CHasta50_0_C,Saturación sin AW,542,541,50.00227067,
ArranqueDesde25_0_CHasta50_0_C,Saturación sin AW,543,542,50.00225878,
ArranqueDesde25_0_CHasta50_0_C,Saturación sin AW,544,543,50.00224696,
ArranqueDesde25_0_CHasta50_0_C,Saturación sin AW,545,544,50.00223519,
ArranqueDesde25_0_CHasta50_0_C,Saturación sin AW,546,545,50.00222348,
ArranqueDesde25_0_CHasta50_0_C,Saturación sin AW,547,546,50.00221183,
ArranqueDesde25_0_CHasta50_0_C,Saturación sin AW,548,547,50.00220024,
ArranqueDesde25_0_CHasta50_0_C,Saturación sin AW,549,548,50.00218871,
ArranqueDesde25_0_CHasta50_0_C,Saturación sin AW,550,549,50.00217723,
ArranqueDesde25_0_CHasta50_0_C,Saturación sin AW,551,550,50.00216581,
ArranqueDesde25_0_CHasta50_0_C,Saturación sin AW,552,551,50.00215445,
ArranqueDesde25_0_CHasta50_0_C,Saturación sin AW,553,552,50.00214315,
ArranqueDesde25_0_CHasta50_0_C,Saturación sin AW,554,553,50.0021319,
ArranqueDesde25_0_CHasta50_0_C,Saturación sin AW,555,554,50.00212071,
ArranqueDesde25_0_CHasta50_0_C,Saturación sin AW,556,555,50.00210958,
ArranqueDesde25_0_CHasta50_0_C,Saturación sin AW,557,556,50.0020985,
ArranqueDesde25_0_CHasta50_0_C,Saturación sin AW,558,557,50.00208748,
ArranqueDesde25_0_CHasta50_0_C,Saturación sin AW,559,558,50.00207652,
ArranqueDesde25_0_CHasta50_0_C,Saturación sin AW,560,559,50.00206561,
ArranqueDesde25_0_CHasta50_0_C,Saturación sin AW,561,560,50.00205476,
ArranqueDesde25_0_CHasta50_0_C,Saturación sin AW,562,561,50.00204396,
ArranqueDesde25_0_CHasta50_0_C,Saturación sin AW,563,562,50.00203322,
ArranqueDesde25_0_CHasta50_0_C,Saturación sin AW,564,563,50.00202253,
ArranqueDesde25_0_CHasta50_0_C,Saturación sin AW,565,564,50.0020119,
ArranqueDesde25_0_CHasta50_0_C,Saturación sin AW,566,565,50.00200132,
ArranqueDesde25_0_CHasta50_0_C,Saturación sin AW,567,566,50.00199079,
ArranqueDesde25_0_CHasta50_0_C,Saturación sin AW,568,567,50.00198032,
ArranqueDesde25_0_CHasta50_0_C,Saturación sin AW,569,568,50.00196991,
ArranqueDesde25_0_CHasta50_0_C,Saturación sin AW,570,569,50.00195954,
ArranqueDesde25_0_CHasta50_0_C,Saturación sin AW,571,570,50.00194923,
ArranqueDesde25_0_CHasta50_0_C,Saturación sin AW,572,571,50.00193897,
ArranqueDesde25_0_CHasta50_0_C,Saturación sin AW,573,572,50.00192877,
ArranqueDesde25_0_CHasta50_0_C,Saturación sin AW,574,573,50.00191862,
ArranqueDesde25_0_CHasta50_0_C,Saturación sin AW,575,574,50.00190851,
ArranqueDesde25_0_CHasta50_0_C,Saturación sin AW,576,575,50.00189847,
ArranqueDesde25_0_CHasta50_0_C,Saturación sin AW,577,576,50.00188847,
ArranqueDesde25_0_CHasta50_0_C,Saturación sin AW,578,577,50.00187853,
ArranqueDesde25_0_CHasta50_0_C,Saturación sin AW,579,578,50.00186863,
ArranqueDesde25_0_CHasta50_0_C,Saturación sin AW,580,579,50.00185879,
ArranqueDesde25_0_CHasta50_0_C,Saturación sin AW,581,580,50.001849,
ArranqueDesde25_0_CHasta50_0_C,Saturación sin AW,582,581,50.00183926,
ArranqueDesde25_0_CHasta50_0_C,Saturación sin AW,583,582,50.00182957,
ArranqueDesde25_0_CHasta50_0_C,Saturación sin AW,584,583,50.00181992,
ArranqueDesde25_0_CHasta50_0_C,Saturación sin AW,585,584,50.00181033,
ArranqueDesde25_0_CHasta50_0_C,Saturación sin AW,586,585,50.00180079,
ArranqueDesde25_0_CHasta50_0_C,Saturación sin AW,587,586,50.0017913,
ArranqueDesde25_0_CHasta50_0_C,Saturación sin AW,588,587,50.00178186,
ArranqueDesde25_0_CHasta50_0_C,Saturación sin AW,589,588,50.00177247,
ArranqueDesde25_0_CHasta50_0_C,Saturación sin AW,590,589,50.00176312,
ArranqueDesde25_0_CHasta50_0_C,Saturación sin AW,591,590,50.00175383,
ArranqueDesde25_0_CHasta50_0_C,Saturación sin AW,592,591,50.00174458,
ArranqueDesde25_0_CHasta50_0_C,Saturación sin AW,593,592,50.00173538,
ArranqueDesde25_0_CHasta50_0_C,Saturación sin AW,594,593,50.00172623,
ArranqueDesde25_0_CHasta50_0_C,Saturación sin AW,595,594,50.00171712,
ArranqueDesde25_0_CHasta50_0_C,Saturación sin AW,596,595,50.00170807,
ArranqueDesde25_0_CHasta50_0_C,Saturación sin AW,597,596,50.00169906,
ArranqueDesde25_0_CHasta50_0_C,Saturación sin AW,598,597,50.00169009,
ArranqueDesde25_0_CHasta50_0_C,Saturación sin AW,599,598,50.00168118,
ArranqueDesde25_0_CHasta50_0_C,Saturación sin AW,600,599,50.00167231,
ArranqueDesde25_0_CHasta50_0_C,Saturación sin AW,601,600,50.00166348,
ArranqueDesde25_0_CHasta50_0_C,Saturación sin AW,602,601,50.00165471,
ArranqueDesde25_0_CHasta50_0_C,Saturación sin AW,603,602,50.00164598,
ArranqueDesde25_0_CHasta50_0_C,Saturación sin AW,604,603,50.00163729,
ArranqueDesde25_0_CHasta50_0_C,Saturación sin AW,605,604,50.00162865,
ArranqueDesde25_0_CHasta50_0_C,Saturación sin AW,606,605,50.00162005,
ArranqueDesde25_0_CHasta50_0_C,Saturación sin AW,607,606,50.0016115,
ArranqueDesde25_0_CHasta50_0_C,Saturación sin AW,608,607,50.001603,
ArranqueDesde25_0_CHasta50_0_C,Saturación sin AW,609,608,50.00159454,
ArranqueDesde25_0_CHasta50_0_C,Saturación sin AW,610,609,50.00158612,
ArranqueDesde25_0_CHasta50_0_C,Saturación sin AW,611,610,50.00157775,
ArranqueDesde25_0_CHasta50_0_C,Saturación sin AW,612,611,50.00156942,
ArranqueDesde25_0_CHasta50_0_C,Saturación sin AW,613,612,50.00156113,
ArranqueDesde25_0_CHasta50_0_C,Saturación sin AW,614,613,50.00155289,
ArranqueDesde25_0_CHasta50_0_C,Saturación sin AW,615,614,50.00154469,
ArranqueDesde25_0_CHasta50_0_C,Saturación sin AW,616,615,50.00153653,
ArranqueDesde25_0_CHasta50_0_C,Saturación sin AW,617,616,50.00152842,
ArranqueDesde25_0_CHasta50_0_C,Saturación sin AW,618,617,50.00152035,
ArranqueDesde25_0_CHasta50_0_C,Saturación sin AW,619,618,50.00151232,
ArranqueDesde25_0_CHasta50_0_C,Saturación sin AW,620,619,50.00150434,
ArranqueDesde25_0_CHasta50_0_C,Saturación sin AW,621,620,50.00149639,
ArranqueDesde25_0_CHasta50_0_C,Saturación sin AW,622,621,50.00148849,
ArranqueDesde25_0_CHasta50_0_C,Saturación sin AW,623,622,50.00148063,
ArranqueDesde25_0_CHasta50_0_C,Saturación sin AW,624,623,50.00147281,
ArranqueDesde25_0_CHasta50_0_C,Saturación sin AW,625,624,50.00146503,
ArranqueDesde25_0_CHasta50_0_C,Saturación sin AW,626,625,50.00145729,
ArranqueDesde25_0_CHasta50_0_C,Saturación sin AW,627,626,50.00144959,
ArranqueDesde25_0_CHasta50_0_C,Saturación sin AW,628,627,50.00144193,
ArranqueDesde25_0_CHasta50_0_C,Saturación sin AW,629,628,50.00143432,
ArranqueDesde25_0_CHasta50_0_C,Saturación sin AW,630,629,50.00142674,
ArranqueDesde25_0_CHasta50_0_C,Saturación sin AW,631,630,50.0014192,
ArranqueDesde25_0_CHasta50_0_C,Saturación sin AW,632,631,50.00141171,
ArranqueDesde25_0_CHasta50_0_C,Saturación sin AW,633,632,50.00140425,
ArranqueDesde25_0_CHasta50_0_C,Saturación sin AW,634,633,50.00139683,
ArranqueDesde25_0_CHasta50_0_C,Saturación sin AW,635,634,50.00138945,
ArranqueDesde25_0_CHasta50_0_C,Saturación sin AW,636,635,50.00138211,
ArranqueDesde25_0_CHasta50_0_C,Saturación sin AW,637,636,50.0013748,
ArranqueDesde25_0_CHasta50_0_C,Saturación sin AW,638,637,50.00136754,
ArranqueDesde25_0_CHasta50_0_C,Saturación sin AW,639,638,50.00136031,
ArranqueDesde25_0_CHasta50_0_C,Saturación sin AW,640,639,50.00135313,
ArranqueDesde25_0_CHasta50_0_C,Saturación sin AW,641,640,50.00134598,
ArranqueDesde25_0_CHasta50_0_C,Saturación sin AW,642,641,50.00133886,
ArranqueDesde25_0_CHasta50_0_C,Saturación sin AW,643,642,50.00133179,
ArranqueDesde25_0_CHasta50_0_C,Saturación sin AW,644,643,50.00132475,
ArranqueDesde25_0_CHasta50_0_C,Saturación sin AW,645,644,50.00131775,
ArranqueDesde25_0_CHasta50_0_C,Saturación sin AW,646,645,50.00131079,
ArranqueDesde25_0_CHasta50_0_C,Saturación sin AW,647,646,50.00130386,
ArranqueDesde25_0_CHasta50_0_C,Saturación sin AW,648,647,50.00129697,
ArranqueDesde25_0_CHasta50_0_C,Saturación sin AW,649,648,50.00129011,
ArranqueDesde25_0_CHasta50_0_C,Saturación sin AW,650,649,50.0012833,
ArranqueDesde25_0_CHasta50_0_C,Saturación sin AW,651,650,50.00127651,
ArranqueDesde25_0_CHasta50_0_C,Saturación sin AW,652,651,50.00126977,
ArranqueDesde25_0_CHasta50_0_C,Saturación sin AW,653,652,50.00126306,
ArranqueDesde25_0_CHasta50_0_C,Saturación sin AW,654,653,50.00125638,
ArranqueDesde25_0_CHasta50_0_C,Saturación sin AW,655,654,50.00124974,
ArranqueDesde25_0_CHasta50_0_C,Saturación sin AW,656,655,50.00124313,
ArranqueDesde25_0_CHasta50_0_C,Saturación sin AW,657,656,50.00123656,
ArranqueDesde25_0_CHasta50_0_C,Saturación sin AW,658,657,50.00123003,
ArranqueDesde25_0_CHasta50_0_C,Saturación sin AW,659,658,50.00122353,
ArranqueDesde25_0_CHasta50_0_C,Saturación sin AW,660,659,50.00121706,
ArranqueDesde25_0_CHasta50_0_C,Saturación sin AW,661,660,50.00121062,
ArranqueDesde25_0_CHasta50_0_C,Saturación sin AW,662,661,50.00120423,
ArranqueDesde25_0_CHasta50_0_C,Saturación sin AW,663,662,50.00119786,
ArranqueDesde25_0_CHasta50_0_C,Saturación sin AW,664,663,50.00119153,
ArranqueDesde25_0_CHasta50_0_C,Saturación sin AW,665,664,50.00118523,
ArranqueDesde25_0_CHasta50_0_C,Saturación sin AW,666,665,50.00117896,
ArranqueDesde25_0_CHasta50_0_C,Saturación sin AW,667,666,50.00117273,
ArranqueDesde25_0_CHasta50_0_C,Saturación sin AW,668,667,50.00116653,
ArranqueDesde25_0_CHasta50_0_C,Saturación sin AW,669,668,50.00116036,
ArranqueDesde25_0_CHasta50_0_C,Saturación sin AW,670,669,50.00115423,
ArranqueDesde25_0_CHasta50_0_C,Saturación sin AW,671,670,50.00114813,
ArranqueDesde25_0_CHasta50_0_C,Saturación sin AW,672,671,50.00114206,
ArranqueDesde25_0_CHasta50_0_C,Saturación sin AW,673,672,50.00113602,
ArranqueDesde25_0_CHasta50_0_C,Saturación sin AW,674,673,50.00113002,
ArranqueDesde25_0_CHasta50_0_C,Saturación sin AW,675,674,50.00112404,
ArranqueDesde25_0_CHasta50_0_C,Saturación sin AW,676,675,50.0011181,
ArranqueDesde25_0_CHasta50_0_C,Saturación sin AW,677,676,50.00111219,
ArranqueDesde25_0_CHasta50_0_C,Saturación sin AW,678,677,50.00110631,
ArranqueDesde25_0_CHasta50_0_C,Saturación sin AW,679,678,50.00110046,
ArranqueDesde25_0_CHasta50_0_C,Saturación sin AW,680,679,50.00109464,
ArranqueDesde25_0_CHasta50_0_C,Saturación sin AW,681,680,50.00108885,
ArranqueDesde25_0_CHasta50_0_C,Saturación sin AW,682,681,50.0010831,
ArranqueDesde25_0_CHasta50_0_C,Saturación sin AW,683,682,50.00107737,
ArranqueDesde25_0_CHasta50_0_C,Saturación sin AW,684,683,50.00107167,
ArranqueDesde25_0_CHasta50_0_C,Saturación sin AW,685,684,50.00106601,
ArranqueDesde25_0_CHasta50_0_C,Saturación sin AW,686,685,50.00106037,
ArranqueDesde25_0_CHasta50_0_C,Saturación sin AW,687,686,50.00105476,
ArranqueDesde25_0_CHasta50_0_C,Saturación sin AW,688,687,50.00104919,
ArranqueDesde25_0_CHasta50_0_C,Saturación sin AW,689,688,50.00104364,
ArranqueDesde25_0_CHasta50_0_C,Saturación sin AW,690,689,50.00103812,
ArranqueDesde25_0_CHasta50_0_C,Saturación sin AW,691,690,50.00103263,
ArranqueDesde25_0_CHasta50_0_C,Saturación sin AW,692,691,50.00102717,
ArranqueDesde25_0_CHasta50_0_C,Saturación sin AW,693,692,50.00102174,
ArranqueDesde25_0_CHasta50_0_C,Saturación sin AW,694,693,50.00101634,
ArranqueDesde25_0_CHasta50_0_C,Saturación sin AW,695,694,50.00101096,
ArranqueDesde25_0_CHasta50_0_C,Saturación sin AW,696,695,50.00100562,
ArranqueDesde25_0_CHasta50_0_C,Saturación sin AW,697,696,50.0010003,
ArranqueDesde25_0_CHasta50_0_C,Saturación sin AW,698,697,50.00099501,
ArranqueDesde25_0_CHasta50_0_C,Saturación sin AW,699,698,50.00098975,
ArranqueDesde25_0_CHasta50_0_C,Saturación sin AW,700,699,50.00098452,
ArranqueDesde25_0_CHasta50_0_C,Saturación sin AW,701,700,50.00097931,
ArranqueDesde25_0_CHasta50_0_C,Saturación sin AW,702,701,50.00097413,
ArranqueDesde25_0_CHasta50_0_C,Saturación sin AW,703,702,50.00096898,
ArranqueDesde25_0_CHasta50_0_C,Saturación sin AW,704,703,50.00096386,
ArranqueDesde25_0_CHasta50_0_C,Saturación sin AW,705,704,50.00095876,
ArranqueDesde25_0_CHasta50_0_C,Saturación sin AW,706,705,50.00095369,
ArranqueDesde25_0_CHasta50_0_C,Saturación sin AW,707,706,50.00094865,
ArranqueDesde25_0_CHasta50_0_C,Saturación sin AW,708,707,50.00094363,
ArranqueDesde25_0_CHasta50_0_C,Saturación sin AW,709,708,50.00093864,
ArranqueDesde25_0_CHasta50_0_C,Saturación sin AW,710,709,50.00093368,
ArranqueDesde25_0_CHasta50_0_C,Saturación sin AW,711,710,50.00092874,
ArranqueDesde25_0_CHasta50_0_C,Saturación sin AW,712,711,50.00092383,
ArranqueDesde25_0_CHasta50_0_C,Saturación sin AW,713,712,50.00091895,
ArranqueDesde25_0_CHasta50_0_C,Saturación sin AW,714,713,50.00091409,
ArranqueDesde25_0_CHasta50_0_C,Saturación sin AW,715,714,50.00090925,
ArranqueDesde25_0_CHasta50_0_C,Saturación sin AW,716,715,50.00090444,
ArranqueDesde25_0_CHasta50_0_C,Saturación sin AW,717,716,50.00089966,
ArranqueDesde25_0_CHasta50_0_C,Saturación sin AW,718,717,50.0008949,
ArranqueDesde25_0_CHasta50_0_C,Saturación sin AW,719,718,50.00089017,
ArranqueDesde25_0_CHasta50_0_C,Saturación sin AW,720,719,50.00088546,
ArranqueDesde25_0_CHasta50_0_C,Saturación sin AW,721,720,50.00088078,
ArranqueDesde25_0_CHasta50_0_C,Saturación sin AW,722,721,50.00087612,
ArranqueDesde25_0_CHasta50_0_C,Saturación sin AW,723,722,50.00087149,
ArranqueDesde25_0_CHasta50_0_C,Saturación sin AW,724,723,50.00086688,
ArranqueDesde25_0_CHasta50_0_C,Saturación sin AW,725,724,50.0008623,
ArranqueDesde25_0_CHasta50_0_C,Saturación sin AW,726,725,50.00085774,
ArranqueDesde25_0_CHasta50_0_C,Saturación sin AW,727,726,50.0008532,
ArranqueDesde25_0_CHasta50_0_C,Saturación sin AW,728,727,50.00084869,
ArranqueDesde25_0_CHasta50_0_C,Saturación sin AW,729,728,50.0008442,
ArranqueDesde25_0_CHasta50_0_C,Saturación sin AW,730,729,50.00083974,
ArranqueDesde25_0_CHasta50_0_C,Saturación sin AW,731,730,50.0008353,
ArranqueDesde25_0_CHasta50_0_C,Saturación sin AW,732,731,50.00083088,
ArranqueDesde25_0_CHasta50_0_C,Saturación sin AW,733,732,50.00082649,
ArranqueDesde25_0_CHasta50_0_C,Saturación sin AW,734,733,50.00082212,
ArranqueDesde25_0_CHasta50_0_C,Saturación sin AW,735,734,50.00081777,
ArranqueDesde25_0_CHasta50_0_C,Saturación sin AW,736,735,50.00081344,
ArranqueDesde25_0_CHasta50_0_C,Saturación sin AW,737,736,50.00080914,
ArranqueDesde25_0_CHasta50_0_C,Saturación sin AW,738,737,50.00080486,
ArranqueDesde25_0_CHasta50_0_C,Saturación sin AW,739,738,50.00080061,
ArranqueDesde25_0_CHasta50_0_C,Saturación sin AW,740,739,50.00079637,
ArranqueDesde25_0_CHasta50_0_C,Saturación sin AW,741,740,50.00079216,
ArranqueDesde25_0_CHasta50_0_C,Saturación sin AW,742,741,50.00078797,
ArranqueDesde25_0_CHasta50_0_C,Saturación sin AW,743,742,50.0007838,
ArranqueDesde25_0_CHasta50_0_C,Saturación sin AW,744,743,50.00077966,
ArranqueDesde25_0_CHasta50_0_C,Saturación sin AW,745,744,50.00077554,
ArranqueDesde25_0_CHasta50_0_C,Saturación sin AW,746,745,50.00077143,
ArranqueDesde25_0_CHasta50_0_C,Saturación sin AW,747,746,50.00076736,
ArranqueDesde25_0_CHasta50_0_C,Saturación sin AW,748,747,50.0007633,
ArranqueDesde25_0_CHasta50_0_C,Saturación sin AW,749,748,50.00075926,
ArranqueDesde25_0_CHasta50_0_C,Saturación sin AW,750,749,50.00075525,
ArranqueDesde25_0_CHasta50_0_C,Saturación sin AW,751,750,50.00075125,
ArranqueDesde25_0_CHasta50_0_C,Saturación sin AW,752,751,50.00074728,
ArranqueDesde25_0_CHasta50_0_C,Saturación sin AW,753,752,50.00074333,
ArranqueDesde25_0_CHasta50_0_C,Saturación sin AW,754,753,50.00073939,
ArranqueDesde25_0_CHasta50_0_C,Saturación sin AW,755,754,50.00073548,
ArranqueDesde25_0_CHasta50_0_C,Saturación sin AW,756,755,50.0007316,
ArranqueDesde25_0_CHasta50_0_C,Saturación sin AW,757,756,50.00072773,
ArranqueDesde25_0_CHasta50_0_C,Saturación sin AW,758,757,50.00072388,
ArranqueDesde25_0_CHasta50_0_C,Saturación sin AW,759,758,50.00072005,
ArranqueDesde25_0_CHasta50_0_C,Saturación sin AW,760,759,50.00071624,
ArranqueDesde25_0_CHasta50_0_C,Saturación sin AW,761,760,50.00071245,
ArranqueDesde25_0_CHasta50_0_C,Saturación sin AW,762,761,50.00070869,
ArranqueDesde25_0_CHasta50_0_C,Saturación sin AW,763,762,50.00070494,
ArranqueDesde25_0_CHasta50_0_C,Saturación sin AW,764,763,50.00070121,
ArranqueDesde25_0_CHasta50_0_C,Saturación sin AW,765,764,50.0006975,
ArranqueDesde25_0_CHasta50_0_C,Saturación sin AW,766,765,50.00069381,
ArranqueDesde25_0_CHasta50_0_C,Saturación sin AW,767,766,50.00069014,
ArranqueDesde25_0_CHasta50_0_C,Saturación sin AW,768,767,50.00068649,
ArranqueDesde25_0_CHasta50_0_C,Saturación sin AW,769,768,50.00068286,
ArranqueDesde25_0_CHasta50_0_C,Saturación sin AW,770,769,50.00067925,
ArranqueDesde25_0_CHasta50_0_C,Saturación sin AW,771,770,50.00067566,
ArranqueDesde25_0_CHasta50_0_C,Saturación sin AW,772,771,50.00067209,
ArranqueDesde25_0_CHasta50_0_C,Saturación sin AW,773,772,50.00066853,
ArranqueDesde25_0_CHasta50_0_C,Saturación sin AW,774,773,50.000665,
ArranqueDesde25_0_CHasta50_0_C,Saturación sin AW,775,774,50.00066148,
ArranqueDesde25_0_CHasta50_0_C,Saturación sin AW,776,775,50.00065798,
ArranqueDesde25_0_CHasta50_0_C,Saturación sin AW,777,776,50.0006545,
ArranqueDesde25_0_CHasta50_0_C,Saturación sin AW,778,777,50.00065104,
ArranqueDesde25_0_CHasta50_0_C,Saturación sin AW,779,778,50.0006476,
ArranqueDesde25_0_CHasta50_0_C,Saturación sin AW,780,779,50.00064417,
ArranqueDesde25_0_CHasta50_0_C,Saturación sin AW,781,780,50.00064076,
ArranqueDesde25_0_CHasta50_0_C,Saturación sin AW,782,781,50.00063738,
ArranqueDesde25_0_CHasta50_0_C,Saturación sin AW,783,782,50.00063401,
ArranqueDesde25_0_CHasta50_0_C,Saturación sin AW,784,783,50.00063065,
ArranqueDesde25_0_CHasta50_0_C,Saturación sin AW,785,784,50.00062732,
ArranqueDesde25_0_CHasta50_0_C,Saturación sin AW,786,785,50.000624,
ArranqueDesde25_0_CHasta50_0_C,Saturación sin AW,787,786,50.0006207,
ArranqueDesde25_0_CHasta50_0_C,Saturación sin AW,788,787,50.00061742,
ArranqueDesde25_0_CHasta50_0_C,Saturación sin AW,789,788,50.00061415,
ArranqueDesde25_0_CHasta50_0_C,Saturación sin AW,790,789,50.0006109,
ArranqueDesde25_0_CHasta50_0_C,Saturación sin AW,791,790,50.00060767,
ArranqueDesde25_0_CHasta50_0_C,Saturación sin AW,792,791,50.00060446,
ArranqueDesde25_0_CHasta50_0_C,Saturación sin AW,793,792,50.00060126,
ArranqueDesde25_0_CHasta50_0_C,Saturación sin AW,794,793,50.00059808,
ArranqueDesde25_0_CHasta50_0_C,Saturación sin AW,795,794,50.00059492,
ArranqueDesde25_0_CHasta50_0_C,Saturación sin AW,796,795,50.00059177,
ArranqueDesde25_0_CHasta50_0_C,Saturación sin AW,797,796,50.00058864,
ArranqueDesde25_0_CHasta50_0_C,Saturación sin AW,798,797,50.00058553,
ArranqueDesde25_0_CHasta50_0_C,Saturación sin AW,799,798,50.00058243,
ArranqueDesde25_0_CHasta50_0_C,Saturación sin AW,800,799,50.00057935,
ArranqueDesde25_0_CHasta50_0_C,Saturación sin AW,801,800,50.00057629,
ArranqueDesde25_0_CHasta50_0_C,Saturación sin AW,802,801,50.00057324,
ArranqueDesde25_0_CHasta50_0_C,Saturación sin AW,803,802,50.00057021,
ArranqueDesde25_0_CHasta50_0_C,Saturación sin AW,804,803,50.00056719,
ArranqueDesde25_0_CHasta50_0_C,Saturación sin AW,805,804,50.00056419,
ArranqueDesde25_0_CHasta50_0_C,Saturación sin AW,806,805,50.00056121,
ArranqueDesde25_0_CHasta50_0_C,Saturación sin AW,807,806,50.00055824,
ArranqueDesde25_0_CHasta50_0_C,Saturación sin AW,808,807,50.00055529,
ArranqueDesde25_0_CHasta50_0_C,Saturación sin AW,809,808,50.00055235,
ArranqueDesde25_0_CHasta50_0_C,Saturación sin AW,810,809,50.00054943,
ArranqueDesde25_0_CHasta50_0_C,Saturación sin AW,811,810,50.00054653,
ArranqueDesde25_0_CHasta50_0_C,Saturación sin AW,812,811,50.00054364,
ArranqueDesde25_0_CHasta50_0_C,Saturación sin AW,813,812,50.00054076,
ArranqueDesde25_0_CHasta50_0_C,Saturación sin AW,814,813,50.0005379,
ArranqueDesde25_0_CHasta50_0_C,Saturación sin AW,815,814,50.00053506,
ArranqueDesde25_0_CHasta50_0_C,Saturación sin AW,816,815,50.00053223,
ArranqueDesde25_0_CHasta50_0_C,Saturación sin AW,817,816,50.00052941,
ArranqueDesde25_0_CHasta50_0_C,Saturación sin AW,818,817,50.00052661,
ArranqueDesde25_0_CHasta50_0_C,Saturación sin AW,819,818,50.00052383,
ArranqueDesde25_0_CHasta50_0_C,Saturación sin AW,820,819,50.00052106,
ArranqueDesde25_0_CHasta50_0_C,Saturación sin AW,821,820,50.0005183,
ArranqueDesde25_0_CHasta50_0_C,Saturación sin AW,822,821,50.00051556,
ArranqueDesde25_0_CHasta50_0_C,Saturación sin AW,823,822,50.00051283,
ArranqueDesde25_0_CHasta50_0_C,Saturación sin AW,824,823,50.00051012,
ArranqueDesde25_0_CHasta50_0_C,Saturación sin AW,825,824,50.00050742,
ArranqueDesde25_0_CHasta50_0_C,Saturación sin AW,826,825,50.00050474,
ArranqueDesde25_0_CHasta50_0_C,Saturación sin AW,827,826,50.00050207,
ArranqueDesde25_0_CHasta50_0_C,Saturación sin AW,828,827,50.00049941,
ArranqueDesde25_0_CHasta50_0_C,Saturación sin AW,829,828,50.00049677,
ArranqueDesde25_0_CHasta50_0_C,Saturación sin AW,830,829,50.00049415,
ArranqueDesde25_0_CHasta50_0_C,Saturación sin AW,831,830,50.00049153,
ArranqueDesde25_0_CHasta50_0_C,Saturación sin AW,832,831,50.00048893,
ArranqueDesde25_0_CHasta50_0_C,Saturación sin AW,833,832,50.00048635,
ArranqueDesde25_0_CHasta50_0_C,Saturación sin AW,834,833,50.00048377,
ArranqueDesde25_0_CHasta50_0_C,Saturación sin AW,835,834,50.00048122,
ArranqueDesde25_0_CHasta50_0_C,Saturación sin AW,836,835,50.00047867,
ArranqueDesde25_0_CHasta50_0_C,Saturación sin AW,837,836,50.00047614,
ArranqueDesde25_0_CHasta50_0_C,Saturación sin AW,838,837,50.00047362,
ArranqueDesde25_0_CHasta50_0_C,Saturación sin AW,839,838,50.00047112,
ArranqueDesde25_0_CHasta50_0_C,Saturación sin AW,840,839,50.00046862,
ArranqueDesde25_0_CHasta50_0_C,Saturación sin AW,841,840,50.00046615,
ArranqueDesde25_0_CHasta50_0_C,Saturación sin AW,842,841,50.00046368,
ArranqueDesde25_0_CHasta50_0_C,Saturación sin AW,843,842,50.00046123,
ArranqueDesde25_0_CHasta50_0_C,Saturación sin AW,844,843,50.00045879,
ArranqueDesde25_0_CHasta50_0_C,Saturación sin AW,845,844,50.00045636,
ArranqueDesde25_0_CHasta50_0_C,Saturación sin AW,846,845,50.00045395,
ArranqueDesde25_0_CHasta50_0_C,Saturación sin AW,847,846,50.00045155,
ArranqueDesde25_0_CHasta50_0_C,Saturación sin AW,848,847,50.00044916,
ArranqueDesde25_0_CHasta50_0_C,Saturación sin AW,849,848,50.00044678,
ArranqueDesde25_0_CHasta50_0_C,Saturación sin AW,850,849,50.00044442,
ArranqueDesde25_0_CHasta50_0_C,Saturación sin AW,851,850,50.00044207,
ArranqueDesde25_0_CHasta50_0_C,Saturación sin AW,852,851,50.00043973,
ArranqueDesde25_0_CHasta50_0_C,Saturación sin AW,853,852,50.00043741,
ArranqueDesde25_0_CHasta50_0_C,Saturación sin AW,854,853,50.00043509,
ArranqueDesde25_0_CHasta50_0_C,Saturación sin AW,855,854,50.00043279,
ArranqueDesde25_0_CHasta50_0_C,Saturación sin AW,856,855,50.0004305,
ArranqueDesde25_0_CHasta50_0_C,Saturación sin AW,857,856,50.00042823,
ArranqueDesde25_0_CHasta50_0_C,Saturación sin AW,858,857,50.00042596,
ArranqueDesde25_0_CHasta50_0_C,Saturación sin AW,859,858,50.00042371,
ArranqueDesde25_0_CHasta50_0_C,Saturación sin AW,860,859,50.00042147,
ArranqueDesde25_0_CHasta50_0_C,Saturación sin AW,861,860,50.00041924,
ArranqueDesde25_0_CHasta50_0_C,Saturación sin AW,862,861,50.00041702,
ArranqueDesde25_0_CHasta50_0_C,Saturación sin AW,863,862,50.00041482,
ArranqueDesde25_0_CHasta50_0_C,Saturación sin AW,864,863,50.00041262,
ArranqueDesde25_0_CHasta50_0_C,Saturación sin AW,865,864,50.00041044,
ArranqueDesde25_0_CHasta50_0_C,Saturación sin AW,866,865,50.00040827,
ArranqueDesde25_0_CHasta50_0_C,Saturación sin AW,867,866,50.00040611,
ArranqueDesde25_0_CHasta50_0_C,Saturación sin AW,868,867,50.00040396,
ArranqueDesde25_0_CHasta50_0_C,Saturación sin AW,869,868,50.00040183,
ArranqueDesde25_0_CHasta50_0_C,Saturación sin AW,870,869,50.0003997,
ArranqueDesde25_0_CHasta50_0_C,Saturación sin AW,871,870,50.00039759,
ArranqueDesde25_0_CHasta50_0_C,Saturación sin AW,872,871,50.00039549,
ArranqueDesde25_0_CHasta50_0_C,Saturación sin AW,873,872,50.00039339,
ArranqueDesde25_0_CHasta50_0_C,Saturación sin AW,874,873,50.00039131,
ArranqueDesde25_0_CHasta50_0_C,Saturación sin AW,875,874,50.00038924,
ArranqueDesde25_0_CHasta50_0_C,Saturación sin AW,876,875,50.00038718,
ArranqueDesde25_0_CHasta50_0_C,Saturación sin AW,877,876,50.00038514,
ArranqueDesde25_0_CHasta50_0_C,Saturación sin AW,878,877,50.0003831,
ArranqueDesde25_0_CHasta50_0_C,Saturación sin AW,879,878,50.00038107,
ArranqueDesde25_0_CHasta50_0_C,Saturación sin AW,880,879,50.00037906,
ArranqueDesde25_0_CHasta50_0_C,Saturación sin AW,881,880,50.00037705,
ArranqueDesde25_0_CHasta50_0_C,Saturación sin AW,882,881,50.00037506,
ArranqueDesde25_0_CHasta50_0_C,Saturación sin AW,883,882,50.00037308,
ArranqueDesde25_0_CHasta50_0_C,Saturación sin AW,884,883,50.0003711,
ArranqueDesde25_0_CHasta50_0_C,Saturación sin AW,885,884,50.00036914,
ArranqueDesde25_0_CHasta50_0_C,Saturación sin AW,886,885,50.00036719,
ArranqueDesde25_0_CHasta50_0_C,Saturación sin AW,887,886,50.00036525,
ArranqueDesde25_0_CHasta50_0_C,Saturación sin AW,888,887,50.00036331,
ArranqueDesde25_0_CHasta50_0_C,Saturación sin AW,889,888,50.00036139,
ArranqueDesde25_0_CHasta50_0_C,Saturación sin AW,890,889,50.00035948,
ArranqueDesde25_0_CHasta50_0_C,Saturación sin AW,891,890,50.00035758,
ArranqueDesde25_0_CHasta50_0_C,Saturación sin AW,892,891,50.00035569,
ArranqueDesde25_0_CHasta50_0_C,Saturación sin AW,893,892,50.00035381,
ArranqueDesde25_0_CHasta50_0_C,Saturación sin AW,894,893,50.00035194,
ArranqueDesde25_0_CHasta50_0_C,Saturación sin AW,895,894,50.00035008,
ArranqueDesde25_0_CHasta50_0_C,Saturación sin AW,896,895,50.00034822,
ArranqueDesde25_0_CHasta50_0_C,Saturación sin AW,897,896,50.00034638,
ArranqueDesde25_0_CHasta50_0_C,Saturación sin AW,898,897,50.00034455,
ArranqueDesde25_0_CHasta50_0_C,Saturación sin AW,899,898,50.00034273,
ArranqueDesde25_0_CHasta50_0_C,Saturación sin AW,900,899,50.00034092,
ArranqueDesde25_0_CHasta50_0_C,Saturación sin AW,901,900,50.00033911,
ArranqueDesde25_0_CHasta50_0_C,Saturación sin AW,902,901,50.00033732,
ArranqueDesde25_0_CHasta50_0_C,Saturación sin AW,903,902,50.00033554,
ArranqueDesde25_0_CHasta50_0_C,Saturación sin AW,904,903,50.00033376,
ArranqueDesde25_0_CHasta50_0_C,Saturación sin AW,905,904,50.000332,
ArranqueDesde25_0_CHasta50_0_C,Saturación sin AW,906,905,50.00033024,
ArranqueDesde25_0_CHasta50_0_C,Saturación sin AW,907,906,50.00032849,
ArranqueDesde25_0_CHasta50_0_C,Saturación sin AW,908,907,50.00032676,
ArranqueDesde25_0_CHasta50_0_C,Saturación sin AW,909,908,50.00032503,
ArranqueDesde25_0_CHasta50_0_C,Saturación sin AW,910,909,50.00032331,
ArranqueDesde25_0_CHasta50_0_C,Saturación sin AW,911,910,50.0003216,
ArranqueDesde25_0_CHasta50_0_C,Saturación sin AW,912,911,50.0003199,
ArranqueDesde25_0_CHasta50_0_C,Saturación sin AW,913,912,50.00031821,
ArranqueDesde25_0_CHasta50_0_C,Saturación sin AW,914,913,50.00031652,
ArranqueDesde25_0_CHasta50_0_C,Saturación sin AW,915,914,50.00031485,
ArranqueDesde25_0_CHasta50_0_C,Saturación sin AW,916,915,50.00031318,
ArranqueDesde25_0_CHasta50_0_C,Saturación sin AW,917,916,50.00031153,
ArranqueDesde25_0_CHasta50_0_C,Saturación sin AW,918,917,50.00030988,
ArranqueDesde25_0_CHasta50_0_C,Saturación sin AW,919,918,50.00030824,
ArranqueDesde25_0_CHasta50_0_C,Saturación sin AW,920,919,50.00030661,
ArranqueDesde25_0_CHasta50_0_C,Saturación sin AW,921,920,50.00030499,
ArranqueDesde25_0_CHasta50_0_C,Saturación sin AW,922,921,50.00030338,
ArranqueDesde25_0_CHasta50_0_C,Saturación sin AW,923,922,50.00030177,
ArranqueDesde25_0_CHasta50_0_C,Saturación sin AW,924,923,50.00030018,
ArranqueDesde25_0_CHasta50_0_C,Saturación sin AW,925,924,50.00029859,
ArranqueDesde25_0_CHasta50_0_C,Saturación sin AW,926,925,50.00029701,
ArranqueDesde25_0_CHasta50_0_C,Saturación sin AW,927,926,50.00029544,
ArranqueDesde25_0_CHasta50_0_C,Saturación sin AW,928,927,50.00029388,
ArranqueDesde25_0_CHasta50_0_C,Saturación sin AW,929,928,50.00029232,
ArranqueDesde25_0_CHasta50_0_C,Saturación sin AW,930,929,50.00029078,
ArranqueDesde25_0_CHasta50_0_C,Saturación sin AW,931,930,50.00028924,
ArranqueDesde25_0_CHasta50_0_C,Saturación sin AW,932,931,50.00028771,
ArranqueDesde25_0_CHasta50_0_C,Saturación sin AW,933,932,50.00028619,
ArranqueDesde25_0_CHasta50_0_C,Saturación sin AW,934,933,50.00028467,
ArranqueDesde25_0_CHasta50_0_C,Saturación sin AW,935,934,50.00028317,
ArranqueDesde25_0_CHasta50_0_C,Saturación sin AW,936,935,50.00028167,
ArranqueDesde25_0_CHasta50_0_C,Saturación sin AW,937,936,50.00028018,
ArranqueDesde25_0_CHasta50_0_C,Saturación sin AW,938,937,50.0002787,
ArranqueDesde25_0_CHasta50_0_C,Saturación sin AW,939,938,50.00027722,
ArranqueDesde25_0_CHasta50_0_C,Saturación sin AW,940,939,50.00027576,
ArranqueDesde25_0_CHasta50_0_C,Saturación sin AW,941,940,50.0002743,
ArranqueDesde25_0_CHasta50_0_C,Saturación sin AW,942,941,50.00027285,
ArranqueDesde25_0_CHasta50_0_C,Saturación sin AW,943,942,50.00027141,
ArranqueDesde25_0_CHasta50_0_C,Saturación sin AW,944,943,50.00026997,
ArranqueDesde25_0_CHasta50_0_C,Saturación sin AW,945,944,50.00026854,
ArranqueDesde25_0_CHasta50_0_C,Saturación sin AW,946,945,50.00026712,
ArranqueDesde25_0_CHasta50_0_C,Saturación sin AW,947,946,50.00026571,
ArranqueDesde25_0_CHasta50_0_C,Saturación sin AW,948,947,50.0002643,
ArranqueDesde25_0_CHasta50_0_C,Saturación sin AW,949,948,50.00026291,
ArranqueDesde25_0_CHasta50_0_C,Saturación sin AW,950,949,50.00026152,
ArranqueDesde25_0_CHasta50_0_C,Saturación sin AW,951,950,50.00026013,
ArranqueDesde25_0_CHasta50_0_C,Saturación sin AW,952,951,50.00025876,
ArranqueDesde25_0_CHasta50_0_C,Saturación sin AW,953,952,50.00025739,
ArranqueDesde25_0_CHasta50_0_C,Saturación sin AW,954,953,50.00025603,
ArranqueDesde25_0_CHasta50_0_C,Saturación sin AW,955,954,50.00025467,
ArranqueDesde25_0_CHasta50_0_C,Saturación sin AW,956,955,50.00025333,
ArranqueDesde25_0_CHasta50_0_C,Saturación sin AW,957,956,50.00025199,
ArranqueDesde25_0_CHasta50_0_C,Saturación sin AW,958,957,50.00025065,
ArranqueDesde25_0_CHasta50_0_C,Saturación sin AW,959,958,50.00024933,
ArranqueDesde25_0_CHasta50_0_C,Saturación sin AW,960,959,50.00024801,
ArranqueDesde25_0_CHasta50_0_C,Saturación sin AW,961,960,50.0002467,
ArranqueDesde25_0_CHasta50_0_C,Saturación sin AW,962,961,50.00024539,
ArranqueDesde25_0_CHasta50_0_C,Saturación sin AW,963,962,50.0002441,
ArranqueDesde25_0_CHasta50_0_C,Saturación sin AW,964,963,50.0002428,
ArranqueDesde25_0_CHasta50_0_C,Saturación sin AW,965,964,50.00024152,
ArranqueDesde25_0_CHasta50_0_C,Saturación sin AW,966,965,50.00024024,
ArranqueDesde25_0_CHasta50_0_C,Saturación sin AW,967,966,50.00023897,
ArranqueDesde25_0_CHasta50_0_C,Saturación sin AW,968,967,50.00023771,
ArranqueDesde25_0_CHasta50_0_C,Saturación sin AW,969,968,50.00023645,
ArranqueDesde25_0_CHasta50_0_C,Saturación sin AW,970,969,50.0002352,
ArranqueDesde25_0_CHasta50_0_C,Saturación sin AW,971,970,50.00023396,
ArranqueDesde25_0_CHasta50_0_C,Saturación sin AW,972,971,50.00023272,
ArranqueDesde25_0_CHasta50_0_C,Saturación sin AW,973,972,50.00023149,
ArranqueDesde25_0_CHasta50_0_C,Saturación sin AW,974,973,50.00023026,
ArranqueDesde25_0_CHasta50_0_C,Saturación sin AW,975,974,50.00022905,
ArranqueDesde25_0_CHasta50_0_C,Saturación sin AW,976,975,50.00022784,
ArranqueDesde25_0_CHasta50_0_C,Saturación sin AW,977,976,50.00022663,
ArranqueDesde25_0_CHasta50_0_C,Saturación sin AW,978,977,50.00022543,
ArranqueDesde25_0_CHasta50_0_C,Saturación sin AW,979,978,50.00022424,
ArranqueDesde25_0_CHasta50_0_C,Saturación sin AW,980,979,50.00022305,
ArranqueDesde25_0_CHasta50_0_C,Saturación sin AW,981,980,50.00022187,
ArranqueDesde25_0_CHasta50_0_C,Saturación sin AW,982,981,50.0002207,
ArranqueDesde25_0_CHasta50_0_C,Saturación sin AW,983,982,50.00021953,
ArranqueDesde25_0_CHasta50_0_C,Saturación sin AW,984,983,50.00021837,
ArranqueDesde25_0_CHasta50_0_C,Saturación sin AW,985,984,50.00021722,
ArranqueDesde25_0_CHasta50_0_C,Saturación sin AW,986,985,50.00021607,
ArranqueDesde25_0_CHasta50_0_C,Saturación sin AW,987,986,50.00021493,
ArranqueDesde25_0_CHasta50_0_C,Saturación sin AW,988,987,50.00021379,
ArranqueDesde25_0_CHasta50_0_C,Saturación sin AW,989,988,50.00021266,
ArranqueDesde25_0_CHasta50_0_C,Saturación sin AW,990,989,50.00021153,
ArranqueDesde25_0_CHasta50_0_C,Saturación sin AW,991,990,50.00021042,
ArranqueDesde25_0_CHasta50_0_C,Saturación sin AW,992,991,50.0002093,
ArranqueDesde25_0_CHasta50_0_C,Saturación sin AW,993,992,50.0002082,
ArranqueDesde25_0_CHasta50_0_C,Saturación sin AW,994,993,50.00020709,
ArranqueDesde25_0_CHasta50_0_C,Saturación sin AW,995,994,50.000206,
ArranqueDesde25_0_CHasta50_0_C,Saturación sin AW,996,995,50.00020491,
ArranqueDesde25_0_CHasta50_0_C,Saturación sin AW,997,996,50.00020383,
ArranqueDesde25_0_CHasta50_0_C,Saturación sin AW,998,997,50.00020275,
ArranqueDesde25_0_CHasta50_0_C,Saturación sin AW,999,998,50.00020168,
ArranqueDesde25_0_CHasta50_0_C,Saturación sin AW,1000,999,50.00020061,
ArranqueDesde25_0_CHasta50_0_C,Saturación sin AW,1001,1000,50.00019955,
ArranqueDesde25_0_CHasta50_0_C,Saturación sin AW,1002,1001,50.00019849,
ArranqueDesde25_0_CHasta50_0_C,Saturación sin AW,1003,1002,50.00019744,
ArranqueDesde25_0_CHasta50_0_C,Saturación sin AW,1004,1003,50.0001964,
ArranqueDesde25_0_CHasta50_0_C,Saturación sin AW,1005,1004,50.00019536,
ArranqueDesde25_0_CHasta50_0_C,Saturación sin AW,1006,1005,50.00019433,
ArranqueDesde25_0_CHasta50_0_C,Saturación sin AW,1007,1006,50.0001933,
ArranqueDesde25_0_CHasta50_0_C,Saturación sin AW,1008,1007,50.00019228,
ArranqueDesde25_0_CHasta50_0_C,Saturación sin AW,1009,1008,50.00019126,
ArranqueDesde25_0_CHasta50_0_C,Saturación sin AW,1010,1009,50.00019025,
ArranqueDesde25_0_CHasta50_0_C,Saturación sin AW,1011,1010,50.00018924,
ArranqueDesde25_0_CHasta50_0_C,Saturación sin AW,1012,1011,50.00018824,
ArranqueDesde25_0_CHasta50_0_C,Saturación sin AW,1013,1012,50.00018725,
ArranqueDesde25_0_CHasta50_0_C,Saturación sin AW,1014,1013,50.00018626,
ArranqueDesde25_0_CHasta50_0_C,Saturación sin AW,1015,1014,50.00018527,
ArranqueDesde25_0_CHasta50_0_C,Saturación sin AW,1016,1015,50.00018429,
ArranqueDesde25_0_CHasta50_0_C,Saturación sin AW,1017,1016,50.00018332,
ArranqueDesde25_0_CHasta50_0_C,Saturación sin AW,1018,1017,50.00018235,
ArranqueDesde25_0_CHasta50_0_C,Saturación sin AW,1019,1018,50.00018138,
ArranqueDesde25_0_CHasta50_0_C,Saturación sin AW,1020,1019,50.00018042,
ArranqueDesde25_0_CHasta50_0_C,Saturación sin AW,1021,1020,50.00017947,
ArranqueDesde25_0_CHasta50_0_C,Saturación sin AW,1022,1021,50.00017852,
ArranqueDesde25_0_CHasta50_0_C,Saturación sin AW,1023,1022,50.00017757,
ArranqueDesde25_0_CHasta50_0_C,Saturación sin AW,1024,1023,50.00017664,
ArranqueDesde25_0_CHasta50_0_C,Saturación sin AW,1025,1024,50.0001757,
ArranqueDesde25_0_CHasta50_0_C,Saturación sin AW,1026,1025,50.00017477,
ArranqueDesde25_0_CHasta50_0_C,Saturación sin AW,1027,1026,50.00017385,
ArranqueDesde25_0_CHasta50_0_C,Saturación sin AW,1028,1027,50.00017293,
ArranqueDesde25_0_CHasta50_0_C,Saturación sin AW,1029,1028,50.00017201,
ArranqueDesde25_0_CHasta50_0_C,Saturación sin AW,1030,1029,50.0001711,
ArranqueDesde25_0_CHasta50_0_C,Saturación sin AW,1031,1030,50.0001702,
ArranqueDesde25_0_CHasta50_0_C,Saturación sin AW,1032,1031,50.0001693,
ArranqueDesde25_0_CHasta50_0_C,Saturación sin AW,1033,1032,50.0001684,
ArranqueDesde25_0_CHasta50_0_C,Saturación sin AW,1034,1033,50.00016751,
ArranqueDesde25_0_CHasta50_0_C,Saturación sin AW,1035,1034,50.00016663,
ArranqueDesde25_0_CHasta50_0_C,Saturación sin AW,1036,1035,50.00016575,
ArranqueDesde25_0_CHasta50_0_C,Saturación sin AW,1037,1036,50.00016487,
ArranqueDesde25_0_CHasta50_0_C,Saturación sin AW,1038,1037,50.000164,
ArranqueDesde25_0_CHasta50_0_C,Saturación sin AW,1039,1038,50.00016313,
ArranqueDesde25_0_CHasta50_0_C,Saturación sin AW,1040,1039,50.00016227,
ArranqueDesde25_0_CHasta50_0_C,Saturación sin AW,1041,1040,50.00016141,
ArranqueDesde25_0_CHasta50_0_C,Saturación sin AW,1042,1041,50.00016056,
ArranqueDesde25_0_CHasta50_0_C,Saturación sin AW,1043,1042,50.00015971,
ArranqueDesde25_0_CHasta50_0_C,Saturación sin AW,1044,1043,50.00015886,
ArranqueDesde25_0_CHasta50_0_C,Saturación sin AW,1045,1044,50.00015802,
ArranqueDesde25_0_CHasta50_0_C,Saturación sin AW,1046,1045,50.00015719,
ArranqueDesde25_0_CHasta50_0_C,Saturación sin AW,1047,1046,50.00015635,
ArranqueDesde25_0_CHasta50_0_C,Saturación sin AW,1048,1047,50.00015553,
ArranqueDesde25_0_CHasta50_0_C,Saturación sin AW,1049,1048,50.00015471,
ArranqueDesde25_0_CHasta50_0_C,Saturación sin AW,1050,1049,50.00015389,
ArranqueDesde25_0_CHasta50_0_C,Saturación sin AW,1051,1050,50.00015307,
ArranqueDesde25_0_CHasta50_0_C,Saturación sin AW,1052,1051,50.00015226,
ArranqueDesde25_0_CHasta50_0_C,Saturación sin AW,1053,1052,50.00015146,
ArranqueDesde25_0_CHasta50_0_C,Saturación sin AW,1054,1053,50.00015066,
ArranqueDesde25_0_CHasta50_0_C,Saturación sin AW,1055,1054,50.00014986,
ArranqueDesde25_0_CHasta50_0_C,Saturación sin AW,1056,1055,50.00014907,
ArranqueDesde25_0_CHasta50_0_C,Saturación sin AW,1057,1056,50.00014828,
ArranqueDesde25_0_CHasta50_0_C,Saturación sin AW,1058,1057,50.0001475,
ArranqueDesde25_0_CHasta50_0_C,Saturación sin AW,1059,1058,50.00014672,
ArranqueDesde25_0_CHasta50_0_C,Saturación sin AW,1060,1059,50.00014594,
ArranqueDesde25_0_CHasta50_0_C,Saturación sin AW,1061,1060,50.00014517,
ArranqueDesde25_0_CHasta50_0_C,Saturación sin AW,1062,1061,50.0001444,
ArranqueDesde25_0_CHasta50_0_C,Saturación sin AW,1063,1062,50.00014364,
ArranqueDesde25_0_CHasta50_0_C,Saturación sin AW,1064,1063,50.00014288,
ArranqueDesde25_0_CHasta50_0_C,Saturación sin AW,1065,1064,50.00014212,
ArranqueDesde25_0_CHasta50_0_C,Saturación sin AW,1066,1065,50.00014137,
ArranqueDesde25_0_CHasta50_0_C,Saturación sin AW,1067,1066,50.00014062,
ArranqueDesde25_0_CHasta50_0_C,Saturación sin AW,1068,1067,50.00013988,
ArranqueDesde25_0_CHasta50_0_C,Saturación sin AW,1069,1068,50.00013914,
ArranqueDesde25_0_CHasta50_0_C,Saturación sin AW,1070,1069,50.0001384,
ArranqueDesde25_0_CHasta50_0_C,Saturación sin AW,1071,1070,50.00013767,
ArranqueDesde25_0_CHasta50_0_C,Saturación sin AW,1072,1071,50.00013694,
ArranqueDesde25_0_CHasta50_0_C,Saturación sin AW,1073,1072,50.00013622,
ArranqueDesde25_0_CHasta50_0_C,Saturación sin AW,1074,1073,50.0001355,
ArranqueDesde25_0_CHasta50_0_C,Saturación sin AW,1075,1074,50.00013478,
ArranqueDesde25_0_CHasta50_0_C,Saturación sin AW,1076,1075,50.00013407,
ArranqueDesde25_0_CHasta50_0_C,Saturación sin AW,1077,1076,50.00013336,
ArranqueDesde25_0_CHasta50_0_C,Saturación sin AW,1078,1077,50.00013265,
ArranqueDesde25_0_CHasta50_0_C,Saturación sin AW,1079,1078,50.00013195,
ArranqueDesde25_0_CHasta50_0_C,Saturación sin AW,1080,1079,50.00013125,
ArranqueDesde25_0_CHasta50_0_C,Saturación sin AW,1081,1080,50.00013056,
ArranqueDesde25_0_CHasta50_0_C,Saturación sin AW,1082,1081,50.00012987,
ArranqueDesde25_0_CHasta50_0_C,Saturación sin AW,1083,1082,50.00012918,
ArranqueDesde25_0_CHasta50_0_C,Saturación sin AW,1084,1083,50.0001285,
ArranqueDesde25_0_CHasta50_0_C,Saturación sin AW,1085,1084,50.00012782,
ArranqueDesde25_0_CHasta50_0_C,Saturación sin AW,1086,1085,50.00012714,
ArranqueDesde25_0_CHasta50_0_C,Saturación sin AW,1087,1086,50.00012647,
ArranqueDesde25_0_CHasta50_0_C,Saturación sin AW,1088,1087,50.0001258,
ArranqueDesde25_0_CHasta50_0_C,Saturación sin AW,1089,1088,50.00012514,
ArranqueDesde25_0_CHasta50_0_C,Saturación sin AW,1090,1089,50.00012448,
ArranqueDesde25_0_CHasta50_0_C,Saturación sin AW,1091,1090,50.00012382,
ArranqueDesde25_0_CHasta50_0_C,Saturación sin AW,1092,1091,50.00012316,
ArranqueDesde25_0_CHasta50_0_C,Saturación sin AW,1093,1092,50.00012251,
ArranqueDesde25_0_CHasta50_0_C,Saturación sin AW,1094,1093,50.00012186,
ArranqueDesde25_0_CHasta50_0_C,Saturación sin AW,1095,1094,50.00012122,
ArranqueDesde25_0_CHasta50_0_C,Saturación sin AW,1096,1095,50.00012058,
ArranqueDesde25_0_CHasta50_0_C,Saturación sin AW,1097,1096,50.00011994,
ArranqueDesde25_0_CHasta50_0_C,Saturación sin AW,1098,1097,50.00011931,
ArranqueDesde25_0_CHasta50_0_C,Saturación sin AW,1099,1098,50.00011867,
ArranqueDesde25_0_CHasta50_0_C,Saturación sin AW,1100,1099,50.00011805,
ArranqueDesde25_0_CHasta50_0_C,Saturación sin AW,1101,1100,50.00011742,
ArranqueDesde25_0_CHasta50_0_C,Saturación sin AW,1102,1101,50.0001168,
ArranqueDesde25_0_CHasta50_0_C,Saturación sin AW,1103,1102,50.00011618,
ArranqueDesde25_0_CHasta50_0_C,Saturación sin AW,1104,1103,50.00011557,
ArranqueDesde25_0_CHasta50_0_C,Saturación sin AW,1105,1104,50.00011496,
ArranqueDesde25_0_CHasta50_0_C,Saturación sin AW,1106,1105,50.00011435,
ArranqueDesde25_0_CHasta50_0_C,Saturación sin AW,1107,1106,50.00011374,
ArranqueDesde25_0_CHasta50_0_C,Saturación sin AW,1108,1107,50.00011314,
ArranqueDesde25_0_CHasta50_0_C,Saturación sin AW,1109,1108,50.00011254,
ArranqueDesde25_0_CHasta50_0_C,Saturación sin AW,1110,1109,50.00011195,
ArranqueDesde25_0_CHasta50_0_C,Saturación sin AW,1111,1110,50.00011136,
ArranqueDesde25_0_CHasta50_0_C,Saturación sin AW,1112,1111,50.00011077,
ArranqueDesde25_0_CHasta50_0_C,Saturación sin AW,1113,1112,50.00011018,
ArranqueDesde25_0_CHasta50_0_C,Saturación sin AW,1114,1113,50.0001096,
ArranqueDesde25_0_CHasta50_0_C,Saturación sin AW,1115,1114,50.00010902,
ArranqueDesde25_0_CHasta50_0_C,Saturación sin AW,1116,1115,50.00010844,
ArranqueDesde25_0_CHasta50_0_C,Saturación sin AW,1117,1116,50.00010787,
ArranqueDesde25_0_CHasta50_0_C,Saturación sin AW,1118,1117,50.0001073,
ArranqueDesde25_0_CHasta50_0_C,Saturación sin AW,1119,1118,50.00010673,
ArranqueDesde25_0_CHasta50_0_C,Saturación sin AW,1120,1119,50.00010617,
ArranqueDesde25_0_CHasta50_0_C,Saturación sin AW,1121,1120,50.00010561,
ArranqueDesde25_0_CHasta50_0_C,Saturación sin AW,1122,1121,50.00010505,
ArranqueDesde25_0_CHasta50_0_C,Saturación sin AW,1123,1122,50.00010449,
ArranqueDesde25_0_CHasta50_0_C,Saturación sin AW,1124,1123,50.00010394,
ArranqueDesde25_0_CHasta50_0_C,Saturación sin AW,1125,1124,50.00010339,
ArranqueDesde25_0_CHasta50_0_C,Saturación sin AW,1126,1125,50.00010284,
ArranqueDesde25_0_CHasta50_0_C,Saturación sin AW,1127,1126,50.0001023,
ArranqueDesde25_0_CHasta50_0_C,Saturación sin AW,1128,1127,50.00010176,
ArranqueDesde25_0_CHasta50_0_C,Saturación sin AW,1129,1128,50.00010122,
ArranqueDesde25_0_CHasta50_0_C,Saturación sin AW,1130,1129,50.00010068,
ArranqueDesde25_0_CHasta50_0_C,Saturación sin AW,1131,1130,50.00010015,
ArranqueDesde25_0_CHasta50_0_C,Saturación sin AW,1132,1131,50.00009962,
ArranqueDesde25_0_CHasta50_0_C,Saturación sin AW,1133,1132,50.0000991,
ArranqueDesde25_0_CHasta50_0_C,Saturación sin AW,1134,1133,50.00009857,
ArranqueDesde25_0_CHasta50_0_C,Saturación sin AW,1135,1134,50.00009805,
ArranqueDesde25_0_CHasta50_0_C,Saturación sin AW,1136,1135,50.00009753,
ArranqueDesde25_0_CHasta50_0_C,Saturación sin AW,1137,1136,50.00009702,
ArranqueDesde25_0_CHasta50_0_C,Saturación sin AW,1138,1137,50.0000965,
ArranqueDesde25_0_CHasta50_0_C,Saturación sin AW,1139,1138,50.00009599,
ArranqueDesde25_0_CHasta50_0_C,Saturación sin AW,1140,1139,50.00009548,
ArranqueDesde25_0_CHasta50_0_C,Saturación sin AW,1141,1140,50.00009498,
ArranqueDesde25_0_CHasta50_0_C,Saturación sin AW,1142,1141,50.00009448,
ArranqueDesde25_0_CHasta50_0_C,Saturación sin AW,1143,1142,50.00009398,
ArranqueDesde25_0_CHasta50_0_C,Saturación sin AW,1144,1143,50.00009348,
ArranqueDesde25_0_CHasta50_0_C,Saturación sin AW,1145,1144,50.00009299,
ArranqueDesde25_0_CHasta50_0_C,Saturación sin AW,1146,1145,50.00009249,
ArranqueDesde25_0_CHasta50_0_C,Saturación sin AW,1147,1146,50.00009201,
ArranqueDesde25_0_CHasta50_0_C,Saturación sin AW,1148,1147,50.00009152,
ArranqueDesde25_0_CHasta50_0_C,Saturación sin AW,1149,1148,50.00009103,
ArranqueDesde25_0_CHasta50_0_C,Saturación sin AW,1150,1149,50.00009055,
ArranqueDesde25_0_CHasta50_0_C,Saturación sin AW,1151,1150,50.00009007,
ArranqueDesde25_0_CHasta50_0_C,Saturación sin AW,1152,1151,50.0000896,
ArranqueDesde25_0_CHasta50_0_C,Saturación sin AW,1153,1152,50.00008912,
ArranqueDesde25_0_CHasta50_0_C,Saturación sin AW,1154,1153,50.00008865,
ArranqueDesde25_0_CHasta50_0_C,Saturación sin AW,1155,1154,50.00008818,
ArranqueDesde25_0_CHasta50_0_C,Saturación sin AW,1156,1155,50.00008772,
ArranqueDesde25_0_CHasta50_0_C,Saturación sin AW,1157,1156,50.00008725,
ArranqueDesde25_0_CHasta50_0_C,Saturación sin AW,1158,1157,50.00008679,
ArranqueDesde25_0_CHasta50_0_C,Saturación sin AW,1159,1158,50.00008633,
ArranqueDesde25_0_CHasta50_0_C,Saturación sin AW,1160,1159,50.00008588,
ArranqueDesde25_0_CHasta50_0_C,Saturación sin AW,1161,1160,50.00008542,
ArranqueDesde25_0_CHasta50_0_C,Saturación sin AW,1162,1161,50.00008497,
ArranqueDesde25_0_CHasta50_0_C,Saturación sin AW,1163,1162,50.00008452,
ArranqueDesde25_0_CHasta50_0_C,Saturación sin AW,1164,1163,50.00008407,
ArranqueDesde25_0_CHasta50_0_C,Saturación sin AW,1165,1164,50.00008363,
ArranqueDesde25_0_CHasta50_0_C,Saturación sin AW,1166,1165,50.00008319,
ArranqueDesde25_0_CHasta50_0_C,Saturación sin AW,1167,1166,50.00008275,
ArranqueDesde25_0_CHasta50_0_C,Saturación sin AW,1168,1167,50.00008231,
ArranqueDesde25_0_CHasta50_0_C,Saturación sin AW,1169,1168,50.00008187,
ArranqueDesde25_0_CHasta50_0_C,Saturación sin AW,1170,1169,50.00008144,
ArranqueDesde25_0_CHasta50_0_C,Saturación sin AW,1171,1170,50.00008101,
ArranqueDesde25_0_CHasta50_0_C,Saturación sin AW,1172,1171,50.00008058,
ArranqueDesde25_0_CHasta50_0_C,Saturación sin AW,1173,1172,50.00008016,
ArranqueDesde25_0_CHasta50_0_C,Saturación sin AW,1174,1173,50.00007973,
ArranqueDesde25_0_CHasta50_0_C,Saturación sin AW,1175,1174,50.00007931,
ArranqueDesde25_0_CHasta50_0_C,Saturación sin AW,1176,1175,50.00007889,
ArranqueDesde25_0_CHasta50_0_C,Saturación sin AW,1177,1176,50.00007847,
ArranqueDesde25_0_CHasta50_0_C,Saturación sin AW,1178,1177,50.00007806,
ArranqueDesde25_0_CHasta50_0_C,Saturación sin AW,1179,1178,50.00007765,
ArranqueDesde25_0_CHasta50_0_C,Saturación sin AW,1180,1179,50.00007724,
ArranqueDesde25_0_CHasta50_0_C,Saturación sin AW,1181,1180,50.00007683,
ArranqueDesde25_0_CHasta50_0_C,Saturación sin AW,1182,1181,50.00007642,
ArranqueDesde25_0_CHasta50_0_C,Saturación sin AW,1183,1182,50.00007602,
ArranqueDesde25_0_CHasta50_0_C,Saturación sin AW,1184,1183,50.00007561,
ArranqueDesde25_0_CHasta50_0_C,Saturación sin AW,1185,1184,50.00007521,
ArranqueDesde25_0_CHasta50_0_C,Saturación sin AW,1186,1185,50.00007482,
ArranqueDesde25_0_CHasta50_0_C,Saturación sin AW,1187,1186,50.00007442,
ArranqueDesde25_0_CHasta50_0_C,Saturación sin AW,1188,1187,50.00007403,
ArranqueDesde25_0_CHasta50_0_C,Saturación sin AW,1189,1188,50.00007364,
ArranqueDesde25_0_CHasta50_0_C,Saturación sin AW,1190,1189,50.00007325,
ArranqueDesde25_0_CHasta50_0_C,Saturación sin AW,1191,1190,50.00007286,
ArranqueDesde25_0_CHasta50_0_C,Saturación sin AW,1192,1191,50.00007247,
ArranqueDesde25_0_CHasta50_0_C,Saturación sin AW,1193,1192,50.00007209,
ArranqueDesde25_0_CHasta50_0_C,Saturación sin AW,1194,1193,50.00007171,
ArranqueDesde25_0_CHasta50_0_C,Saturación sin AW,1195,1194,50.00007133,
ArranqueDesde25_0_CHasta50_0_C,Saturación sin AW,1196,1195,50.00007095,
ArranqueDesde25_0_CHasta50_0_C,Saturación sin AW,1197,1196,50.00007058,
ArranqueDesde25_0_CHasta50_0_C,Saturación sin AW,1198,1197,50.0000702,
ArranqueDesde25_0_CHasta50_0_C,Saturación sin AW,1199,1198,50.00006983,
ArranqueDesde25_0_CHasta50_0_C,Saturación sin AW,1200,1199,50.00006946,
ArranqueDesde25_0_CHasta50_0_C,Saturación sin AW,1201,1200,50.0000691,
ArranqueDesde25_0_CHasta50_0_C,Saturación sin AW,1202,1201,50.00006873,
ArranqueDesde25_0_CHasta50_0_C,Saturación sin AW,1203,1202,50.00006837,
ArranqueDesde25_0_CHasta50_0_C,Saturación sin AW,1204,1203,50.00006801,
ArranqueDesde25_0_CHasta50_0_C,Saturación sin AW,1205,1204,50.00006765,
ArranqueDesde25_0_CHasta50_0_C,Saturación sin AW,1206,1205,50.00006729,
ArranqueDesde25_0_CHasta50_0_C,Saturación sin AW,1207,1206,50.00006693,
ArranqueDesde25_0_CHasta50_0_C,Saturación sin AW,1208,1207,50.00006658,
ArranqueDesde25_0_CHasta50_0_C,Saturación sin AW,1209,1208,50.00006623,
ArranqueDesde25_0_CHasta50_0_C,Saturación sin AW,1210,1209,50.00006588,
ArranqueDesde25_0_CHasta50_0_C,Saturación sin AW,1211,1210,50.00006553,
ArranqueDesde25_0_CHasta50_0_C,Saturación sin AW,1212,1211,50.00006518,
ArranqueDesde25_0_CHasta50_0_C,Saturación sin AW,1213,1212,50.00006484,
ArranqueDesde25_0_CHasta50_0_C,Saturación sin AW,1214,1213,50.00006449,
ArranqueDesde25_0_CHasta50_0_C,Saturación sin AW,1215,1214,50.00006415,
ArranqueDesde25_0_CHasta50_0_C,Saturación sin AW,1216,1215,50.00006381,
ArranqueDesde25_0_CHasta50_0_C,Saturación sin AW,1217,1216,50.00006348,
ArranqueDesde25_0_CHasta50_0_C,Saturación sin AW,1218,1217,50.00006314,
ArranqueDesde25_0_CHasta50_0_C,Saturación sin AW,1219,1218,50.00006281,
ArranqueDesde25_0_CHasta50_0_C,Saturación sin AW,1220,1219,50.00006247,
ArranqueDesde25_0_CHasta50_0_C,Saturación sin AW,1221,1220,50.00006214,
ArranqueDesde25_0_CHasta50_0_C,Saturación sin AW,1222,1221,50.00006181,
ArranqueDesde25_0_CHasta50_0_C,Saturación sin AW,1223,1222,50.00006149,
ArranqueDesde25_0_CHasta50_0_C,Saturación sin AW,1224,1223,50.00006116,
ArranqueDesde25_0_CHasta50_0_C,Saturación sin AW,1225,1224,50.00006084,
ArranqueDesde25_0_CHasta50_0_C,Saturación sin AW,1226,1225,50.00006052,
ArranqueDesde25_0_CHasta50_0_C,Saturación sin AW,1227,1226,50.0000602,
ArranqueDesde25_0_CHasta50_0_C,Saturación sin AW,1228,1227,50.00005988,
ArranqueDesde25_0_CHasta50_0_C,Saturación sin AW,1229,1228,50.00005956,
ArranqueDesde25_0_CHasta50_0_C,Saturación sin AW,1230,1229,50.00005925,
ArranqueDesde25_0_CHasta50_0_C,Saturación sin AW,1231,1230,50.00005893,
ArranqueDesde25_0_CHasta50_0_C,Saturación sin AW,1232,1231,50.00005862,
ArranqueDesde25_0_CHasta50_0_C,Saturación sin AW,1233,1232,50.00005831,
ArranqueDesde25_0_CHasta50_0_C,Saturación sin AW,1234,1233,50.000058,
ArranqueDesde25_0_CHasta50_0_C,Saturación sin AW,1235,1234,50.0000577,
ArranqueDesde25_0_CHasta50_0_C,Saturación sin AW,1236,1235,50.00005739,
ArranqueDesde25_0_CHasta50_0_C,Saturación sin AW,1237,1236,50.00005709,
ArranqueDesde25_0_CHasta50_0_C,Saturación sin AW,1238,1237,50.00005679,
ArranqueDesde25_0_CHasta50_0_C,Saturación sin AW,1239,1238,50.00005649,
ArranqueDesde25_0_CHasta50_0_C,Saturación sin AW,1240,1239,50.00005619,
ArranqueDesde25_0_CHasta50_0_C,Saturación sin AW,1241,1240,50.00005589,
ArranqueDesde25_0_CHasta50_0_C,Saturación sin AW,1242,1241,50.00005559,
ArranqueDesde25_0_CHasta50_0_C,Saturación sin AW,1243,1242,50.0000553,
ArranqueDesde25_0_CHasta50_0_C,Saturación sin AW,1244,1243,50.00005501,
ArranqueDesde25_0_CHasta50_0_C,Saturación sin AW,1245,1244,50.00005472,
ArranqueDesde25_0_CHasta50_0_C,Saturación sin AW,1246,1245,50.00005443,
ArranqueDesde25_0_CHasta50_0_C,Saturación sin AW,1247,1246,50.00005414,
ArranqueDesde25_0_CHasta50_0_C,Saturación sin AW,1248,1247,50.00005385,
ArranqueDesde25_0_CHasta50_0_C,Saturación sin AW,1249,1248,50.00005357,
ArranqueDesde25_0_CHasta50_0_C,Saturación sin AW,1250,1249,50.00005329,
ArranqueDesde25_0_CHasta50_0_C,Saturación sin AW,1251,1250,50.000053,
ArranqueDesde25_0_CHasta50_0_C,Saturación sin AW,1252,1251,50.00005272,
ArranqueDesde25_0_CHasta50_0_C,Saturación sin AW,1253,1252,50.00005244,
ArranqueDesde25_0_CHasta50_0_C,Saturación sin AW,1254,1253,50.00005217,
ArranqueDesde25_0_CHasta50_0_C,Saturación sin AW,1255,1254,50.00005189,
ArranqueDesde25_0_CHasta50_0_C,Saturación sin AW,1256,1255,50.00005162,
ArranqueDesde25_0_CHasta50_0_C,Saturación sin AW,1257,1256,50.00005134,
ArranqueDesde25_0_CHasta50_0_C,Saturación sin AW,1258,1257,50.00005107,
ArranqueDesde25_0_CHasta50_0_C,Saturación sin AW,1259,1258,50.0000508,
ArranqueDesde25_0_CHasta50_0_C,Saturación sin AW,1260,1259,50.00005053,
ArranqueDesde25_0_CHasta50_0_C,Saturación sin AW,1261,1260,50.00005027,
ArranqueDesde25_0_CHasta50_0_C,Saturación sin AW,1262,1261,50.00005,
ArranqueDesde25_0_CHasta50_0_C,Saturación sin AW,1263,1262,50.00004974,
ArranqueDesde25_0_CHasta50_0_C,Saturación sin AW,1264,1263,50.00004947,
ArranqueDesde25_0_CHasta50_0_C,Saturación sin AW,1265,1264,50.00004921,
ArranqueDesde25_0_CHasta50_0_C,Saturación sin AW,1266,1265,50.00004895,
ArranqueDesde25_0_CHasta50_0_C,Saturación sin AW,1267,1266,50.00004869,
ArranqueDesde25_0_CHasta50_0_C,Saturación sin AW,1268,1267,50.00004843,
ArranqueDesde25_0_CHasta50_0_C,Saturación sin AW,1269,1268,50.00004818,
ArranqueDesde25_0_CHasta50_0_C,Saturación sin AW,1270,1269,50.00004792,
ArranqueDesde25_0_CHasta50_0_C,Saturación sin AW,1271,1270,50.00004767,
ArranqueDesde25_0_CHasta50_0_C,Saturación sin AW,1272,1271,50.00004742,
ArranqueDesde25_0_CHasta50_0_C,Saturación sin AW,1273,1272,50.00004717,
ArranqueDesde25_0_CHasta50_0_C,Saturación sin AW,1274,1273,50.00004692,
ArranqueDesde25_0_CHasta50_0_C,Saturación sin AW,1275,1274,50.00004667,
ArranqueDesde25_0_CHasta50_0_C,Saturación sin AW,1276,1275,50.00004642,
ArranqueDesde25_0_CHasta50_0_C,Saturación sin AW,1277,1276,50.00004618,
ArranqueDesde25_0_CHasta50_0_C,Saturación sin AW,1278,1277,50.00004593,
ArranqueDesde25_0_CHasta50_0_C,Saturación sin AW,1279,1278,50.00004569,
ArranqueDesde25_0_CHasta50_0_C,Saturación sin AW,1280,1279,50.00004545,
ArranqueDesde25_0_CHasta50_0_C,Saturación sin AW,1281,1280,50.00004521,
ArranqueDesde25_0_CHasta50_0_C,Saturación sin AW,1282,1281,50.00004497,
ArranqueDesde25_0_CHasta50_0_C,Saturación sin AW,1283,1282,50.00004473,
ArranqueDesde25_0_CHasta50_0_C,Saturación sin AW,1284,1283,50.00004449,
ArranqueDesde25_0_CHasta50_0_C,Saturación sin AW,1285,1284,50.00004426,
ArranqueDesde25_0_CHasta50_0_C,Saturación sin AW,1286,1285,50.00004403,
ArranqueDesde25_0_CHasta50_0_C,Saturación sin AW,1287,1286,50.00004379,
ArranqueDesde25_0_CHasta50_0_C,Saturación sin AW,1288,1287,50.00004356,
ArranqueDesde25_0_CHasta50_0_C,Saturación sin AW,1289,1288,50.00004333,
ArranqueDesde25_0_CHasta50_0_C,Saturación sin AW,1290,1289,50.0000431,
ArranqueDesde25_0_CHasta50_0_C,Saturación sin AW,1291,1290,50.00004287,
ArranqueDesde25_0_CHasta50_0_C,Saturación sin AW,1292,1291,50.00004265,
ArranqueDesde25_0_CHasta50_0_C,Saturación sin AW,1293,1292,50.00004242,
ArranqueDesde25_0_CHasta50_0_C,Saturación sin AW,1294,1293,50.0000422,
ArranqueDesde25_0_CHasta50_0_C,Saturación sin AW,1295,1294,50.00004197,
ArranqueDesde25_0_CHasta50_0_C,Saturación sin AW,1296,1295,50.00004175,
ArranqueDesde25_0_CHasta50_0_C,Saturación sin AW,1297,1296,50.00004153,
ArranqueDesde25_0_CHasta50_0_C,Saturación sin AW,1298,1297,50.00004131,
ArranqueDesde25_0_CHasta50_0_C,Saturación sin AW,1299,1298,50.00004109,
ArranqueDesde25_0_CHasta50_0_C,Saturación sin AW,1300,1299,50.00004088,
ArranqueDesde25_0_CHasta50_0_C,Saturación sin AW,1301,1300,50.00004066,
ArranqueDesde25_0_CHasta50_0_C,Saturación sin AW,1302,1301,50.00004044,
ArranqueDesde25_0_CHasta50_0_C,Saturación sin AW,1303,1302,50.00004023,
ArranqueDesde25_0_CHasta50_0_C,Saturación sin AW,1304,1303,50.00004002,
ArranqueDesde25_0_CHasta50_0_C,Saturación sin AW,1305,1304,50.00003981,
ArranqueDesde25_0_CHasta50_0_C,Saturación sin AW,1306,1305,50.0000396,
ArranqueDesde25_0_CHasta50_0_C,Saturación sin AW,1307,1306,50.00003939,
ArranqueDesde25_0_CHasta50_0_C,Saturación sin AW,1308,1307,50.00003918,
ArranqueDesde25_0_CHasta50_0_C,Saturación sin AW,1309,1308,50.00003897,
ArranqueDesde25_0_CHasta50_0_C,Saturación sin AW,1310,1309,50.00003876,
ArranqueDesde25_0_CHasta50_0_C,Saturación sin AW,1311,1310,50.00003856,
ArranqueDesde25_0_CHasta50_0_C,Saturación sin AW,1312,1311,50.00003836,
ArranqueDesde25_0_CHasta50_0_C,Saturación sin AW,1313,1312,50.00003815,
ArranqueDesde25_0_CHasta50_0_C,Saturación sin AW,1314,1313,50.00003795,
ArranqueDesde25_0_CHasta50_0_C,Saturación sin AW,1315,1314,50.00003775,
ArranqueDesde25_0_CHasta50_0_C,Saturación sin AW,1316,1315,50.00003755,
ArranqueDesde25_0_CHasta50_0_C,Saturación sin AW,1317,1316,50.00003735,
ArranqueDesde25_0_CHasta50_0_C,Saturación sin AW,1318,1317,50.00003715,
ArranqueDesde25_0_CHasta50_0_C,Saturación sin AW,1319,1318,50.00003696,
ArranqueDesde25_0_CHasta50_0_C,Saturación sin AW,1320,1319,50.00003676,
ArranqueDesde25_0_CHasta50_0_C,Saturación sin AW,1321,1320,50.00003657,
ArranqueDesde25_0_CHasta50_0_C,Saturación sin AW,1322,1321,50.00003637,
ArranqueDesde25_0_CHasta50_0_C,Saturación sin AW,1323,1322,50.00003618,
ArranqueDesde25_0_CHasta50_0_C,Saturación sin AW,1324,1323,50.00003599,
ArranqueDesde25_0_CHasta50_0_C,Saturación sin AW,1325,1324,50.0000358,
ArranqueDesde25_0_CHasta50_0_C,Saturación sin AW,1326,1325,50.00003561,
ArranqueDesde25_0_CHasta50_0_C,Saturación sin AW,1327,1326,50.00003542,
ArranqueDesde25_0_CHasta50_0_C,Saturación sin AW,1328,1327,50.00003524,
ArranqueDesde25_0_CHasta50_0_C,Saturación sin AW,1329,1328,50.00003505,
ArranqueDesde25_0_CHasta50_0_C,Saturación sin AW,1330,1329,50.00003486,
ArranqueDesde25_0_CHasta50_0_C,Saturación sin AW,1331,1330,50.00003468,
ArranqueDesde25_0_CHasta50_0_C,Saturación sin AW,1332,1331,50.0000345,
ArranqueDesde25_0_CHasta50_0_C,Saturación sin AW,1333,1332,50.00003431,
ArranqueDesde25_0_CHasta50_0_C,Saturación sin AW,1334,1333,50.00003413,
ArranqueDesde25_0_CHasta50_0_C,Saturación sin AW,1335,1334,50.00003395,
ArranqueDesde25_0_CHasta50_0_C,Saturación sin AW,1336,1335,50.00003377,
ArranqueDesde25_0_CHasta50_0_C,Saturación sin AW,1337,1336,50.00003359,
ArranqueDesde25_0_CHasta50_0_C,Saturación sin AW,1338,1337,50.00003342,
ArranqueDesde25_0_CHasta50_0_C,Saturación sin AW,1339,1338,50.00003324,
ArranqueDesde25_0_CHasta50_0_C,Saturación sin AW,1340,1339,50.00003306,
ArranqueDesde25_0_CHasta50_0_C,Saturación sin AW,1341,1340,50.00003289,
ArranqueDesde25_0_CHasta50_0_C,Saturación sin AW,1342,1341,50.00003271,
ArranqueDesde25_0_CHasta50_0_C,Saturación sin AW,1343,1342,50.00003254,
ArranqueDesde25_0_CHasta50_0_C,Saturación sin AW,1344,1343,50.00003237,
ArranqueDesde25_0_CHasta50_0_C,Saturación sin AW,1345,1344,50.0000322,
ArranqueDesde25_0_CHasta50_0_C,Saturación sin AW,1346,1345,50.00003203,
ArranqueDesde25_0_CHasta50_0_C,Saturación sin AW,1347,1346,50.00003186,
ArranqueDesde25_0_CHasta50_0_C,Saturación sin AW,1348,1347,50.00003169,
ArranqueDesde25_0_CHasta50_0_C,Saturación sin AW,1349,1348,50.00003152,
ArranqueDesde25_0_CHasta50_0_C,Saturación sin AW,1350,1349,50.00003136,
ArranqueDesde25_0_CHasta50_0_C,Saturación sin AW,1351,1350,50.00003119,
ArranqueDesde25_0_CHasta50_0_C,Saturación sin AW,1352,1351,50.00003102,
ArranqueDesde25_0_CHasta50_0_C,Saturación sin AW,1353,1352,50.00003086,
ArranqueDesde25_0_CHasta50_0_C,Saturación sin AW,1354,1353,50.0000307,
ArranqueDesde25_0_CHasta50_0_C,Saturación sin AW,1355,1354,50.00003053,
ArranqueDesde25_0_CHasta50_0_C,Saturación sin AW,1356,1355,50.00003037,
ArranqueDesde25_0_CHasta50_0_C,Saturación sin AW,1357,1356,50.00003021,
ArranqueDesde25_0_CHasta50_0_C,Saturación sin AW,1358,1357,50.00003005,
ArranqueDesde25_0_CHasta50_0_C,Saturación sin AW,1359,1358,50.00002989,
ArranqueDesde25_0_CHasta50_0_C,Saturación sin AW,1360,1359,50.00002974,
ArranqueDesde25_0_CHasta50_0_C,Saturación sin AW,1361,1360,50.00002958,
ArranqueDesde25_0_CHasta50_0_C,Saturación sin AW,1362,1361,50.00002942,
ArranqueDesde25_0_CHasta50_0_C,Saturación sin AW,1363,1362,50.00002927,
ArranqueDesde25_0_CHasta50_0_C,Saturación sin AW,1364,1363,50.00002911,
ArranqueDesde25_0_CHasta50_0_C,Saturación sin AW,1365,1364,50.00002896,
ArranqueDesde25_0_CHasta50_0_C,Saturación sin AW,1366,1365,50.0000288,
ArranqueDesde25_0_CHasta50_0_C,Saturación sin AW,1367,1366,50.00002865,
ArranqueDesde25_0_CHasta50_0_C,Saturación sin AW,1368,1367,50.0000285,
ArranqueDesde25_0_CHasta50_0_C,Saturación sin AW,1369,1368,50.00002835,
ArranqueDesde25_0_CHasta50_0_C,Saturación sin AW,1370,1369,50.0000282,
ArranqueDesde25_0_CHasta50_0_C,Saturación sin AW,1371,1370,50.00002805,
ArranqueDesde25_0_CHasta50_0_C,Saturación sin AW,1372,1371,50.0000279,
ArranqueDesde25_0_CHasta50_0_C,Saturación sin AW,1373,1372,50.00002776,
ArranqueDesde25_0_CHasta50_0_C,Saturación sin AW,1374,1373,50.00002761,
ArranqueDesde25_0_CHasta50_0_C,Saturación sin AW,1375,1374,50.00002746,
ArranqueDesde25_0_CHasta50_0_C,Saturación sin AW,1376,1375,50.00002732,
ArranqueDesde25_0_CHasta50_0_C,Saturación sin AW,1377,1376,50.00002717,
ArranqueDesde25_0_CHasta50_0_C,Saturación sin AW,1378,1377,50.00002703,
ArranqueDesde25_0_CHasta50_0_C,Saturación sin AW,1379,1378,50.00002689,
ArranqueDesde25_0_CHasta50_0_C,Saturación sin AW,1380,1379,50.00002674,
ArranqueDesde25_0_CHasta50_0_C,Saturación sin AW,1381,1380,50.0000266,
ArranqueDesde25_0_CHasta50_0_C,Saturación sin AW,1382,1381,50.00002646,
ArranqueDesde25_0_CHasta50_0_C,Saturación sin AW,1383,1382,50.00002632,
ArranqueDesde25_0_CHasta50_0_C,Saturación sin AW,1384,1383,50.00002618,
ArranqueDesde25_0_CHasta50_0_C,Saturación sin AW,1385,1384,50.00002604,
ArranqueDesde25_0_CHasta50_0_C,Saturación sin AW,1386,1385,50.00002591,
ArranqueDesde25_0_CHasta50_0_C,Saturación sin AW,1387,1386,50.00002577,
ArranqueDesde25_0_CHasta50_0_C,Saturación sin AW,1388,1387,50.00002563,
ArranqueDesde25_0_CHasta50_0_C,Saturación sin AW,1389,1388,50.0000255,
ArranqueDesde25_0_CHasta50_0_C,Saturación sin AW,1390,1389,50.00002536,
ArranqueDesde25_0_CHasta50_0_C,Saturación sin AW,1391,1390,50.00002523,
ArranqueDesde25_0_CHasta50_0_C,Saturación sin AW,1392,1391,50.00002509,
ArranqueDesde25_0_CHasta50_0_C,Saturación sin AW,1393,1392,50.00002496,
ArranqueDesde25_0_CHasta50_0_C,Saturación sin AW,1394,1393,50.00002483,
ArranqueDesde25_0_CHasta50_0_C,Saturación sin AW,1395,1394,50.0000247,
ArranqueDesde25_0_CHasta50_0_C,Saturación sin AW,1396,1395,50.00002457,
ArranqueDesde25_0_CHasta50_0_C,Saturación sin AW,1397,1396,50.00002444,
ArranqueDesde25_0_CHasta50_0_C,Saturación sin AW,1398,1397,50.00002431,
ArranqueDesde25_0_CHasta50_0_C,Saturación sin AW,1399,1398,50.00002418,
ArranqueDesde25_0_CHasta50_0_C,Saturación sin AW,1400,1399,50.00002405,
ArranqueDesde25_0_CHasta50_0_C,Saturación sin AW,1401,1400,50.00002393,
ArranqueDesde25_0_CHasta50_0_C,Saturación sin AW,1402,1401,50.0000238,
ArranqueDesde25_0_CHasta50_0_C,Saturación sin AW,1403,1402,50.00002367,
ArranqueDesde25_0_CHasta50_0_C,Saturación sin AW,1404,1403,50.00002355,
ArranqueDesde25_0_CHasta50_0_C,Saturación sin AW,1405,1404,50.00002342,
ArranqueDesde25_0_CHasta50_0_C,Saturación sin AW,1406,1405,50.0000233,
ArranqueDesde25_0_CHasta50_0_C,Saturación sin AW,1407,1406,50.00002318,
ArranqueDesde25_0_CHasta50_0_C,Saturación sin AW,1408,1407,50.00002305,
ArranqueDesde25_0_CHasta50_0_C,Saturación sin AW,1409,1408,50.00002293,
ArranqueDesde25_0_CHasta50_0_C,Saturación sin AW,1410,1409,50.00002281,
ArranqueDesde25_0_CHasta50_0_C,Saturación sin AW,1411,1410,50.00002269,
ArranqueDesde25_0_CHasta50_0_C,Saturación sin AW,1412,1411,50.00002257,
ArranqueDesde25_0_CHasta50_0_C,Saturación sin AW,1413,1412,50.00002245,
ArranqueDesde25_0_CHasta50_0_C,Saturación sin AW,1414,1413,50.00002233,
ArranqueDesde25_0_CHasta50_0_C,Saturación sin AW,1415,1414,50.00002221,
ArranqueDesde25_0_CHasta50_0_C,Saturación sin AW,1416,1415,50.0000221,
ArranqueDesde25_0_CHasta50_0_C,Saturación sin AW,1417,1416,50.00002198,
ArranqueDesde25_0_CHasta50_0_C,Saturación sin AW,1418,1417,50.00002186,
ArranqueDesde25_0_CHasta50_0_C,Saturación sin AW,1419,1418,50.00002175,
ArranqueDesde25_0_CHasta50_0_C,Saturación sin AW,1420,1419,50.00002163,
ArranqueDesde25_0_CHasta50_0_C,Saturación sin AW,1421,1420,50.00002152,
ArranqueDesde25_0_CHasta50_0_C,Saturación sin AW,1422,1421,50.0000214,
ArranqueDesde25_0_CHasta50_0_C,Saturación sin AW,1423,1422,50.00002129,
ArranqueDesde25_0_CHasta50_0_C,Saturación sin AW,1424,1423,50.00002118,
ArranqueDesde25_0_CHasta50_0_C,Saturación sin AW,1425,1424,50.00002107,
ArranqueDesde25_0_CHasta50_0_C,Saturación sin AW,1426,1425,50.00002095,
ArranqueDesde25_0_CHasta50_0_C,Saturación sin AW,1427,1426,50.00002084,
ArranqueDesde25_0_CHasta50_0_C,Saturación sin AW,1428,1427,50.00002073,
ArranqueDesde25_0_CHasta50_0_C,Saturación sin AW,1429,1428,50.00002062,
ArranqueDesde25_0_CHasta50_0_C,Saturación sin AW,1430,1429,50.00002052,
ArranqueDesde25_0_CHasta50_0_C,Saturación sin AW,1431,1430,50.00002041,
ArranqueDesde25_0_CHasta50_0_C,Saturación sin AW,1432,1431,50.0000203,
ArranqueDesde25_0_CHasta50_0_C,Saturación sin AW,1433,1432,50.00002019,
ArranqueDesde25_0_CHasta50_0_C,Saturación sin AW,1434,1433,50.00002008,
ArranqueDesde25_0_CHasta50_0_C,Saturación sin AW,1435,1434,50.00001998,
ArranqueDesde25_0_CHasta50_0_C,Saturación sin AW,1436,1435,50.00001987,
ArranqueDesde25_0_CHasta50_0_C,Saturación sin AW,1437,1436,50.00001977,
ArranqueDesde25_0_CHasta50_0_C,Saturación sin AW,1438,1437,50.00001966,
ArranqueDesde25_0_CHasta50_0_C,Saturación sin AW,1439,1438,50.00001956,
ArranqueDesde25_0_CHasta50_0_C,Saturación sin AW,1440,1439,50.00001946,
ArranqueDesde25_0_CHasta50_0_C,Saturación sin AW,1441,1440,50.00001935,
ArranqueDesde25_0_CHasta50_0_C,Saturación sin AW,1442,1441,50.00001925,
ArranqueDesde25_0_CHasta50_0_C,Saturación sin AW,1443,1442,50.00001915,
ArranqueDesde25_0_CHasta50_0_C,Saturación sin AW,1444,1443,50.00001905,
ArranqueDesde25_0_CHasta50_0_C,Saturación sin AW,1445,1444,50.00001895,
ArranqueDesde25_0_CHasta50_0_C,Saturación sin AW,1446,1445,50.00001885,
ArranqueDesde25_0_CHasta50_0_C,Saturación sin AW,1447,1446,50.00001875,
ArranqueDesde25_0_CHasta50_0_C,Saturación sin AW,1448,1447,50.00001865,
ArranqueDesde25_0_CHasta50_0_C,Saturación sin AW,1449,1448,50.00001855,
ArranqueDesde25_0_CHasta50_0_C,Saturación sin AW,1450,1449,50.00001845,
ArranqueDesde25_0_CHasta50_0_C,Saturación sin AW,1451,1450,50.00001835,
ArranqueDesde25_0_CHasta50_0_C,Saturación sin AW,1452,1451,50.00001826,
ArranqueDesde25_0_CHasta50_0_C,Saturación sin AW,1453,1452,50.00001816,
ArranqueDesde25_0_CHasta50_0_C,Saturación sin AW,1454,1453,50.00001806,
ArranqueDesde25_0_CHasta50_0_C,Saturación sin AW,1455,1454,50.00001797,
ArranqueDesde25_0_CHasta50_0_C,Saturación sin AW,1456,1455,50.00001787,
ArranqueDesde25_0_CHasta50_0_C,Saturación sin AW,1457,1456,50.00001778,
ArranqueDesde25_0_CHasta50_0_C,Saturación sin AW,1458,1457,50.00001768,
ArranqueDesde25_0_CHasta50_0_C,Saturación sin AW,1459,1458,50.00001759,
ArranqueDesde25_0_CHasta50_0_C,Saturación sin AW,1460,1459,50.0000175,
ArranqueDesde25_0_CHasta50_0_C,Saturación sin AW,1461,1460,50.00001741,
ArranqueDesde25_0_CHasta50_0_C,Saturación sin AW,1462,1461,50.00001731,
ArranqueDesde25_0_CHasta50_0_C,Saturación sin AW,1463,1462,50.00001722,
ArranqueDesde25_0_CHasta50_0_C,Saturación sin AW,1464,1463,50.00001713,
ArranqueDesde25_0_CHasta50_0_C,Saturación sin AW,1465,1464,50.00001704,
ArranqueDesde25_0_CHasta50_0_C,Saturación sin AW,1466,1465,50.00001695,
ArranqueDesde25_0_CHasta50_0_C,Saturación sin AW,1467,1466,50.00001686,
ArranqueDesde25_0_CHasta50_0_C,Saturación sin AW,1468,1467,50.00001677,
ArranqueDesde25_0_CHasta50_0_C,Saturación sin AW,1469,1468,50.00001668,
ArranqueDesde25_0_CHasta50_0_C,Saturación sin AW,1470,1469,50.00001659,
ArranqueDesde25_0_CHasta50_0_C,Saturación sin AW,1471,1470,50.00001651,
ArranqueDesde25_0_CHasta50_0_C,Saturación sin AW,1472,1471,50.00001642,
ArranqueDesde25_0_CHasta50_0_C,Saturación sin AW,1473,1472,50.00001633,
ArranqueDesde25_0_CHasta50_0_C,Saturación sin AW,1474,1473,50.00001625,
ArranqueDesde25_0_CHasta50_0_C,Saturación sin AW,1475,1474,50.00001616,
ArranqueDesde25_0_CHasta50_0_C,Saturación sin AW,1476,1475,50.00001607,
ArranqueDesde25_0_CHasta50_0_C,Saturación sin AW,1477,1476,50.00001599,
ArranqueDesde25_0_CHasta50_0_C,Saturación sin AW,1478,1477,50.0000159,
ArranqueDesde25_0_CHasta50_0_C,Saturación sin AW,1479,1478,50.00001582,
ArranqueDesde25_0_CHasta50_0_C,Saturación sin AW,1480,1479,50.00001574,
ArranqueDesde25_0_CHasta50_0_C,Saturación sin AW,1481,1480,50.00001565,
ArranqueDesde25_0_CHasta50_0_C,Saturación sin AW,1482,1481,50.00001557,
ArranqueDesde25_0_CHasta50_0_C,Saturación sin AW,1483,1482,50.00001549,
ArranqueDesde25_0_CHasta50_0_C,Saturación sin AW,1484,1483,50.00001541,
ArranqueDesde25_0_CHasta50_0_C,Saturación sin AW,1485,1484,50.00001533,
ArranqueDesde25_0_CHasta50_0_C,Saturación sin AW,1486,1485,50.00001524,
ArranqueDesde25_0_CHasta50_0_C,Saturación sin AW,1487,1486,50.00001516,
ArranqueDesde25_0_CHasta50_0_C,Saturación sin AW,1488,1487,50.00001508,
ArranqueDesde25_0_CHasta50_0_C,Saturación sin AW,1489,1488,50.000015,
ArranqueDesde25_0_CHasta50_0_C,Saturación sin AW,1490,1489,50.00001492,
ArranqueDesde25_0_CHasta50_0_C,Saturación sin AW,1491,1490,50.00001485,
ArranqueDesde25_0_CHasta50_0_C,Saturación sin AW,1492,1491,50.00001477,
ArranqueDesde25_0_CHasta50_0_C,Saturación sin AW,1493,1492,50.00001469,
ArranqueDesde25_0_CHasta50_0_C,Saturación sin AW,1494,1493,50.00001461,
ArranqueDesde25_0_CHasta50_0_C,Saturación sin AW,1495,1494,50.00001453,
ArranqueDesde25_0_CHasta50_0_C,Saturación sin AW,1496,1495,50.00001446,
ArranqueDesde25_0_CHasta50_0_C,Saturación sin AW,1497,1496,50.00001438,
ArranqueDesde25_0_CHasta50_0_C,Saturación sin AW,1498,1497,50.0000143,
ArranqueDesde25_0_CHasta50_0_C,Saturación sin AW,1499,1498,50.00001423,
ArranqueDesde25_0_CHasta50_0_C,Saturación sin AW,1500,1499,50.00001415,
ArranqueDesde25_0_CHasta50_0_C,Saturación sin AW,1501,1500,50.00001408,
ArranqueDesde25_0_CHasta50_0_C,Saturación sin AW,1502,1501,50.000014,
ArranqueDesde25_0_CHasta50_0_C,Saturación sin AW,1503,1502,50.00001393,
ArranqueDesde25_0_CHasta50_0_C,Saturación sin AW,1504,1503,50.00001386,
ArranqueDesde25_0_CHasta50_0_C,Saturación sin AW,1505,1504,50.00001378,
ArranqueDesde25_0_CHasta50_0_C,Saturación sin AW,1506,1505,50.00001371,
ArranqueDesde25_0_CHasta50_0_C,Saturación sin AW,1507,1506,50.00001364,
ArranqueDesde25_0_CHasta50_0_C,Saturación sin AW,1508,1507,50.00001357,
ArranqueDesde25_0_CHasta50_0_C,Saturación sin AW,1509,1508,50.00001349,
ArranqueDesde25_0_CHasta50_0_C,Saturación sin AW,1510,1509,50.00001342,
ArranqueDesde25_0_CHasta50_0_C,Saturación sin AW,1511,1510,50.00001335,
ArranqueDesde25_0_CHasta50_0_C,Saturación sin AW,1512,1511,50.00001328,
ArranqueDesde25_0_CHasta50_0_C,Saturación sin AW,1513,1512,50.00001321,
ArranqueDesde25_0_CHasta50_0_C,Saturación sin AW,1514,1513,50.00001314,
ArranqueDesde25_0_CHasta50_0_C,Saturación sin AW,1515,1514,50.00001307,
ArranqueDesde25_0_CHasta50_0_C,Saturación sin AW,1516,1515,50.000013,
ArranqueDesde25_0_CHasta50_0_C,Saturación sin AW,1517,1516,50.00001293,
ArranqueDesde25_0_CHasta50_0_C,Saturación sin AW,1518,1517,50.00001287,
ArranqueDesde25_0_CHasta50_0_C,Saturación sin AW,1519,1518,50.0000128,
ArranqueDesde25_0_CHasta50_0_C,Saturación sin AW,1520,1519,50.00001273,
ArranqueDesde25_0_CHasta50_0_C,Saturación sin AW,1521,1520,50.00001266,
ArranqueDesde25_0_CHasta50_0_C,Saturación sin AW,1522,1521,50.0000126,
ArranqueDesde25_0_CHasta50_0_C,Saturación sin AW,1523,1522,50.00001253,
ArranqueDesde25_0_CHasta50_0_C,Saturación sin AW,1524,1523,50.00001246,
ArranqueDesde25_0_CHasta50_0_C,Saturación sin AW,1525,1524,50.0000124,
ArranqueDesde25_0_CHasta50_0_C,Saturación sin AW,1526,1525,50.00001233,
ArranqueDesde25_0_CHasta50_0_C,Saturación sin AW,1527,1526,50.00001227,
ArranqueDesde25_0_CHasta50_0_C,Saturación sin AW,1528,1527,50.0000122,
ArranqueDesde25_0_CHasta50_0_C,Saturación sin AW,1529,1528,50.00001214,
ArranqueDesde25_0_CHasta50_0_C,Saturación sin AW,1530,1529,50.00001207,
ArranqueDesde25_0_CHasta50_0_C,Saturación sin AW,1531,1530,50.00001201,
ArranqueDesde25_0_CHasta50_0_C,Saturación sin AW,1532,1531,50.00001194,
ArranqueDesde25_0_CHasta50_0_C,Saturación sin AW,1533,1532,50.00001188,
ArranqueDesde25_0_CHasta50_0_C,Saturación sin AW,1534,1533,50.00001182,
ArranqueDesde25_0_CHasta50_0_C,Saturación sin AW,1535,1534,50.00001176,
ArranqueDesde25_0_CHasta50_0_C,Saturación sin AW,1536,1535,50.00001169,
ArranqueDesde25_0_CHasta50_0_C,Saturación sin AW,1537,1536,50.00001163,
ArranqueDesde25_0_CHasta50_0_C,Saturación sin AW,1538,1537,50.00001157,
ArranqueDesde25_0_CHasta50_0_C,Saturación sin AW,1539,1538,50.00001151,
ArranqueDesde25_0_CHasta50_0_C,Saturación sin AW,1540,1539,50.00001145,
ArranqueDesde25_0_CHasta50_0_C,Saturación sin AW,1541,1540,50.00001139,
ArranqueDesde25_0_CHasta50_0_C,Saturación sin AW,1542,1541,50.00001133,
ArranqueDesde25_0_CHasta50_0_C,Saturación sin AW,1543,1542,50.00001127,
ArranqueDesde25_0_CHasta50_0_C,Saturación sin AW,1544,1543,50.00001121,
ArranqueDesde25_0_CHasta50_0_C,Saturación sin AW,1545,1544,50.00001115,
ArranqueDesde25_0_CHasta50_0_C,Saturación sin AW,1546,1545,50.00001109,
ArranqueDesde25_0_CHasta50_0_C,Saturación sin AW,1547,1546,50.00001103,
ArranqueDesde25_0_CHasta50_0_C,Saturación sin AW,1548,1547,50.00001097,
ArranqueDesde25_0_CHasta50_0_C,Saturación sin AW,1549,1548,50.00001091,
ArranqueDesde25_0_CHasta50_0_C,Saturación sin AW,1550,1549,50.00001086,
ArranqueDesde25_0_CHasta50_0_C,Saturación sin AW,1551,1550,50.0000108,
ArranqueDesde25_0_CHasta50_0_C,Saturación sin AW,1552,1551,50.00001074,
ArranqueDesde25_0_CHasta50_0_C,Saturación sin AW,1553,1552,50.00001069,
ArranqueDesde25_0_CHasta50_0_C,Saturación sin AW,1554,1553,50.00001063,
ArranqueDesde25_0_CHasta50_0_C,Saturación sin AW,1555,1554,50.00001057,
ArranqueDesde25_0_CHasta50_0_C,Saturación sin AW,1556,1555,50.00001052,
ArranqueDesde25_0_CHasta50_0_C,Saturación sin AW,1557,1556,50.00001046,
ArranqueDesde25_0_CHasta50_0_C,Saturación sin AW,1558,1557,50.00001041,
ArranqueDesde25_0_CHasta50_0_C,Saturación sin AW,1559,1558,50.00001035,
ArranqueDesde25_0_CHasta50_0_C,Saturación sin AW,1560,1559,50.0000103,
ArranqueDesde25_0_CHasta50_0_C,Saturación sin AW,1561,1560,50.00001024,
ArranqueDesde25_0_CHasta50_0_C,Saturación sin AW,1562,1561,50.00001019,
ArranqueDesde25_0_CHasta50_0_C,Saturación sin AW,1563,1562,50.00001013,
ArranqueDesde25_0_CHasta50_0_C,Saturación sin AW,1564,1563,50.00001008,
ArranqueDesde25_0_CHasta50_0_C,Saturación sin AW,1565,1564,50.00001003,
ArranqueDesde25_0_CHasta50_0_C,Saturación sin AW,1566,1565,50.00000997,
ArranqueDesde25_0_CHasta50_0_C,Saturación sin AW,1567,1566,50.00000992,
ArranqueDesde25_0_CHasta50_0_C,Saturación sin AW,1568,1567,50.00000987,
ArranqueDesde25_0_CHasta50_0_C,Saturación sin AW,1569,1568,50.00000982,
ArranqueDesde25_0_CHasta50_0_C,Saturación sin AW,1570,1569,50.00000976,
ArranqueDesde25_0_CHasta50_0_C,Saturación sin AW,1571,1570,50.00000971,
ArranqueDesde25_0_CHasta50_0_C,Saturación sin AW,1572,1571,50.00000966,
ArranqueDesde25_0_CHasta50_0_C,Saturación sin AW,1573,1572,50.00000961,
ArranqueDesde25_0_CHasta50_0_C,Saturación sin AW,1574,1573,50.00000956,
ArranqueDesde25_0_CHasta50_0_C,Saturación sin AW,1575,1574,50.00000951,
ArranqueDesde25_0_CHasta50_0_C,Saturación sin AW,1576,1575,50.00000946,
ArranqueDesde25_0_CHasta50_0_C,Saturación sin AW,1577,1576,50.00000941,
ArranqueDesde25_0_CHasta50_0_C,Saturación sin AW,1578,1577,50.00000936,
ArranqueDesde25_0_CHasta50_0_C,Saturación sin AW,1579,1578,50.00000931,
ArranqueDesde25_0_CHasta50_0_C,Saturación sin AW,1580,1579,50.00000926,
ArranqueDesde25_0_CHasta50_0_C,Saturación sin AW,1581,1580,50.00000921,
ArranqueDesde25_0_CHasta50_0_C,Saturación sin AW,1582,1581,50.00000916,
ArranqueDesde25_0_CHasta50_0_C,Saturación sin AW,1583,1582,50.00000911,
ArranqueDesde25_0_CHasta50_0_C,Saturación sin AW,1584,1583,50.00000907,
ArranqueDesde25_0_CHasta50_0_C,Saturación sin AW,1585,1584,50.00000902,
ArranqueDesde25_0_CHasta50_0_C,Saturación sin AW,1586,1585,50.00000897,
ArranqueDesde25_0_CHasta50_0_C,Saturación sin AW,1587,1586,50.00000892,
ArranqueDesde25_0_CHasta50_0_C,Saturación sin AW,1588,1587,50.00000888,
ArranqueDesde25_0_CHasta50_0_C,Saturación sin AW,1589,1588,50.00000883,
ArranqueDesde25_0_CHasta50_0_C,Saturación sin AW,1590,1589,50.00000878,
ArranqueDesde25_0_CHasta50_0_C,Saturación sin AW,1591,1590,50.00000874,
ArranqueDesde25_0_CHasta50_0_C,Saturación sin AW,1592,1591,50.00000869,
ArranqueDesde25_0_CHasta50_0_C,Saturación sin AW,1593,1592,50.00000864,
ArranqueDesde25_0_CHasta50_0_C,Saturación sin AW,1594,1593,50.0000086,
ArranqueDesde25_0_CHasta50_0_C,Saturación sin AW,1595,1594,50.00000855,
ArranqueDesde25_0_CHasta50_0_C,Saturación sin AW,1596,1595,50.00000851,
ArranqueDesde25_0_CHasta50_0_C,Saturación sin AW,1597,1596,50.00000846,
ArranqueDesde25_0_CHasta50_0_C,Saturación sin AW,1598,1597,50.00000842,
ArranqueDesde25_0_CHasta50_0_C,Saturación sin AW,1599,1598,50.00000837,
ArranqueDesde25_0_CHasta50_0_C,Saturación sin AW,1600,1599,50.00000833,
ArranqueDesde25_0_CHasta50_0_C,Saturación sin AW,1601,1600,50.00000828,
ArranqueDesde25_0_CHasta50_0_C,Saturación sin AW,1602,1601,50.00000824,
ArranqueDesde25_0_CHasta50_0_C,Saturación sin AW,1603,1602,50.0000082,
ArranqueDesde25_0_CHasta50_0_C,Saturación sin AW,1604,1603,50.00000815,
ArranqueDesde25_0_CHasta50_0_C,Saturación sin AW,1605,1604,50.00000811,
ArranqueDesde25_0_CHasta50_0_C,Saturación sin AW,1606,1605,50.00000807,
ArranqueDesde25_0_CHasta50_0_C,Saturación sin AW,1607,1606,50.00000803,
ArranqueDesde25_0_CHasta50_0_C,Saturación sin AW,1608,1607,50.00000798,
ArranqueDesde25_0_CHasta50_0_C,Saturación sin AW,1609,1608,50.00000794,
ArranqueDesde25_0_CHasta50_0_C,Saturación sin AW,1610,1609,50.0000079,
ArranqueDesde25_0_CHasta50_0_C,Saturación sin AW,1611,1610,50.00000786,
ArranqueDesde25_0_CHasta50_0_C,Saturación sin AW,1612,1611,50.00000782,
ArranqueDesde25_0_CHasta50_0_C,Saturación sin AW,1613,1612,50.00000777,
ArranqueDesde25_0_CHasta50_0_C,Saturación sin AW,1614,1613,50.00000773,
ArranqueDesde25_0_CHasta50_0_C,Saturación sin AW,1615,1614,50.00000769,
ArranqueDesde25_0_CHasta50_0_C,Saturación sin AW,1616,1615,50.00000765,
ArranqueDesde25_0_CHasta50_0_C,Saturación sin AW,1617,1616,50.00000761,
ArranqueDesde25_0_CHasta50_0_C,Saturación sin AW,1618,1617,50.00000757,
ArranqueDesde25_0_CHasta50_0_C,Saturación sin AW,1619,1618,50.00000753,
ArranqueDesde25_0_CHasta50_0_C,Saturación sin AW,1620,1619,50.00000749,
ArranqueDesde25_0_CHasta50_0_C,Saturación sin AW,1621,1620,50.00000745,
ArranqueDesde25_0_CHasta50_0_C,Saturación sin AW,1622,1621,50.00000741,
ArranqueDesde25_0_CHasta50_0_C,Saturación sin AW,1623,1622,50.00000737,
ArranqueDesde25_0_CHasta50_0_C,Saturación sin AW,1624,1623,50.00000733,
ArranqueDesde25_0_CHasta50_0_C,Saturación sin AW,1625,1624,50.00000729,
ArranqueDesde25_0_CHasta50_0_C,Saturación sin AW,1626,1625,50.00000726,
ArranqueDesde25_0_CHasta50_0_C,Saturación sin AW,1627,1626,50.00000722,
ArranqueDesde25_0_CHasta50_0_C,Saturación sin AW,1628,1627,50.00000718,
ArranqueDesde25_0_CHasta50_0_C,Saturación sin AW,1629,1628,50.00000714,
ArranqueDesde25_0_CHasta50_0_C,Saturación sin AW,1630,1629,50.0000071,
ArranqueDesde25_0_CHasta50_0_C,Saturación sin AW,1631,1630,50.00000707,
ArranqueDesde25_0_CHasta50_0_C,Saturación sin AW,1632,1631,50.00000703,
ArranqueDesde25_0_CHasta50_0_C,Saturación sin AW,1633,1632,50.00000699,
ArranqueDesde25_0_CHasta50_0_C,Saturación sin AW,1634,1633,50.00000695,
ArranqueDesde25_0_CHasta50_0_C,Saturación sin AW,1635,1634,50.00000692,
ArranqueDesde25_0_CHasta50_0_C,Saturación sin AW,1636,1635,50.00000688,
ArranqueDesde25_0_CHasta50_0_C,Saturación sin AW,1637,1636,50.00000684,
ArranqueDesde25_0_CHasta50_0_C,Saturación sin AW,1638,1637,50.00000681,
ArranqueDesde25_0_CHasta50_0_C,Saturación sin AW,1639,1638,50.00000677,
ArranqueDesde25_0_CHasta50_0_C,Saturación sin AW,1640,1639,50.00000674,
ArranqueDesde25_0_CHasta50_0_C,Saturación sin AW,1641,1640,50.0000067,
ArranqueDesde25_0_CHasta50_0_C,Saturación sin AW,1642,1641,50.00000667,
ArranqueDesde25_0_CHasta50_0_C,Saturación sin AW,1643,1642,50.00000663,
ArranqueDesde25_0_CHasta50_0_C,Saturación sin AW,1644,1643,50.0000066,
ArranqueDesde25_0_CHasta50_0_C,Saturación sin AW,1645,1644,50.00000656,
ArranqueDesde25_0_CHasta50_0_C,Saturación sin AW,1646,1645,50.00000653,
ArranqueDesde25_0_CHasta50_0_C,Saturación sin AW,1647,1646,50.00000649,
ArranqueDesde25_0_CHasta50_0_C,Saturación sin AW,1648,1647,50.00000646,
ArranqueDesde25_0_CHasta50_0_C,Saturación sin AW,1649,1648,50.00000642,
ArranqueDesde25_0_CHasta50_0_C,Saturación sin AW,1650,1649,50.00000639,
ArranqueDesde25_0_CHasta50_0_C,Saturación sin AW,1651,1650,50.00000636,
ArranqueDesde25_0_CHasta50_0_C,Saturación sin AW,1652,1651,50.00000632,
ArranqueDesde25_0_CHasta50_0_C,Saturación sin AW,1653,1652,50.00000629,
ArranqueDesde25_0_CHasta50_0_C,Saturación sin AW,1654,1653,50.00000625,
ArranqueDesde25_0_CHasta50_0_C,Saturación sin AW,1655,1654,50.00000622,
ArranqueDesde25_0_CHasta50_0_C,Saturación sin AW,1656,1655,50.00000619,
ArranqueDesde25_0_CHasta50_0_C,Saturación sin AW,1657,1656,50.00000616,
ArranqueDesde25_0_CHasta50_0_C,Saturación sin AW,1658,1657,50.00000612,
ArranqueDesde25_0_CHasta50_0_C,Saturación sin AW,1659,1658,50.00000609,
ArranqueDesde25_0_CHasta50_0_C,Saturación sin AW,1660,1659,50.00000606,
ArranqueDesde25_0_CHasta50_0_C,Saturación sin AW,1661,1660,50.00000603,
ArranqueDesde25_0_CHasta50_0_C,Saturación sin AW,1662,1661,50.00000599,
ArranqueDesde25_0_CHasta50_0_C,Saturación sin AW,1663,1662,50.00000596,
ArranqueDesde25_0_CHasta50_0_C,Saturación sin AW,1664,1663,50.00000593,
ArranqueDesde25_0_CHasta50_0_C,Saturación sin AW,1665,1664,50.0000059,
ArranqueDesde25_0_CHasta50_0_C,Saturación sin AW,1666,1665,50.00000587,
ArranqueDesde25_0_CHasta50_0_C,Saturación sin AW,1667,1666,50.00000584,
ArranqueDesde25_0_CHasta50_0_C,Saturación sin AW,1668,1667,50.00000581,
ArranqueDesde25_0_CHasta50_0_C,Saturación sin AW,1669,1668,50.00000578,
ArranqueDesde25_0_CHasta50_0_C,Saturación sin AW,1670,1669,50.00000575,
ArranqueDesde25_0_CHasta50_0_C,Saturación sin AW,1671,1670,50.00000572,
ArranqueDesde25_0_CHasta50_0_C,Saturación sin AW,1672,1671,50.00000569,
ArranqueDesde25_0_CHasta50_0_C,Saturación sin AW,1673,1672,50.00000566,
ArranqueDesde25_0_CHasta50_0_C,Saturación sin AW,1674,1673,50.00000563,
ArranqueDesde25_0_CHasta50_0_C,Saturación sin AW,1675,1674,50.0000056,
ArranqueDesde25_0_CHasta50_0_C,Saturación sin AW,1676,1675,50.00000557,
ArranqueDesde25_0_CHasta50_0_C,Saturación sin AW,1677,1676,50.00000554,
ArranqueDesde25_0_CHasta50_0_C,Saturación sin AW,1678,1677,50.00000551,
ArranqueDesde25_0_CHasta50_0_C,Saturación sin AW,1679,1678,50.00000548,
ArranqueDesde25_0_CHasta50_0_C,Saturación sin AW,1680,1679,50.00000545,
ArranqueDesde25_0_CHasta50_0_C,Saturación sin AW,1681,1680,50.00000542,
ArranqueDesde25_0_CHasta50_0_C,Saturación sin AW,1682,1681,50.00000539,
ArranqueDesde25_0_CHasta50_0_C,Saturación sin AW,1683,1682,50.00000536,
ArranqueDesde25_0_CHasta50_0_C,Saturación sin AW,1684,1683,50.00000533,
ArranqueDesde25_0_CHasta50_0_C,Saturación sin AW,1685,1684,50.00000531,
ArranqueDesde25_0_CHasta50_0_C,Saturación sin AW,1686,1685,50.00000528,
ArranqueDesde25_0_CHasta50_0_C,Saturación sin AW,1687,1686,50.00000525,
ArranqueDesde25_0_CHasta50_0_C,Saturación sin AW,1688,1687,50.00000522,
ArranqueDesde25_0_CHasta50_0_C,Saturación sin AW,1689,1688,50.0000052,
ArranqueDesde25_0_CHasta50_0_C,Saturación sin AW,1690,1689,50.00000517,
ArranqueDesde25_0_CHasta50_0_C,Saturación sin AW,1691,1690,50.00000514,
ArranqueDesde25_0_CHasta50_0_C,Saturación sin AW,1692,1691,50.00000511,
ArranqueDesde25_0_CHasta50_0_C,Saturación sin AW,1693,1692,50.00000509,
ArranqueDesde25_0_CHasta50_0_C,Saturación sin AW,1694,1693,50.00000506,
ArranqueDesde25_0_CHasta50_0_C,Saturación sin AW,1695,1694,50.00000503,
ArranqueDesde25_0_CHasta50_0_C,Saturación sin AW,1696,1695,50.00000501,
ArranqueDesde25_0_CHasta50_0_C,Saturación sin AW,1697,1696,50.00000498,
ArranqueDesde25_0_CHasta50_0_C,Saturación sin AW,1698,1697,50.00000495,
ArranqueDesde25_0_CHasta50_0_C,Saturación sin AW,1699,1698,50.00000493,
ArranqueDesde25_0_CHasta50_0_C,Saturación sin AW,1700,1699,50.0000049,
ArranqueDesde25_0_CHasta50_0_C,Saturación sin AW,1701,1700,50.00000487,
ArranqueDesde25_0_CHasta50_0_C,Saturación sin AW,1702,1701,50.00000485,
ArranqueDesde25_0_CHasta50_0_C,Saturación sin AW,1703,1702,50.00000482,
ArranqueDesde25_0_CHasta50_0_C,Saturación sin AW,1704,1703,50.0000048,
ArranqueDesde25_0_CHasta50_0_C,Saturación sin AW,1705,1704,50.00000477,
ArranqueDesde25_0_CHasta50_0_C,Saturación sin AW,1706,1705,50.00000475,
ArranqueDesde25_0_CHasta50_0_C,Saturación sin AW,1707,1706,50.00000472,
ArranqueDesde25_0_CHasta50_0_C,Saturación sin AW,1708,1707,50.0000047,
ArranqueDesde25_0_CHasta50_0_C,Saturación sin AW,1709,1708,50.00000467,
ArranqueDesde25_0_CHasta50_0_C,Saturación sin AW,1710,1709,50.00000465,
ArranqueDesde25_0_CHasta50_0_C,Saturación sin AW,1711,1710,50.00000462,
ArranqueDesde25_0_CHasta50_0_C,Saturación sin AW,1712,1711,50.0000046,
ArranqueDesde25_0_CHasta50_0_C,Saturación sin AW,1713,1712,50.00000457,
ArranqueDesde25_0_CHasta50_0_C,Saturación sin AW,1714,1713,50.00000455,
ArranqueDesde25_0_CHasta50_0_C,Saturación sin AW,1715,1714,50.00000453,
ArranqueDesde25_0_CHasta50_0_C,Saturación sin AW,1716,1715,50.0000045,
ArranqueDesde25_0_CHasta50_0_C,Saturación sin AW,1717,1716,50.00000448,
ArranqueDesde25_0_CHasta50_0_C,Saturación sin AW,1718,1717,50.00000445,
ArranqueDesde25_0_CHasta50_0_C,Saturación sin AW,1719,1718,50.00000443,
ArranqueDesde25_0_CHasta50_0_C,Saturación sin AW,1720,1719,50.00000441,
ArranqueDesde25_0_CHasta50_0_C,Saturación sin AW,1721,1720,50.00000438,
ArranqueDesde25_0_CHasta50_0_C,Saturación sin AW,1722,1721,50.00000436,
ArranqueDesde25_0_CHasta50_0_C,Saturación sin AW,1723,1722,50.00000434,
ArranqueDesde25_0_CHasta50_0_C,Saturación sin AW,1724,1723,50.00000432,
ArranqueDesde25_0_CHasta50_0_C,Saturación sin AW,1725,1724,50.00000429,
ArranqueDesde25_0_CHasta50_0_C,Saturación sin AW,1726,1725,50.00000427,
ArranqueDesde25_0_CHasta50_0_C,Saturación sin AW,1727,1726,50.00000425,
ArranqueDesde25_0_CHasta50_0_C,Saturación sin AW,1728,1727,50.00000422,
ArranqueDesde25_0_CHasta50_0_C,Saturación sin AW,1729,1728,50.0000042,
ArranqueDesde25_0_CHasta50_0_C,Saturación sin AW,1730,1729,50.00000418,
ArranqueDesde25_0_CHasta50_0_C,Saturación sin AW,1731,1730,50.00000416,
ArranqueDesde25_0_CHasta50_0_C,Saturación sin AW,1732,1731,50.00000414,
ArranqueDesde25_0_CHasta50_0_C,Saturación sin AW,1733,1732,50.00000411,
ArranqueDesde25_0_CHasta50_0_C,Saturación sin AW,1734,1733,50.00000409,
ArranqueDesde25_0_CHasta50_0_C,Saturación sin AW,1735,1734,50.00000407,
ArranqueDesde25_0_CHasta50_0_C,Saturación sin AW,1736,1735,50.00000405,
ArranqueDesde25_0_CHasta50_0_C,Saturación sin AW,1737,1736,50.00000403,
ArranqueDesde25_0_CHasta50_0_C,Saturación sin AW,1738,1737,50.00000401,
ArranqueDesde25_0_CHasta50_0_C,Saturación sin AW,1739,1738,50.00000399,
ArranqueDesde25_0_CHasta50_0_C,Saturación sin AW,1740,1739,50.00000396,
ArranqueDesde25_0_CHasta50_0_C,Saturación sin AW,1741,1740,50.00000394,
ArranqueDesde25_0_CHasta50_0_C,Saturación sin AW,1742,1741,50.00000392,
ArranqueDesde25_0_CHasta50_0_C,Saturación sin AW,1743,1742,50.0000039,
ArranqueDesde25_0_CHasta50_0_C,Saturación sin AW,1744,1743,50.00000388,
ArranqueDesde25_0_CHasta50_0_C,Saturación sin AW,1745,1744,50.00000386,
ArranqueDesde25_0_CHasta50_0_C,Saturación sin AW,1746,1745,50.00000384,
ArranqueDesde25_0_CHasta50_0_C,Saturación sin AW,1747,1746,50.00000382,
ArranqueDesde25_0_CHasta50_0_C,Saturación sin AW,1748,1747,50.0000038,
ArranqueDesde25_0_CHasta50_0_C,Saturación sin AW,1749,1748,50.00000378,
ArranqueDesde25_0_CHasta50_0_C,Saturación sin AW,1750,1749,50.00000376,
ArranqueDesde25_0_CHasta50_0_C,Saturación sin AW,1751,1750,50.00000374,
ArranqueDesde25_0_CHasta50_0_C,Saturación sin AW,1752,1751,50.00000372,
ArranqueDesde25_0_CHasta50_0_C,Saturación sin AW,1753,1752,50.0000037,
ArranqueDesde25_0_CHasta50_0_C,Saturación sin AW,1754,1753,50.00000368,
ArranqueDesde25_0_CHasta50_0_C,Saturación sin AW,1755,1754,50.00000366,
ArranqueDesde25_0_CHasta50_0_C,Saturación sin AW,1756,1755,50.00000364,
ArranqueDesde25_0_CHasta50_0_C,Saturación sin AW,1757,1756,50.00000362,
ArranqueDesde25_0_CHasta50_0_C,Saturación sin AW,1758,1757,50.0000036,
ArranqueDesde25_0_CHasta50_0_C,Saturación sin AW,1759,1758,50.00000358,
ArranqueDesde25_0_CHasta50_0_C,Saturación sin AW,1760,1759,50.00000357,
ArranqueDesde25_0_CHasta50_0_C,Saturación sin AW,1761,1760,50.00000355,
ArranqueDesde25_0_CHasta50_0_C,Saturación sin AW,1762,1761,50.00000353,
ArranqueDesde25_0_CHasta50_0_C,Saturación sin AW,1763,1762,50.00000351,
ArranqueDesde25_0_CHasta50_0_C,Saturación sin AW,1764,1763,50.00000349,
ArranqueDesde25_0_CHasta50_0_C,Saturación sin AW,1765,1764,50.00000347,
ArranqueDesde25_0_CHasta50_0_C,Saturación sin AW,1766,1765,50.00000345,
ArranqueDesde25_0_CHasta50_0_C,Saturación sin AW,1767,1766,50.00000344,
ArranqueDesde25_0_CHasta50_0_C,Saturación sin AW,1768,1767,50.00000342,
ArranqueDesde25_0_CHasta50_0_C,Saturación sin AW,1769,1768,50.0000034,
ArranqueDesde25_0_CHasta50_0_C,Saturación sin AW,1770,1769,50.00000338,
ArranqueDesde25_0_CHasta50_0_C,Saturación sin AW,1771,1770,50.00000336,
ArranqueDesde25_0_CHasta50_0_C,Saturación sin AW,1772,1771,50.00000335,
ArranqueDesde25_0_CHasta50_0_C,Saturación sin AW,1773,1772,50.00000333,
ArranqueDesde25_0_CHasta50_0_C,Saturación sin AW,1774,1773,50.00000331,
ArranqueDesde25_0_CHasta50_0_C,Saturación sin AW,1775,1774,50.00000329,
ArranqueDesde25_0_CHasta50_0_C,Saturación sin AW,1776,1775,50.00000328,
ArranqueDesde25_0_CHasta50_0_C,Saturación sin AW,1777,1776,50.00000326,
ArranqueDesde25_0_CHasta50_0_C,Saturación sin AW,1778,1777,50.00000324,
ArranqueDesde25_0_CHasta50_0_C,Saturación sin AW,1779,1778,50.00000322,
ArranqueDesde25_0_CHasta50_0_C,Saturación sin AW,1780,1779,50.00000321,
ArranqueDesde25_0_CHasta50_0_C,Saturación sin AW,1781,1780,50.00000319,
ArranqueDesde25_0_CHasta50_0_C,Saturación sin AW,1782,1781,50.00000317,
ArranqueDesde25_0_CHasta50_0_C,Saturación sin AW,1783,1782,50.00000316,
ArranqueDesde25_0_CHasta50_0_C,Saturación sin AW,1784,1783,50.00000314,
ArranqueDesde25_0_CHasta50_0_C,Saturación sin AW,1785,1784,50.00000312,
ArranqueDesde25_0_CHasta50_0_C,Saturación sin AW,1786,1785,50.00000311,
ArranqueDesde25_0_CHasta50_0_C,Saturación sin AW,1787,1786,50.00000309,
ArranqueDesde25_0_CHasta50_0_C,Saturación sin AW,1788,1787,50.00000307,
ArranqueDesde25_0_CHasta50_0_C,Saturación sin AW,1789,1788,50.00000306,
ArranqueDesde25_0_CHasta50_0_C,Saturación sin AW,1790,1789,50.00000304,
ArranqueDesde25_0_CHasta50_0_C,Saturación sin AW,1791,1790,50.00000302,
ArranqueDesde25_0_CHasta50_0_C,Saturación sin AW,1792,1791,50.00000301,
ArranqueDesde25_0_CHasta50_0_C,Saturación sin AW,1793,1792,50.00000299,
ArranqueDesde25_0_CHasta50_0_C,Saturación sin AW,1794,1793,50.00000298,
ArranqueDesde25_0_CHasta50_0_C,Saturación sin AW,1795,1794,50.00000296,
ArranqueDesde25_0_CHasta50_0_C,Saturación sin AW,1796,1795,50.00000295,
ArranqueDesde25_0_CHasta50_0_C,Saturación sin AW,1797,1796,50.00000293,
ArranqueDesde25_0_CHasta50_0_C,Saturación sin AW,1798,1797,50.00000291,
ArranqueDesde25_0_CHasta50_0_C,Saturación sin AW,1799,1798,50.0000029,
ArranqueDesde25_0_CHasta50_0_C,Saturación sin AW,1800,1799,50.00000288,
ArranqueDesde25_0_CHasta50_0_C,Saturación sin AW,1801,1800,50.00000287,
ArranqueDesde25_0_CHasta50_0_C,PI ideal,1,0,25,
ArranqueDesde25_0_CHasta50_0_C,PI ideal,2,1,25,
ArranqueDesde25_0_CHasta50_0_C,PI ideal,3,2,25,
ArranqueDesde25_0_CHasta50_0_C,PI ideal,4,3,25,
ArranqueDesde25_0_CHasta50_0_C,PI ideal,5,4,25,
ArranqueDesde25_0_CHasta50_0_C,PI ideal,6,5,25,
ArranqueDesde25_0_CHasta50_0_C,PI ideal,7,6,25,
ArranqueDesde25_0_CHasta50_0_C,PI ideal,8,7,25,
ArranqueDesde25_0_CHasta50_0_C,PI ideal,9,8,25,
ArranqueDesde25_0_CHasta50_0_C,PI ideal,10,9,25,
ArranqueDesde25_0_CHasta50_0_C,PI ideal,11,10,25,
ArranqueDesde25_0_CHasta50_0_C,PI ideal,12,11,25,
ArranqueDesde25_0_CHasta50_0_C,PI ideal,13,12,25,
ArranqueDesde25_0_CHasta50_0_C,PI ideal,14,13,25,
ArranqueDesde25_0_CHasta50_0_C,PI ideal,15,14,25,
ArranqueDesde25_0_CHasta50_0_C,PI ideal,16,15,25,
ArranqueDesde25_0_CHasta50_0_C,PI ideal,17,16,25,
ArranqueDesde25_0_CHasta50_0_C,PI ideal,18,17,25,
ArranqueDesde25_0_CHasta50_0_C,PI ideal,19,18,25,
ArranqueDesde25_0_CHasta50_0_C,PI ideal,20,19,25,
ArranqueDesde25_0_CHasta50_0_C,PI ideal,21,20,25,
ArranqueDesde25_0_CHasta50_0_C,PI ideal,22,21,25,
ArranqueDesde25_0_CHasta50_0_C,PI ideal,23,22,25.39577906,
ArranqueDesde25_0_CHasta50_0_C,PI ideal,24,23,25.79156364,
ArranqueDesde25_0_CHasta50_0_C,PI ideal,25,24,26.1873537,
ArranqueDesde25_0_CHasta50_0_C,PI ideal,26,25,26.58314921,
ArranqueDesde25_0_CHasta50_0_C,PI ideal,27,26,26.97895015,
ArranqueDesde25_0_CHasta50_0_C,PI ideal,28,27,27.37475649,
ArranqueDesde25_0_CHasta50_0_C,PI ideal,29,28,27.7705682,
ArranqueDesde25_0_CHasta50_0_C,PI ideal,30,29,28.16638525,
ArranqueDesde25_0_CHasta50_0_C,PI ideal,31,30,28.56220761,
ArranqueDesde25_0_CHasta50_0_C,PI ideal,32,31,28.95803526,
ArranqueDesde25_0_CHasta50_0_C,PI ideal,33,32,29.35386816,
ArranqueDesde25_0_CHasta50_0_C,PI ideal,34,33,29.74970629,
ArranqueDesde25_0_CHasta50_0_C,PI ideal,35,34,30.14554963,
ArranqueDesde25_0_CHasta50_0_C,PI ideal,36,35,30.54139814,
ArranqueDesde25_0_CHasta50_0_C,PI ideal,37,36,30.93725179,
ArranqueDesde25_0_CHasta50_0_C,PI ideal,38,37,31.33311057,
ArranqueDesde25_0_CHasta50_0_C,PI ideal,39,38,31.72897444,
ArranqueDesde25_0_CHasta50_0_C,PI ideal,40,39,32.12484337,
ArranqueDesde25_0_CHasta50_0_C,PI ideal,41,40,32.52071735,
ArranqueDesde25_0_CHasta50_0_C,PI ideal,42,41,32.91659634,
ArranqueDesde25_0_CHasta50_0_C,PI ideal,43,42,33.31248031,
ArranqueDesde25_0_CHasta50_0_C,PI ideal,44,43,33.70836925,
ArranqueDesde25_0_CHasta50_0_C,PI ideal,45,44,34.09799747,
ArranqueDesde25_0_CHasta50_0_C,PI ideal,46,45,34.48136479,
ArranqueDesde25_0_CHasta50_0_C,PI ideal,47,46,34.858471,
ArranqueDesde25_0_CHasta50_0_C,PI ideal,48,47,35.2293159,
ArranqueDesde25_0_CHasta50_0_C,PI ideal,49,48,35.5938993,
ArranqueDesde25_0_CHasta50_0_C,PI ideal,50,49,35.95222099,
ArranqueDesde25_0_CHasta50_0_C,PI ideal,51,50,36.30428079,
ArranqueDesde25_0_CHasta50_0_C,PI ideal,52,51,36.6500785,
ArranqueDesde25_0_CHasta50_0_C,PI ideal,53,52,36.98961393,
ArranqueDesde25_0_CHasta50_0_C,PI ideal,54,53,37.32288688,
ArranqueDesde25_0_CHasta50_0_C,PI ideal,55,54,37.64989716,
ArranqueDesde25_0_CHasta50_0_C,PI ideal,56,55,37.97064459,
ArranqueDesde25_0_CHasta50_0_C,PI ideal,57,56,38.28512897,
ArranqueDesde25_0_CHasta50_0_C,PI ideal,58,57,38.59335011,
ArranqueDesde25_0_CHasta50_0_C,PI ideal,59,58,38.89530783,
ArranqueDesde25_0_CHasta50_0_C,PI ideal,60,59,39.19100194,
ArranqueDesde25_0_CHasta50_0_C,PI ideal,61,60,39.48043226,
ArranqueDesde25_0_CHasta50_0_C,PI ideal,62,61,39.7635986,
ArranqueDesde25_0_CHasta50_0_C,PI ideal,63,62,40.04050078,
ArranqueDesde25_0_CHasta50_0_C,PI ideal,64,63,40.31113862,
ArranqueDesde25_0_CHasta50_0_C,PI ideal,65,64,40.57551193,
ArranqueDesde25_0_CHasta50_0_C,PI ideal,66,65,40.83362053,
ArranqueDesde25_0_CHasta50_0_C,PI ideal,67,66,41.08556345,
ArranqueDesde25_0_CHasta50_0_C,PI ideal,68,67,41.33143968,
ArranqueDesde25_0_CHasta50_0_C,PI ideal,69,68,41.57134827,
ArranqueDesde25_0_CHasta50_0_C,PI ideal,70,69,41.80538823,
ArranqueDesde25_0_CHasta50_0_C,PI ideal,71,70,42.0336586,
ArranqueDesde25_0_CHasta50_0_C,PI ideal,72,71,42.25625842,
ArranqueDesde25_0_CHasta50_0_C,PI ideal,73,72,42.47328673,
ArranqueDesde25_0_CHasta50_0_C,PI ideal,74,73,42.68484258,
ArranqueDesde25_0_CHasta50_0_C,PI ideal,75,74,42.89102501,
ArranqueDesde25_0_CHasta50_0_C,PI ideal,76,75,43.0919331,
ArranqueDesde25_0_CHasta50_0_C,PI ideal,77,76,43.2876659,
ArranqueDesde25_0_CHasta50_0_C,PI ideal,78,77,43.47832248,
ArranqueDesde25_0_CHasta50_0_C,PI ideal,79,78,43.66400191,
ArranqueDesde25_0_CHasta50_0_C,PI ideal,80,79,43.84480327,
ArranqueDesde25_0_CHasta50_0_C,PI ideal,81,80,44.02082564,
ArranqueDesde25_0_CHasta50_0_C,PI ideal,82,81,44.1921681,
ArranqueDesde25_0_CHasta50_0_C,PI ideal,83,82,44.35892976,
ArranqueDesde25_0_CHasta50_0_C,PI ideal,84,83,44.52120969,
ArranqueDesde25_0_CHasta50_0_C,PI ideal,85,84,44.67910701,
ArranqueDesde25_0_CHasta50_0_C,PI ideal,86,85,44.83272082,
ArranqueDesde25_0_CHasta50_0_C,PI ideal,87,86,44.98215023,
ArranqueDesde25_0_CHasta50_0_C,PI ideal,88,87,45.12749435,
ArranqueDesde25_0_CHasta50_0_C,PI ideal,89,88,45.26885074,
ArranqueDesde25_0_CHasta50_0_C,PI ideal,90,89,45.40631537,
ArranqueDesde25_0_CHasta50_0_C,PI ideal,91,90,45.53998266,
ArranqueDesde25_0_CHasta50_0_C,PI ideal,92,91,45.66994546,
ArranqueDesde25_0_CHasta50_0_C,PI ideal,93,92,45.79629506,
ArranqueDesde25_0_CHasta50_0_C,PI ideal,94,93,45.91912118,
ArranqueDesde25_0_CHasta50_0_C,PI ideal,95,94,46.03851195,
ArranqueDesde25_0_CHasta50_0_C,PI ideal,96,95,46.15455399,
ArranqueDesde25_0_CHasta50_0_C,PI ideal,97,96,46.26733229,
ArranqueDesde25_0_CHasta50_0_C,PI ideal,98,97,46.37693031,
ArranqueDesde25_0_CHasta50_0_C,PI ideal,99,98,46.48342993,
ArranqueDesde25_0_CHasta50_0_C,PI ideal,100,99,46.58691148,
ArranqueDesde25_0_CHasta50_0_C,PI ideal,101,100,46.68745371,
ArranqueDesde25_0_CHasta50_0_C,PI ideal,102,101,46.78513379,
ArranqueDesde25_0_CHasta50_0_C,PI ideal,103,102,46.88002735,
ArranqueDesde25_0_CHasta50_0_C,PI ideal,104,103,46.97220843,
ArranqueDesde25_0_CHasta50_0_C,PI ideal,105,104,47.06174952,
ArranqueDesde25_0_CHasta50_0_C,PI ideal,106,105,47.14872152,
ArranqueDesde25_0_CHasta50_0_C,PI ideal,107,106,47.23319379,
ArranqueDesde25_0_CHasta50_0_C,PI ideal,108,107,47.3152341,
ArranqueDesde25_0_CHasta50_0_C,PI ideal,109,108,47.39490866,
ArranqueDesde25_0_CHasta50_0_C,PI ideal,110,109,47.47228213,
ArranqueDesde25_0_CHasta50_0_C,PI ideal,111,110,47.54741758,
ArranqueDesde25_0_CHasta50_0_C,PI ideal,112,111,47.62037661,
ArranqueDesde25_0_CHasta50_0_C,PI ideal,113,112,47.69121931,
ArranqueDesde25_0_CHasta50_0_C,PI ideal,114,113,47.76000428,
ArranqueDesde25_0_CHasta50_0_C,PI ideal,115,114,47.82678871,
ArranqueDesde25_0_CHasta50_0_C,PI ideal,116,115,47.89162835,
ArranqueDesde25_0_CHasta50_0_C,PI ideal,117,116,47.95457756,
ArranqueDesde25_0_CHasta50_0_C,PI ideal,118,117,48.01568932,
ArranqueDesde25_0_CHasta50_0_C,PI ideal,119,118,48.07501529,
ArranqueDesde25_0_CHasta50_0_C,PI ideal,120,119,48.13260579,
ArranqueDesde25_0_CHasta50_0_C,PI ideal,121,120,48.18850985,
ArranqueDesde25_0_CHasta50_0_C,PI ideal,122,121,48.24277522,
ArranqueDesde25_0_CHasta50_0_C,PI ideal,123,122,48.29544843,
ArranqueDesde25_0_CHasta50_0_C,PI ideal,124,123,48.34657475,
ArranqueDesde25_0_CHasta50_0_C,PI ideal,125,124,48.39619829,
ArranqueDesde25_0_CHasta50_0_C,PI ideal,126,125,48.44436196,
ArranqueDesde25_0_CHasta50_0_C,PI ideal,127,126,48.49110756,
ArranqueDesde25_0_CHasta50_0_C,PI ideal,128,127,48.53647572,
ArranqueDesde25_0_CHasta50_0_C,PI ideal,129,128,48.58050601,
ArranqueDesde25_0_CHasta50_0_C,PI ideal,130,129,48.62323691,
ArranqueDesde25_0_CHasta50_0_C,PI ideal,131,130,48.66470586,
ArranqueDesde25_0_CHasta50_0_C,PI ideal,132,131,48.70494928,
ArranqueDesde25_0_CHasta50_0_C,PI ideal,133,132,48.74400257,
ArranqueDesde25_0_CHasta50_0_C,PI ideal,134,133,48.7819002,
ArranqueDesde25_0_CHasta50_0_C,PI ideal,135,134,48.81867563,
ArranqueDesde25_0_CHasta50_0_C,PI ideal,136,135,48.85436145,
ArranqueDesde25_0_CHasta50_0_C,PI ideal,137,136,48.8889893,
ArranqueDesde25_0_CHasta50_0_C,PI ideal,138,137,48.92258997,
ArranqueDesde25_0_CHasta50_0_C,PI ideal,139,138,48.95519337,
ArranqueDesde25_0_CHasta50_0_C,PI ideal,140,139,48.98682858,
ArranqueDesde25_0_CHasta50_0_C,PI ideal,141,140,49.01752387,
ArranqueDesde25_0_CHasta50_0_C,PI ideal,142,141,49.04730669,
ArranqueDesde25_0_CHasta50_0_C,PI ideal,143,142,49.07620374,
ArranqueDesde25_0_CHasta50_0_C,PI ideal,144,143,49.10424095,
ArranqueDesde25_0_CHasta50_0_C,PI ideal,145,144,49.13144352,
ArranqueDesde25_0_CHasta50_0_C,PI ideal,146,145,49.15783593,
ArranqueDesde25_0_CHasta50_0_C,PI ideal,147,146,49.18344197,
ArranqueDesde25_0_CHasta50_0_C,PI ideal,148,147,49.20828473,
ArranqueDesde25_0_CHasta50_0_C,PI ideal,149,148,49.23238667,
ArranqueDesde25_0_CHasta50_0_C,PI ideal,150,149,49.25576958,
ArranqueDesde25_0_CHasta50_0_C,PI ideal,151,150,49.27845463,
ArranqueDesde25_0_CHasta50_0_C,PI ideal,152,151,49.3004624,
ArranqueDesde25_0_CHasta50_0_C,PI ideal,153,152,49.32181285,
ArranqueDesde25_0_CHasta50_0_C,PI ideal,154,153,49.34252539,
ArranqueDesde25_0_CHasta50_0_C,PI ideal,155,154,49.36261884,
ArranqueDesde25_0_CHasta50_0_C,PI ideal,156,155,49.3821115,
ArranqueDesde25_0_CHasta50_0_C,PI ideal,157,156,49.40102113,
ArranqueDesde25_0_CHasta50_0_C,PI ideal,158,157,49.41936498,
ArranqueDesde25_0_CHasta50_0_C,PI ideal,159,158,49.43715979,
ArranqueDesde25_0_CHasta50_0_C,PI ideal,160,159,49.45442183,
ArranqueDesde25_0_CHasta50_0_C,PI ideal,161,160,49.47116686,
ArranqueDesde25_0_CHasta50_0_C,PI ideal,162,161,49.48741023,
ArranqueDesde25_0_CHasta50_0_C,PI ideal,163,162,49.50316681,
ArranqueDesde25_0_CHasta50_0_C,PI ideal,164,163,49.51845104,
ArranqueDesde25_0_CHasta50_0_C,PI ideal,165,164,49.53327694,
ArranqueDesde25_0_CHasta50_0_C,PI ideal,166,165,49.54765812,
ArranqueDesde25_0_CHasta50_0_C,PI ideal,167,166,49.5616078,
ArranqueDesde25_0_CHasta50_0_C,PI ideal,168,167,49.57513879,
ArranqueDesde25_0_CHasta50_0_C,PI ideal,169,168,49.58826355,
ArranqueDesde25_0_CHasta50_0_C,PI ideal,170,169,49.60099416,
ArranqueDesde25_0_CHasta50_0_C,PI ideal,171,170,49.61334235,
ArranqueDesde25_0_CHasta50_0_C,PI ideal,172,171,49.62531949,
ArranqueDesde25_0_CHasta50_0_C,PI ideal,173,172,49.63693664,
ArranqueDesde25_0_CHasta50_0_C,PI ideal,174,173,49.64820452,
ArranqueDesde25_0_CHasta50_0_C,PI ideal,175,174,49.65913353,
ArranqueDesde25_0_CHasta50_0_C,PI ideal,176,175,49.66973377,
ArranqueDesde25_0_CHasta50_0_C,PI ideal,177,176,49.68001504,
ArranqueDesde25_0_CHasta50_0_C,PI ideal,178,177,49.68998686,
ArranqueDesde25_0_CHasta50_0_C,PI ideal,179,178,49.69965845,
ArranqueDesde25_0_CHasta50_0_C,PI ideal,180,179,49.70903877,
ArranqueDesde25_0_CHasta50_0_C,PI ideal,181,180,49.71813652,
ArranqueDesde25_0_CHasta50_0_C,PI ideal,182,181,49.72696012,
ArranqueDesde25_0_CHasta50_0_C,PI ideal,183,182,49.73551777,
ArranqueDesde25_0_CHasta50_0_C,PI ideal,184,183,49.74381741,
ArranqueDesde25_0_CHasta50_0_C,PI ideal,185,184,49.75186674,
ArranqueDesde25_0_CHasta50_0_C,PI ideal,186,185,49.75967324,
ArranqueDesde25_0_CHasta50_0_C,PI ideal,187,186,49.76724418,
ArranqueDesde25_0_CHasta50_0_C,PI ideal,188,187,49.77458659,
ArranqueDesde25_0_CHasta50_0_C,PI ideal,189,188,49.7817073,
ArranqueDesde25_0_CHasta50_0_C,PI ideal,190,189,49.78861295,
ArranqueDesde25_0_CHasta50_0_C,PI ideal,191,190,49.79530996,
ArranqueDesde25_0_CHasta50_0_C,PI ideal,192,191,49.80180459,
ArranqueDesde25_0_CHasta50_0_C,PI ideal,193,192,49.80810288,
ArranqueDesde25_0_CHasta50_0_C,PI ideal,194,193,49.8142107,
ArranqueDesde25_0_CHasta50_0_C,PI ideal,195,194,49.82013377,
ArranqueDesde25_0_CHasta50_0_C,PI ideal,196,195,49.82587761,
ArranqueDesde25_0_CHasta50_0_C,PI ideal,197,196,49.8314476,
ArranqueDesde25_0_CHasta50_0_C,PI ideal,198,197,49.83684892,
ArranqueDesde25_0_CHasta50_0_C,PI ideal,199,198,49.84208665,
ArranqueDesde25_0_CHasta50_0_C,PI ideal,200,199,49.84716567,
ArranqueDesde25_0_CHasta50_0_C,PI ideal,201,200,49.85209075,
ArranqueDesde25_0_CHasta50_0_C,PI ideal,202,201,49.8568665,
ArranqueDesde25_0_CHasta50_0_C,PI ideal,203,202,49.86149738,
ArranqueDesde25_0_CHasta50_0_C,PI ideal,204,203,49.86598776,
ArranqueDesde25_0_CHasta50_0_C,PI ideal,205,204,49.87034183,
ArranqueDesde25_0_CHasta50_0_C,PI ideal,206,205,49.87456369,
ArranqueDesde25_0_CHasta50_0_C,PI ideal,207,206,49.8786573,
ArranqueDesde25_0_CHasta50_0_C,PI ideal,208,207,49.8826265,
ArranqueDesde25_0_CHasta50_0_C,PI ideal,209,208,49.88647504,
ArranqueDesde25_0_CHasta50_0_C,PI ideal,210,209,49.89020652,
ArranqueDesde25_0_CHasta50_0_C,PI ideal,211,210,49.89382447,
ArranqueDesde25_0_CHasta50_0_C,PI ideal,212,211,49.89733229,
ArranqueDesde25_0_CHasta50_0_C,PI ideal,213,212,49.90073328,
ArranqueDesde25_0_CHasta50_0_C,PI ideal,214,213,49.90403065,
ArranqueDesde25_0_CHasta50_0_C,PI ideal,215,214,49.90722752,
ArranqueDesde25_0_CHasta50_0_C,PI ideal,216,215,49.9103269,
ArranqueDesde25_0_CHasta50_0_C,PI ideal,217,216,49.91333171,
ArranqueDesde25_0_CHasta50_0_C,PI ideal,218,217,49.91624481,
ArranqueDesde25_0_CHasta50_0_C,PI ideal,219,218,49.91906894,
ArranqueDesde25_0_CHasta50_0_C,PI ideal,220,219,49.92180678,
ArranqueDesde25_0_CHasta50_0_C,PI ideal,221,220,49.92446091,
ArranqueDesde25_0_CHasta50_0_C,PI ideal,222,221,49.92703387,
ArranqueDesde25_0_CHasta50_0_C,PI ideal,223,222,49.92952807,
ArranqueDesde25_0_CHasta50_0_C,PI ideal,224,223,49.93194591,
ArranqueDesde25_0_CHasta50_0_C,PI ideal,225,224,49.93428966,
ArranqueDesde25_0_CHasta50_0_C,PI ideal,226,225,49.93656155,
ArranqueDesde25_0_CHasta50_0_C,PI ideal,227,226,49.93876376,
ArranqueDesde25_0_CHasta50_0_C,PI ideal,228,227,49.94089837,
ArranqueDesde25_0_CHasta50_0_C,PI ideal,229,228,49.94296741,
ArranqueDesde25_0_CHasta50_0_C,PI ideal,230,229,49.94497287,
ArranqueDesde25_0_CHasta50_0_C,PI ideal,231,230,49.94691664,
ArranqueDesde25_0_CHasta50_0_C,PI ideal,232,231,49.9488006,
ArranqueDesde25_0_CHasta50_0_C,PI ideal,233,232,49.95062654,
ArranqueDesde25_0_CHasta50_0_C,PI ideal,234,233,49.9523962,
ArranqueDesde25_0_CHasta50_0_C,PI ideal,235,234,49.95411128,
ArranqueDesde25_0_CHasta50_0_C,PI ideal,236,235,49.95577343,
ArranqueDesde25_0_CHasta50_0_C,PI ideal,237,236,49.95738424,
ArranqueDesde25_0_CHasta50_0_C,PI ideal,238,237,49.95894525,
ArranqueDesde25_0_CHasta50_0_C,PI ideal,239,238,49.96045796,
ArranqueDesde25_0_CHasta50_0_C,PI ideal,240,239,49.96192384,
ArranqueDesde25_0_CHasta50_0_C,PI ideal,241,240,49.96334429,
ArranqueDesde25_0_CHasta50_0_C,PI ideal,242,241,49.96472068,
ArranqueDesde25_0_CHasta50_0_C,PI ideal,243,242,49.96605434,
ArranqueDesde25_0_CHasta50_0_C,PI ideal,244,243,49.96734656,
ArranqueDesde25_0_CHasta50_0_C,PI ideal,245,244,49.96859858,
ArranqueDesde25_0_CHasta50_0_C,PI ideal,246,245,49.96981162,
ArranqueDesde25_0_CHasta50_0_C,PI ideal,247,246,49.97098686,
ArranqueDesde25_0_CHasta50_0_C,PI ideal,248,247,49.97212544,
ArranqueDesde25_0_CHasta50_0_C,PI ideal,249,248,49.97322846,
ArranqueDesde25_0_CHasta50_0_C,PI ideal,250,249,49.974297,
ArranqueDesde25_0_CHasta50_0_C,PI ideal,251,250,49.97533209,
ArranqueDesde25_0_CHasta50_0_C,PI ideal,252,251,49.97633475,
ArranqueDesde25_0_CHasta50_0_C,PI ideal,253,252,49.97730596,
ArranqueDesde25_0_CHasta50_0_C,PI ideal,254,253,49.97824667,
ArranqueDesde25_0_CHasta50_0_C,PI ideal,255,254,49.97915779,
ArranqueDesde25_0_CHasta50_0_C,PI ideal,256,255,49.98004023,
ArranqueDesde25_0_CHasta50_0_C,PI ideal,257,256,49.98089484,
ArranqueDesde25_0_CHasta50_0_C,PI ideal,258,257,49.98172248,
ArranqueDesde25_0_CHasta50_0_C,PI ideal,259,258,49.98252396,
ArranqueDesde25_0_CHasta50_0_C,PI ideal,260,259,49.98330006,
ArranqueDesde25_0_CHasta50_0_C,PI ideal,261,260,49.98405156,
ArranqueDesde25_0_CHasta50_0_C,PI ideal,262,261,49.9847792,
ArranqueDesde25_0_CHasta50_0_C,PI ideal,263,262,49.98548371,
ArranqueDesde25_0_CHasta50_0_C,PI ideal,264,263,49.98616577,
ArranqueDesde25_0_CHasta50_0_C,PI ideal,265,264,49.98682609,
ArranqueDesde25_0_CHasta50_0_C,PI ideal,266,265,49.9874653,
ArranqueDesde25_0_CHasta50_0_C,PI ideal,267,266,49.98808406,
ArranqueDesde25_0_CHasta50_0_C,PI ideal,268,267,49.98868297,
ArranqueDesde25_0_CHasta50_0_C,PI ideal,269,268,49.98926266,
ArranqueDesde25_0_CHasta50_0_C,PI ideal,270,269,49.98982368,
ArranqueDesde25_0_CHasta50_0_C,PI ideal,271,270,49.99036663,
ArranqueDesde25_0_CHasta50_0_C,PI ideal,272,271,49.99089203,
ArranqueDesde25_0_CHasta50_0_C,PI ideal,273,272,49.99140043,
ArranqueDesde25_0_CHasta50_0_C,PI ideal,274,273,49.99189234,
ArranqueDesde25_0_CHasta50_0_C,PI ideal,275,274,49.99236826,
ArranqueDesde25_0_CHasta50_0_C,PI ideal,276,275,49.99282868,
ArranqueDesde25_0_CHasta50_0_C,PI ideal,277,276,49.99327407,
ArranqueDesde25_0_CHasta50_0_C,PI ideal,278,277,49.99370489,
ArranqueDesde25_0_CHasta50_0_C,PI ideal,279,278,49.99412157,
ArranqueDesde25_0_CHasta50_0_C,PI ideal,280,279,49.99452456,
ArranqueDesde25_0_CHasta50_0_C,PI ideal,281,280,49.99491426,
ArranqueDesde25_0_CHasta50_0_C,PI ideal,282,281,49.99529108,
ArranqueDesde25_0_CHasta50_0_C,PI ideal,283,282,49.99565542,
ArranqueDesde25_0_CHasta50_0_C,PI ideal,284,283,49.99600765,
ArranqueDesde25_0_CHasta50_0_C,PI ideal,285,284,49.99634815,
ArranqueDesde25_0_CHasta50_0_C,PI ideal,286,285,49.99667727,
ArranqueDesde25_0_CHasta50_0_C,PI ideal,287,286,49.99699536,
ArranqueDesde25_0_CHasta50_0_C,PI ideal,288,287,49.99730275,
ArranqueDesde25_0_CHasta50_0_C,PI ideal,289,288,49.99759978,
ArranqueDesde25_0_CHasta50_0_C,PI ideal,290,289,49.99788676,
ArranqueDesde25_0_CHasta50_0_C,PI ideal,291,290,49.99816399,
ArranqueDesde25_0_CHasta50_0_C,PI ideal,292,291,49.99843178,
ArranqueDesde25_0_CHasta50_0_C,PI ideal,293,292,49.99869042,
ArranqueDesde25_0_CHasta50_0_C,PI ideal,294,293,49.99894018,
ArranqueDesde25_0_CHasta50_0_C,PI ideal,295,294,49.99918134,
ArranqueDesde25_0_CHasta50_0_C,PI ideal,296,295,49.99941415,
ArranqueDesde25_0_CHasta50_0_C,PI ideal,297,296,49.99963889,
ArranqueDesde25_0_CHasta50_0_C,PI ideal,298,297,49.99985579,
ArranqueDesde25_0_CHasta50_0_C,PI ideal,299,298,50.0000651,
ArranqueDesde25_0_CHasta50_0_C,PI ideal,300,299,50.00026704,
ArranqueDesde25_0_CHasta50_0_C,PI ideal,301,300,50.00046186,
ArranqueDesde25_0_CHasta50_0_C,PI ideal,302,301,50.00064975,
ArranqueDesde25_0_CHasta50_0_C,PI ideal,303,302,50.00083095,
ArranqueDesde25_0_CHasta50_0_C,PI ideal,304,303,50.00100565,
ArranqueDesde25_0_CHasta50_0_C,PI ideal,305,304,50.00117406,
ArranqueDesde25_0_CHasta50_0_C,PI ideal,306,305,50.00133636,
ArranqueDesde25_0_CHasta50_0_C,PI ideal,307,306,50.00149276,
ArranqueDesde25_0_CHasta50_0_C,PI ideal,308,307,50.00164342,
ArranqueDesde25_0_CHasta50_0_C,PI ideal,309,308,50.00178854,
ArranqueDesde25_0_CHasta50_0_C,PI ideal,310,309,50.00192827,
ArranqueDesde25_0_CHasta50_0_C,PI ideal,311,310,50.00206279,
ArranqueDesde25_0_CHasta50_0_C,PI ideal,312,311,50.00219226,
ArranqueDesde25_0_CHasta50_0_C,PI ideal,313,312,50.00231684,
ArranqueDesde25_0_CHasta50_0_C,PI ideal,314,313,50.00243667,
ArranqueDesde25_0_CHasta50_0_C,PI ideal,315,314,50.00255191,
ArranqueDesde25_0_CHasta50_0_C,PI ideal,316,315,50.0026627,
ArranqueDesde25_0_CHasta50_0_C,PI ideal,317,316,50.00276917,
ArranqueDesde25_0_CHasta50_0_C,PI ideal,318,317,50.00287147,
ArranqueDesde25_0_CHasta50_0_C,PI ideal,319,318,50.00296971,
ArranqueDesde25_0_CHasta50_0_C,PI ideal,320,319,50.00306404,
ArranqueDesde25_0_CHasta50_0_C,PI ideal,321,320,50.00315457,
ArranqueDesde25_0_CHasta50_0_C,PI ideal,322,321,50.00324142,
ArranqueDesde25_0_CHasta50_0_C,PI ideal,323,322,50.0033247,
ArranqueDesde25_0_CHasta50_0_C,PI ideal,324,323,50.00340454,
ArranqueDesde25_0_CHasta50_0_C,PI ideal,325,324,50.00348102,
ArranqueDesde25_0_CHasta50_0_C,PI ideal,326,325,50.00355428,
ArranqueDesde25_0_CHasta50_0_C,PI ideal,327,326,50.00362439,
ArranqueDesde25_0_CHasta50_0_C,PI ideal,328,327,50.00369147,
ArranqueDesde25_0_CHasta50_0_C,PI ideal,329,328,50.0037556,
ArranqueDesde25_0_CHasta50_0_C,PI ideal,330,329,50.00381689,
ArranqueDesde25_0_CHasta50_0_C,PI ideal,331,330,50.00387542,
ArranqueDesde25_0_CHasta50_0_C,PI ideal,332,331,50.00393128,
ArranqueDesde25_0_CHasta50_0_C,PI ideal,333,332,50.00398456,
ArranqueDesde25_0_CHasta50_0_C,PI ideal,334,333,50.00403533,
ArranqueDesde25_0_CHasta50_0_C,PI ideal,335,334,50.00408368,
ArranqueDesde25_0_CHasta50_0_C,PI ideal,336,335,50.00412969,
ArranqueDesde25_0_CHasta50_0_C,PI ideal,337,336,50.00417342,
ArranqueDesde25_0_CHasta50_0_C,PI ideal,338,337,50.00421496,
ArranqueDesde25_0_CHasta50_0_C,PI ideal,339,338,50.00425436,
ArranqueDesde25_0_CHasta50_0_C,PI ideal,340,339,50.00429171,
ArranqueDesde25_0_CHasta50_0_C,PI ideal,341,340,50.00432707,
ArranqueDesde25_0_CHasta50_0_C,PI ideal,342,341,50.0043605,
ArranqueDesde25_0_CHasta50_0_C,PI ideal,343,342,50.00439207,
ArranqueDesde25_0_CHasta50_0_C,PI ideal,344,343,50.00442182,
ArranqueDesde25_0_CHasta50_0_C,PI ideal,345,344,50.00444984,
ArranqueDesde25_0_CHasta50_0_C,PI ideal,346,345,50.00447616,
ArranqueDesde25_0_CHasta50_0_C,PI ideal,347,346,50.00450085,
ArranqueDesde25_0_CHasta50_0_C,PI ideal,348,347,50.00452396,
ArranqueDesde25_0_CHasta50_0_C,PI ideal,349,348,50.00454554,
ArranqueDesde25_0_CHasta50_0_C,PI ideal,350,349,50.00456564,
ArranqueDesde25_0_CHasta50_0_C,PI ideal,351,350,50.00458431,
ArranqueDesde25_0_CHasta50_0_C,PI ideal,352,351,50.00460159,
ArranqueDesde25_0_CHasta50_0_C,PI ideal,353,352,50.00461754,
ArranqueDesde25_0_CHasta50_0_C,PI ideal,354,353,50.0046322,
ArranqueDesde25_0_CHasta50_0_C,PI ideal,355,354,50.00464561,
ArranqueDesde25_0_CHasta50_0_C,PI ideal,356,355,50.00465781,
ArranqueDesde25_0_CHasta50_0_C,PI ideal,357,356,50.00466885,
ArranqueDesde25_0_CHasta50_0_C,PI ideal,358,357,50.00467875,
ArranqueDesde25_0_CHasta50_0_C,PI ideal,359,358,50.00468757,
ArranqueDesde25_0_CHasta50_0_C,PI ideal,360,359,50.00469533,
ArranqueDesde25_0_CHasta50_0_C,PI ideal,361,360,50.00470208,
ArranqueDesde25_0_CHasta50_0_C,PI ideal,362,361,50.00470784,
ArranqueDesde25_0_CHasta50_0_C,PI ideal,363,362,50.00471265,
ArranqueDesde25_0_CHasta50_0_C,PI ideal,364,363,50.00471655,
ArranqueDesde25_0_CHasta50_0_C,PI ideal,365,364,50.00471956,
ArranqueDesde25_0_CHasta50_0_C,PI ideal,366,365,50.00472172,
ArranqueDesde25_0_CHasta50_0_C,PI ideal,367,366,50.00472305,
ArranqueDesde25_0_CHasta50_0_C,PI ideal,368,367,50.00472359,
ArranqueDesde25_0_CHasta50_0_C,PI ideal,369,368,50.00472336,
ArranqueDesde25_0_CHasta50_0_C,PI ideal,370,369,50.00472239,
ArranqueDesde25_0_CHasta50_0_C,PI ideal,371,370,50.0047207,
ArranqueDesde25_0_CHasta50_0_C,PI ideal,372,371,50.00471833,
ArranqueDesde25_0_CHasta50_0_C,PI ideal,373,372,50.00471529,
ArranqueDesde25_0_CHasta50_0_C,PI ideal,374,373,50.0047116,
ArranqueDesde25_0_CHasta50_0_C,PI ideal,375,374,50.0047073,
ArranqueDesde25_0_CHasta50_0_C,PI ideal,376,375,50.00470241,
ArranqueDesde25_0_CHasta50_0_C,PI ideal,377,376,50.00469694,
ArranqueDesde25_0_CHasta50_0_C,PI ideal,378,377,50.00469092,
ArranqueDesde25_0_CHasta50_0_C,PI ideal,379,378,50.00468436,
ArranqueDesde25_0_CHasta50_0_C,PI ideal,380,379,50.0046773,
ArranqueDesde25_0_CHasta50_0_C,PI ideal,381,380,50.00466973,
ArranqueDesde25_0_CHasta50_0_C,PI ideal,382,381,50.0046617,
ArranqueDesde25_0_CHasta50_0_C,PI ideal,383,382,50.00465321,
ArranqueDesde25_0_CHasta50_0_C,PI ideal,384,383,50.00464427,
ArranqueDesde25_0_CHasta50_0_C,PI ideal,385,384,50.00463492,
ArranqueDesde25_0_CHasta50_0_C,PI ideal,386,385,50.00462515,
ArranqueDesde25_0_CHasta50_0_C,PI ideal,387,386,50.004615,
ArranqueDesde25_0_CHasta50_0_C,PI ideal,388,387,50.00460447,
ArranqueDesde25_0_CHasta50_0_C,PI ideal,389,388,50.00459358,
ArranqueDesde25_0_CHasta50_0_C,PI ideal,390,389,50.00458235,
ArranqueDesde25_0_CHasta50_0_C,PI ideal,391,390,50.00457078,
ArranqueDesde25_0_CHasta50_0_C,PI ideal,392,391,50.0045589,
ArranqueDesde25_0_CHasta50_0_C,PI ideal,393,392,50.0045467,
ArranqueDesde25_0_CHasta50_0_C,PI ideal,394,393,50.00453422,
ArranqueDesde25_0_CHasta50_0_C,PI ideal,395,394,50.00452145,
ArranqueDesde25_0_CHasta50_0_C,PI ideal,396,395,50.00450842,
ArranqueDesde25_0_CHasta50_0_C,PI ideal,397,396,50.00449513,
ArranqueDesde25_0_CHasta50_0_C,PI ideal,398,397,50.00448159,
ArranqueDesde25_0_CHasta50_0_C,PI ideal,399,398,50.00446782,
ArranqueDesde25_0_CHasta50_0_C,PI ideal,400,399,50.00445382,
ArranqueDesde25_0_CHasta50_0_C,PI ideal,401,400,50.00443961,
ArranqueDesde25_0_CHasta50_0_C,PI ideal,402,401,50.00442519,
ArranqueDesde25_0_CHasta50_0_C,PI ideal,403,402,50.00441058,
ArranqueDesde25_0_CHasta50_0_C,PI ideal,404,403,50.00439578,
ArranqueDesde25_0_CHasta50_0_C,PI ideal,405,404,50.0043808,
ArranqueDesde25_0_CHasta50_0_C,PI ideal,406,405,50.00436565,
ArranqueDesde25_0_CHasta50_0_C,PI ideal,407,406,50.00435035,
ArranqueDesde25_0_CHasta50_0_C,PI ideal,408,407,50.00433489,
ArranqueDesde25_0_CHasta50_0_C,PI ideal,409,408,50.00431929,
ArranqueDesde25_0_CHasta50_0_C,PI ideal,410,409,50.00430355,
ArranqueDesde25_0_CHasta50_0_C,PI ideal,411,410,50.00428768,
ArranqueDesde25_0_CHasta50_0_C,PI ideal,412,411,50.00427168,
ArranqueDesde25_0_CHasta50_0_C,PI ideal,413,412,50.00425557,
ArranqueDesde25_0_CHasta50_0_C,PI ideal,414,413,50.00423936,
ArranqueDesde25_0_CHasta50_0_C,PI ideal,415,414,50.00422304,
ArranqueDesde25_0_CHasta50_0_C,PI ideal,416,415,50.00420662,
ArranqueDesde25_0_CHasta50_0_C,PI ideal,417,416,50.00419011,
ArranqueDesde25_0_CHasta50_0_C,PI ideal,418,417,50.00417352,
ArranqueDesde25_0_CHasta50_0_C,PI ideal,419,418,50.00415685,
ArranqueDesde25_0_CHasta50_0_C,PI ideal,420,419,50.0041401,
ArranqueDesde25_0_CHasta50_0_C,PI ideal,421,420,50.00412329,
ArranqueDesde25_0_CHasta50_0_C,PI ideal,422,421,50.00410641,
ArranqueDesde25_0_CHasta50_0_C,PI ideal,423,422,50.00408947,
ArranqueDesde25_0_CHasta50_0_C,PI ideal,424,423,50.00407248,
ArranqueDesde25_0_CHasta50_0_C,PI ideal,425,424,50.00405544,
ArranqueDesde25_0_CHasta50_0_C,PI ideal,426,425,50.00403836,
ArranqueDesde25_0_CHasta50_0_C,PI ideal,427,426,50.00402123,
ArranqueDesde25_0_CHasta50_0_C,PI ideal,428,427,50.00400407,
ArranqueDesde25_0_CHasta50_0_C,PI ideal,429,428,50.00398688,
ArranqueDesde25_0_CHasta50_0_C,PI ideal,430,429,50.00396966,
ArranqueDesde25_0_CHasta50_0_C,PI ideal,431,430,50.00395241,
ArranqueDesde25_0_CHasta50_0_C,PI ideal,432,431,50.00393514,
ArranqueDesde25_0_CHasta50_0_C,PI ideal,433,432,50.00391786,
ArranqueDesde25_0_CHasta50_0_C,PI ideal,434,433,50.00390056,
ArranqueDesde25_0_CHasta50_0_C,PI ideal,435,434,50.00388325,
ArranqueDesde25_0_CHasta50_0_C,PI ideal,436,435,50.00386593,
ArranqueDesde25_0_CHasta50_0_C,PI ideal,437,436,50.0038486,
ArranqueDesde25_0_CHasta50_0_C,PI ideal,438,437,50.00383128,
ArranqueDesde25_0_CHasta50_0_C,PI ideal,439,438,50.00381395,
ArranqueDesde25_0_CHasta50_0_C,PI ideal,440,439,50.00379663,
ArranqueDesde25_0_CHasta50_0_C,PI ideal,441,440,50.00377931,
ArranqueDesde25_0_CHasta50_0_C,PI ideal,442,441,50.00376201,
ArranqueDesde25_0_CHasta50_0_C,PI ideal,443,442,50.00374471,
ArranqueDesde25_0_CHasta50_0_C,PI ideal,444,443,50.00372743,
ArranqueDesde25_0_CHasta50_0_C,PI ideal,445,444,50.00371016,
ArranqueDesde25_0_CHasta50_0_C,PI ideal,446,445,50.00369292,
ArranqueDesde25_0_CHasta50_0_C,PI ideal,447,446,50.00367569,
ArranqueDesde25_0_CHasta50_0_C,PI ideal,448,447,50.00365848,
ArranqueDesde25_0_CHasta50_0_C,PI ideal,449,448,50.0036413,
ArranqueDesde25_0_CHasta50_0_C,PI ideal,450,449,50.00362414,
ArranqueDesde25_0_CHasta50_0_C,PI ideal,451,450,50.00360701,
ArranqueDesde25_0_CHasta50_0_C,PI ideal,452,451,50.00358991,
ArranqueDesde25_0_CHasta50_0_C,PI ideal,453,452,50.00357285,
ArranqueDesde25_0_CHasta50_0_C,PI ideal,454,453,50.00355581,
ArranqueDesde25_0_CHasta50_0_C,PI ideal,455,454,50.00353881,
ArranqueDesde25_0_CHasta50_0_C,PI ideal,456,455,50.00352184,
ArranqueDesde25_0_CHasta50_0_C,PI ideal,457,456,50.00350492,
ArranqueDesde25_0_CHasta50_0_C,PI ideal,458,457,50.00348803,
ArranqueDesde25_0_CHasta50_0_C,PI ideal,459,458,50.00347118,
ArranqueDesde25_0_CHasta50_0_C,PI ideal,460,459,50.00345437,
ArranqueDesde25_0_CHasta50_0_C,PI ideal,461,460,50.0034376,
ArranqueDesde25_0_CHasta50_0_C,PI ideal,462,461,50.00342088,
ArranqueDesde25_0_CHasta50_0_C,PI ideal,463,462,50.0034042,
ArranqueDesde25_0_CHasta50_0_C,PI ideal,464,463,50.00338757,
ArranqueDesde25_0_CHasta50_0_C,PI ideal,465,464,50.00337099,
ArranqueDesde25_0_CHasta50_0_C,PI ideal,466,465,50.00335445,
ArranqueDesde25_0_CHasta50_0_C,PI ideal,467,466,50.00333796,
ArranqueDesde25_0_CHasta50_0_C,PI ideal,468,467,50.00332152,
ArranqueDesde25_0_CHasta50_0_C,PI ideal,469,468,50.00330513,
ArranqueDesde25_0_CHasta50_0_C,PI ideal,470,469,50.0032888,
ArranqueDesde25_0_CHasta50_0_C,PI ideal,471,470,50.00327251,
ArranqueDesde25_0_CHasta50_0_C,PI ideal,472,471,50.00325628,
ArranqueDesde25_0_CHasta50_0_C,PI ideal,473,472,50.0032401,
ArranqueDesde25_0_CHasta50_0_C,PI ideal,474,473,50.00322398,
ArranqueDesde25_0_CHasta50_0_C,PI ideal,475,474,50.00320791,
ArranqueDesde25_0_CHasta50_0_C,PI ideal,476,475,50.0031919,
ArranqueDesde25_0_CHasta50_0_C,PI ideal,477,476,50.00317594,
ArranqueDesde25_0_CHasta50_0_C,PI ideal,478,477,50.00316004,
ArranqueDesde25_0_CHasta50_0_C,PI ideal,479,478,50.00314419,
ArranqueDesde25_0_CHasta50_0_C,PI ideal,480,479,50.00312841,
ArranqueDesde25_0_CHasta50_0_C,PI ideal,481,480,50.00311268,
ArranqueDesde25_0_CHasta50_0_C,PI ideal,482,481,50.00309701,
ArranqueDesde25_0_CHasta50_0_C,PI ideal,483,482,50.0030814,
ArranqueDesde25_0_CHasta50_0_C,PI ideal,484,483,50.00306585,
ArranqueDesde25_0_CHasta50_0_C,PI ideal,485,484,50.00305036,
ArranqueDesde25_0_CHasta50_0_C,PI ideal,486,485,50.00303493,
ArranqueDesde25_0_CHasta50_0_C,PI ideal,487,486,50.00301956,
ArranqueDesde25_0_CHasta50_0_C,PI ideal,488,487,50.00300425,
ArranqueDesde25_0_CHasta50_0_C,PI ideal,489,488,50.002989,
ArranqueDesde25_0_CHasta50_0_C,PI ideal,490,489,50.00297382,
ArranqueDesde25_0_CHasta50_0_C,PI ideal,491,490,50.00295869,
ArranqueDesde25_0_CHasta50_0_C,PI ideal,492,491,50.00294363,
ArranqueDesde25_0_CHasta50_0_C,PI ideal,493,492,50.00292863,
ArranqueDesde25_0_CHasta50_0_C,PI ideal,494,493,50.00291369,
ArranqueDesde25_0_CHasta50_0_C,PI ideal,495,494,50.00289881,
ArranqueDesde25_0_CHasta50_0_C,PI ideal,496,495,50.002884,
ArranqueDesde25_0_CHasta50_0_C,PI ideal,497,496,50.00286925,
ArranqueDesde25_0_CHasta50_0_C,PI ideal,498,497,50.00285456,
ArranqueDesde25_0_CHasta50_0_C,PI ideal,499,498,50.00283994,
ArranqueDesde25_0_CHasta50_0_C,PI ideal,500,499,50.00282538,
ArranqueDesde25_0_CHasta50_0_C,PI ideal,501,500,50.00281088,
ArranqueDesde25_0_CHasta50_0_C,PI ideal,502,501,50.00279645,
ArranqueDesde25_0_CHasta50_0_C,PI ideal,503,502,50.00278207,
ArranqueDesde25_0_CHasta50_0_C,PI ideal,504,503,50.00276777,
ArranqueDesde25_0_CHasta50_0_C,PI ideal,505,504,50.00275352,
ArranqueDesde25_0_CHasta50_0_C,PI ideal,506,505,50.00273934,
ArranqueDesde25_0_CHasta50_0_C,PI ideal,507,506,50.00272522,
ArranqueDesde25_0_CHasta50_0_C,PI ideal,508,507,50.00271117,
ArranqueDesde25_0_CHasta50_0_C,PI ideal,509,508,50.00269718,
ArranqueDesde25_0_CHasta50_0_C,PI ideal,510,509,50.00268325,
ArranqueDesde25_0_CHasta50_0_C,PI ideal,511,510,50.00266939,
ArranqueDesde25_0_CHasta50_0_C,PI ideal,512,511,50.00265559,
ArranqueDesde25_0_CHasta50_0_C,PI ideal,513,512,50.00264186,
ArranqueDesde25_0_CHasta50_0_C,PI ideal,514,513,50.00262818,
ArranqueDesde25_0_CHasta50_0_C,PI ideal,515,514,50.00261457,
ArranqueDesde25_0_CHasta50_0_C,PI ideal,516,515,50.00260103,
ArranqueDesde25_0_CHasta50_0_C,PI ideal,517,516,50.00258754,
ArranqueDesde25_0_CHasta50_0_C,PI ideal,518,517,50.00257412,
ArranqueDesde25_0_CHasta50_0_C,PI ideal,519,518,50.00256077,
ArranqueDesde25_0_CHasta50_0_C,PI ideal,520,519,50.00254747,
ArranqueDesde25_0_CHasta50_0_C,PI ideal,521,520,50.00253424,
ArranqueDesde25_0_CHasta50_0_C,PI ideal,522,521,50.00252107,
ArranqueDesde25_0_CHasta50_0_C,PI ideal,523,522,50.00250797,
ArranqueDesde25_0_CHasta50_0_C,PI ideal,524,523,50.00249493,
ArranqueDesde25_0_CHasta50_0_C,PI ideal,525,524,50.00248195,
ArranqueDesde25_0_CHasta50_0_C,PI ideal,526,525,50.00246903,
ArranqueDesde25_0_CHasta50_0_C,PI ideal,527,526,50.00245617,
ArranqueDesde25_0_CHasta50_0_C,PI ideal,528,527,50.00244338,
ArranqueDesde25_0_CHasta50_0_C,PI ideal,529,528,50.00243064,
ArranqueDesde25_0_CHasta50_0_C,PI ideal,530,529,50.00241797,
ArranqueDesde25_0_CHasta50_0_C,PI ideal,531,530,50.00240536,
ArranqueDesde25_0_CHasta50_0_C,PI ideal,532,531,50.00239281,
ArranqueDesde25_0_CHasta50_0_C,PI ideal,533,532,50.00238033,
ArranqueDesde25_0_CHasta50_0_C,PI ideal,534,533,50.0023679,
ArranqueDesde25_0_CHasta50_0_C,PI ideal,535,534,50.00235554,
ArranqueDesde25_0_CHasta50_0_C,PI ideal,536,535,50.00234323,
ArranqueDesde25_0_CHasta50_0_C,PI ideal,537,536,50.00233099,
ArranqueDesde25_0_CHasta50_0_C,PI ideal,538,537,50.0023188,
ArranqueDesde25_0_CHasta50_0_C,PI ideal,539,538,50.00230668,
ArranqueDesde25_0_CHasta50_0_C,PI ideal,540,539,50.00229462,
ArranqueDesde25_0_CHasta50_0_C,PI ideal,541,540,50.00228261,
ArranqueDesde25_0_CHasta50_0_C,PI ideal,542,541,50.00227067,
ArranqueDesde25_0_CHasta50_0_C,PI ideal,543,542,50.00225878,
ArranqueDesde25_0_CHasta50_0_C,PI ideal,544,543,50.00224696,
ArranqueDesde25_0_CHasta50_0_C,PI ideal,545,544,50.00223519,
ArranqueDesde25_0_CHasta50_0_C,PI ideal,546,545,50.00222348,
ArranqueDesde25_0_CHasta50_0_C,PI ideal,547,546,50.00221183,
ArranqueDesde25_0_CHasta50_0_C,PI ideal,548,547,50.00220024,
ArranqueDesde25_0_CHasta50_0_C,PI ideal,549,548,50.00218871,
ArranqueDesde25_0_CHasta50_0_C,PI ideal,550,549,50.00217723,
ArranqueDesde25_0_CHasta50_0_C,PI ideal,551,550,50.00216581,
ArranqueDesde25_0_CHasta50_0_C,PI ideal,552,551,50.00215445,
ArranqueDesde25_0_CHasta50_0_C,PI ideal,553,552,50.00214315,
ArranqueDesde25_0_CHasta50_0_C,PI ideal,554,553,50.0021319,
ArranqueDesde25_0_CHasta50_0_C,PI ideal,555,554,50.00212071,
ArranqueDesde25_0_CHasta50_0_C,PI ideal,556,555,50.00210958,
ArranqueDesde25_0_CHasta50_0_C,PI ideal,557,556,50.0020985,
ArranqueDesde25_0_CHasta50_0_C,PI ideal,558,557,50.00208748,
ArranqueDesde25_0_CHasta50_0_C,PI ideal,559,558,50.00207652,
ArranqueDesde25_0_CHasta50_0_C,PI ideal,560,559,50.00206561,
ArranqueDesde25_0_CHasta50_0_C,PI ideal,561,560,50.00205476,
ArranqueDesde25_0_CHasta50_0_C,PI ideal,562,561,50.00204396,
ArranqueDesde25_0_CHasta50_0_C,PI ideal,563,562,50.00203322,
ArranqueDesde25_0_CHasta50_0_C,PI ideal,564,563,50.00202253,
ArranqueDesde25_0_CHasta50_0_C,PI ideal,565,564,50.0020119,
ArranqueDesde25_0_CHasta50_0_C,PI ideal,566,565,50.00200132,
ArranqueDesde25_0_CHasta50_0_C,PI ideal,567,566,50.00199079,
ArranqueDesde25_0_CHasta50_0_C,PI ideal,568,567,50.00198032,
ArranqueDesde25_0_CHasta50_0_C,PI ideal,569,568,50.00196991,
ArranqueDesde25_0_CHasta50_0_C,PI ideal,570,569,50.00195954,
ArranqueDesde25_0_CHasta50_0_C,PI ideal,571,570,50.00194923,
ArranqueDesde25_0_CHasta50_0_C,PI ideal,572,571,50.00193897,
ArranqueDesde25_0_CHasta50_0_C,PI ideal,573,572,50.00192877,
ArranqueDesde25_0_CHasta50_0_C,PI ideal,574,573,50.00191862,
ArranqueDesde25_0_CHasta50_0_C,PI ideal,575,574,50.00190851,
ArranqueDesde25_0_CHasta50_0_C,PI ideal,576,575,50.00189847,
ArranqueDesde25_0_CHasta50_0_C,PI ideal,577,576,50.00188847,
ArranqueDesde25_0_CHasta50_0_C,PI ideal,578,577,50.00187853,
ArranqueDesde25_0_CHasta50_0_C,PI ideal,579,578,50.00186863,
ArranqueDesde25_0_CHasta50_0_C,PI ideal,580,579,50.00185879,
ArranqueDesde25_0_CHasta50_0_C,PI ideal,581,580,50.001849,
ArranqueDesde25_0_CHasta50_0_C,PI ideal,582,581,50.00183926,
ArranqueDesde25_0_CHasta50_0_C,PI ideal,583,582,50.00182957,
ArranqueDesde25_0_CHasta50_0_C,PI ideal,584,583,50.00181992,
ArranqueDesde25_0_CHasta50_0_C,PI ideal,585,584,50.00181033,
ArranqueDesde25_0_CHasta50_0_C,PI ideal,586,585,50.00180079,
ArranqueDesde25_0_CHasta50_0_C,PI ideal,587,586,50.0017913,
ArranqueDesde25_0_CHasta50_0_C,PI ideal,588,587,50.00178186,
ArranqueDesde25_0_CHasta50_0_C,PI ideal,589,588,50.00177247,
ArranqueDesde25_0_CHasta50_0_C,PI ideal,590,589,50.00176312,
ArranqueDesde25_0_CHasta50_0_C,PI ideal,591,590,50.00175383,
ArranqueDesde25_0_CHasta50_0_C,PI ideal,592,591,50.00174458,
ArranqueDesde25_0_CHasta50_0_C,PI ideal,593,592,50.00173538,
ArranqueDesde25_0_CHasta50_0_C,PI ideal,594,593,50.00172623,
ArranqueDesde25_0_CHasta50_0_C,PI ideal,595,594,50.00171712,
ArranqueDesde25_0_CHasta50_0_C,PI ideal,596,595,50.00170807,
ArranqueDesde25_0_CHasta50_0_C,PI ideal,597,596,50.00169906,
ArranqueDesde25_0_CHasta50_0_C,PI ideal,598,597,50.00169009,
ArranqueDesde25_0_CHasta50_0_C,PI ideal,599,598,50.00168118,
ArranqueDesde25_0_CHasta50_0_C,PI ideal,600,599,50.00167231,
ArranqueDesde25_0_CHasta50_0_C,PI ideal,601,600,50.00166348,
ArranqueDesde25_0_CHasta50_0_C,PI ideal,602,601,50.00165471,
ArranqueDesde25_0_CHasta50_0_C,PI ideal,603,602,50.00164598,
ArranqueDesde25_0_CHasta50_0_C,PI ideal,604,603,50.00163729,
ArranqueDesde25_0_CHasta50_0_C,PI ideal,605,604,50.00162865,
ArranqueDesde25_0_CHasta50_0_C,PI ideal,606,605,50.00162005,
ArranqueDesde25_0_CHasta50_0_C,PI ideal,607,606,50.0016115,
ArranqueDesde25_0_CHasta50_0_C,PI ideal,608,607,50.001603,
ArranqueDesde25_0_CHasta50_0_C,PI ideal,609,608,50.00159454,
ArranqueDesde25_0_CHasta50_0_C,PI ideal,610,609,50.00158612,
ArranqueDesde25_0_CHasta50_0_C,PI ideal,611,610,50.00157775,
ArranqueDesde25_0_CHasta50_0_C,PI ideal,612,611,50.00156942,
ArranqueDesde25_0_CHasta50_0_C,PI ideal,613,612,50.00156113,
ArranqueDesde25_0_CHasta50_0_C,PI ideal,614,613,50.00155289,
ArranqueDesde25_0_CHasta50_0_C,PI ideal,615,614,50.00154469,
ArranqueDesde25_0_CHasta50_0_C,PI ideal,616,615,50.00153653,
ArranqueDesde25_0_CHasta50_0_C,PI ideal,617,616,50.00152842,
ArranqueDesde25_0_CHasta50_0_C,PI ideal,618,617,50.00152035,
ArranqueDesde25_0_CHasta50_0_C,PI ideal,619,618,50.00151232,
ArranqueDesde25_0_CHasta50_0_C,PI ideal,620,619,50.00150434,
ArranqueDesde25_0_CHasta50_0_C,PI ideal,621,620,50.00149639,
ArranqueDesde25_0_CHasta50_0_C,PI ideal,622,621,50.00148849,
ArranqueDesde25_0_CHasta50_0_C,PI ideal,623,622,50.00148063,
ArranqueDesde25_0_CHasta50_0_C,PI ideal,624,623,50.00147281,
ArranqueDesde25_0_CHasta50_0_C,PI ideal,625,624,50.00146503,
ArranqueDesde25_0_CHasta50_0_C,PI ideal,626,625,50.00145729,
ArranqueDesde25_0_CHasta50_0_C,PI ideal,627,626,50.00144959,
ArranqueDesde25_0_CHasta50_0_C,PI ideal,628,627,50.00144193,
ArranqueDesde25_0_CHasta50_0_C,PI ideal,629,628,50.00143432,
ArranqueDesde25_0_CHasta50_0_C,PI ideal,630,629,50.00142674,
ArranqueDesde25_0_CHasta50_0_C,PI ideal,631,630,50.0014192,
ArranqueDesde25_0_CHasta50_0_C,PI ideal,632,631,50.00141171,
ArranqueDesde25_0_CHasta50_0_C,PI ideal,633,632,50.00140425,
ArranqueDesde25_0_CHasta50_0_C,PI ideal,634,633,50.00139683,
ArranqueDesde25_0_CHasta50_0_C,PI ideal,635,634,50.00138945,
ArranqueDesde25_0_CHasta50_0_C,PI ideal,636,635,50.00138211,
ArranqueDesde25_0_CHasta50_0_C,PI ideal,637,636,50.0013748,
ArranqueDesde25_0_CHasta50_0_C,PI ideal,638,637,50.00136754,
ArranqueDesde25_0_CHasta50_0_C,PI ideal,639,638,50.00136031,
ArranqueDesde25_0_CHasta50_0_C,PI ideal,640,639,50.00135313,
ArranqueDesde25_0_CHasta50_0_C,PI ideal,641,640,50.00134598,
ArranqueDesde25_0_CHasta50_0_C,PI ideal,642,641,50.00133886,
ArranqueDesde25_0_CHasta50_0_C,PI ideal,643,642,50.00133179,
ArranqueDesde25_0_CHasta50_0_C,PI ideal,644,643,50.00132475,
ArranqueDesde25_0_CHasta50_0_C,PI ideal,645,644,50.00131775,
ArranqueDesde25_0_CHasta50_0_C,PI ideal,646,645,50.00131079,
ArranqueDesde25_0_CHasta50_0_C,PI ideal,647,646,50.00130386,
ArranqueDesde25_0_CHasta50_0_C,PI ideal,648,647,50.00129697,
ArranqueDesde25_0_CHasta50_0_C,PI ideal,649,648,50.00129011,
ArranqueDesde25_0_CHasta50_0_C,PI ideal,650,649,50.0012833,
ArranqueDesde25_0_CHasta50_0_C,PI ideal,651,650,50.00127651,
ArranqueDesde25_0_CHasta50_0_C,PI ideal,652,651,50.00126977,
ArranqueDesde25_0_CHasta50_0_C,PI ideal,653,652,50.00126306,
ArranqueDesde25_0_CHasta50_0_C,PI ideal,654,653,50.00125638,
ArranqueDesde25_0_CHasta50_0_C,PI ideal,655,654,50.00124974,
ArranqueDesde25_0_CHasta50_0_C,PI ideal,656,655,50.00124313,
ArranqueDesde25_0_CHasta50_0_C,PI ideal,657,656,50.00123656,
ArranqueDesde25_0_CHasta50_0_C,PI ideal,658,657,50.00123003,
ArranqueDesde25_0_CHasta50_0_C,PI ideal,659,658,50.00122353,
ArranqueDesde25_0_CHasta50_0_C,PI ideal,660,659,50.00121706,
ArranqueDesde25_0_CHasta50_0_C,PI ideal,661,660,50.00121062,
ArranqueDesde25_0_CHasta50_0_C,PI ideal,662,661,50.00120423,
ArranqueDesde25_0_CHasta50_0_C,PI ideal,663,662,50.00119786,
ArranqueDesde25_0_CHasta50_0_C,PI ideal,664,663,50.00119153,
ArranqueDesde25_0_CHasta50_0_C,PI ideal,665,664,50.00118523,
ArranqueDesde25_0_CHasta50_0_C,PI ideal,666,665,50.00117896,
ArranqueDesde25_0_CHasta50_0_C,PI ideal,667,666,50.00117273,
ArranqueDesde25_0_CHasta50_0_C,PI ideal,668,667,50.00116653,
ArranqueDesde25_0_CHasta50_0_C,PI ideal,669,668,50.00116036,
ArranqueDesde25_0_CHasta50_0_C,PI ideal,670,669,50.00115423,
ArranqueDesde25_0_CHasta50_0_C,PI ideal,671,670,50.00114813,
ArranqueDesde25_0_CHasta50_0_C,PI ideal,672,671,50.00114206,
ArranqueDesde25_0_CHasta50_0_C,PI ideal,673,672,50.00113602,
ArranqueDesde25_0_CHasta50_0_C,PI ideal,674,673,50.00113002,
ArranqueDesde25_0_CHasta50_0_C,PI ideal,675,674,50.00112404,
ArranqueDesde25_0_CHasta50_0_C,PI ideal,676,675,50.0011181,
ArranqueDesde25_0_CHasta50_0_C,PI ideal,677,676,50.00111219,
ArranqueDesde25_0_CHasta50_0_C,PI ideal,678,677,50.00110631,
ArranqueDesde25_0_CHasta50_0_C,PI ideal,679,678,50.00110046,
ArranqueDesde25_0_CHasta50_0_C,PI ideal,680,679,50.00109464,
ArranqueDesde25_0_CHasta50_0_C,PI ideal,681,680,50.00108885,
ArranqueDesde25_0_CHasta50_0_C,PI ideal,682,681,50.0010831,
ArranqueDesde25_0_CHasta50_0_C,PI ideal,683,682,50.00107737,
ArranqueDesde25_0_CHasta50_0_C,PI ideal,684,683,50.00107167,
ArranqueDesde25_0_CHasta50_0_C,PI ideal,685,684,50.00106601,
ArranqueDesde25_0_CHasta50_0_C,PI ideal,686,685,50.00106037,
ArranqueDesde25_0_CHasta50_0_C,PI ideal,687,686,50.00105476,
ArranqueDesde25_0_CHasta50_0_C,PI ideal,688,687,50.00104919,
ArranqueDesde25_0_CHasta50_0_C,PI ideal,689,688,50.00104364,
ArranqueDesde25_0_CHasta50_0_C,PI ideal,690,689,50.00103812,
ArranqueDesde25_0_CHasta50_0_C,PI ideal,691,690,50.00103263,
ArranqueDesde25_0_CHasta50_0_C,PI ideal,692,691,50.00102717,
ArranqueDesde25_0_CHasta50_0_C,PI ideal,693,692,50.00102174,
ArranqueDesde25_0_CHasta50_0_C,PI ideal,694,693,50.00101634,
ArranqueDesde25_0_CHasta50_0_C,PI ideal,695,694,50.00101096,
ArranqueDesde25_0_CHasta50_0_C,PI ideal,696,695,50.00100562,
ArranqueDesde25_0_CHasta50_0_C,PI ideal,697,696,50.0010003,
ArranqueDesde25_0_CHasta50_0_C,PI ideal,698,697,50.00099501,
ArranqueDesde25_0_CHasta50_0_C,PI ideal,699,698,50.00098975,
ArranqueDesde25_0_CHasta50_0_C,PI ideal,700,699,50.00098452,
ArranqueDesde25_0_CHasta50_0_C,PI ideal,701,700,50.00097931,
ArranqueDesde25_0_CHasta50_0_C,PI ideal,702,701,50.00097413,
ArranqueDesde25_0_CHasta50_0_C,PI ideal,703,702,50.00096898,
ArranqueDesde25_0_CHasta50_0_C,PI ideal,704,703,50.00096386,
ArranqueDesde25_0_CHasta50_0_C,PI ideal,705,704,50.00095876,
ArranqueDesde25_0_CHasta50_0_C,PI ideal,706,705,50.00095369,
ArranqueDesde25_0_CHasta50_0_C,PI ideal,707,706,50.00094865,
ArranqueDesde25_0_CHasta50_0_C,PI ideal,708,707,50.00094363,
ArranqueDesde25_0_CHasta50_0_C,PI ideal,709,708,50.00093864,
ArranqueDesde25_0_CHasta50_0_C,PI ideal,710,709,50.00093368,
ArranqueDesde25_0_CHasta50_0_C,PI ideal,711,710,50.00092874,
ArranqueDesde25_0_CHasta50_0_C,PI ideal,712,711,50.00092383,
ArranqueDesde25_0_CHasta50_0_C,PI ideal,713,712,50.00091895,
ArranqueDesde25_0_CHasta50_0_C,PI ideal,714,713,50.00091409,
ArranqueDesde25_0_CHasta50_0_C,PI ideal,715,714,50.00090925,
ArranqueDesde25_0_CHasta50_0_C,PI ideal,716,715,50.00090444,
ArranqueDesde25_0_CHasta50_0_C,PI ideal,717,716,50.00089966,
ArranqueDesde25_0_CHasta50_0_C,PI ideal,718,717,50.0008949,
ArranqueDesde25_0_CHasta50_0_C,PI ideal,719,718,50.00089017,
ArranqueDesde25_0_CHasta50_0_C,PI ideal,720,719,50.00088546,
ArranqueDesde25_0_CHasta50_0_C,PI ideal,721,720,50.00088078,
ArranqueDesde25_0_CHasta50_0_C,PI ideal,722,721,50.00087612,
ArranqueDesde25_0_CHasta50_0_C,PI ideal,723,722,50.00087149,
ArranqueDesde25_0_CHasta50_0_C,PI ideal,724,723,50.00086688,
ArranqueDesde25_0_CHasta50_0_C,PI ideal,725,724,50.0008623,
ArranqueDesde25_0_CHasta50_0_C,PI ideal,726,725,50.00085774,
ArranqueDesde25_0_CHasta50_0_C,PI ideal,727,726,50.0008532,
ArranqueDesde25_0_CHasta50_0_C,PI ideal,728,727,50.00084869,
ArranqueDesde25_0_CHasta50_0_C,PI ideal,729,728,50.0008442,
ArranqueDesde25_0_CHasta50_0_C,PI ideal,730,729,50.00083974,
ArranqueDesde25_0_CHasta50_0_C,PI ideal,731,730,50.0008353,
ArranqueDesde25_0_CHasta50_0_C,PI ideal,732,731,50.00083088,
ArranqueDesde25_0_CHasta50_0_C,PI ideal,733,732,50.00082649,
ArranqueDesde25_0_CHasta50_0_C,PI ideal,734,733,50.00082212,
ArranqueDesde25_0_CHasta50_0_C,PI ideal,735,734,50.00081777,
ArranqueDesde25_0_CHasta50_0_C,PI ideal,736,735,50.00081344,
ArranqueDesde25_0_CHasta50_0_C,PI ideal,737,736,50.00080914,
ArranqueDesde25_0_CHasta50_0_C,PI ideal,738,737,50.00080486,
ArranqueDesde25_0_CHasta50_0_C,PI ideal,739,738,50.00080061,
ArranqueDesde25_0_CHasta50_0_C,PI ideal,740,739,50.00079637,
ArranqueDesde25_0_CHasta50_0_C,PI ideal,741,740,50.00079216,
ArranqueDesde25_0_CHasta50_0_C,PI ideal,742,741,50.00078797,
ArranqueDesde25_0_CHasta50_0_C,PI ideal,743,742,50.0007838,
ArranqueDesde25_0_CHasta50_0_C,PI ideal,744,743,50.00077966,
ArranqueDesde25_0_CHasta50_0_C,PI ideal,745,744,50.00077554,
ArranqueDesde25_0_CHasta50_0_C,PI ideal,746,745,50.00077143,
ArranqueDesde25_0_CHasta50_0_C,PI ideal,747,746,50.00076736,
ArranqueDesde25_0_CHasta50_0_C,PI ideal,748,747,50.0007633,
ArranqueDesde25_0_CHasta50_0_C,PI ideal,749,748,50.00075926,
ArranqueDesde25_0_CHasta50_0_C,PI ideal,750,749,50.00075525,
ArranqueDesde25_0_CHasta50_0_C,PI ideal,751,750,50.00075125,
ArranqueDesde25_0_CHasta50_0_C,PI ideal,752,751,50.00074728,
ArranqueDesde25_0_CHasta50_0_C,PI ideal,753,752,50.00074333,
ArranqueDesde25_0_CHasta50_0_C,PI ideal,754,753,50.00073939,
ArranqueDesde25_0_CHasta50_0_C,PI ideal,755,754,50.00073548,
ArranqueDesde25_0_CHasta50_0_C,PI ideal,756,755,50.0007316,
ArranqueDesde25_0_CHasta50_0_C,PI ideal,757,756,50.00072773,
ArranqueDesde25_0_CHasta50_0_C,PI ideal,758,757,50.00072388,
ArranqueDesde25_0_CHasta50_0_C,PI ideal,759,758,50.00072005,
ArranqueDesde25_0_CHasta50_0_C,PI ideal,760,759,50.00071624,
ArranqueDesde25_0_CHasta50_0_C,PI ideal,761,760,50.00071245,
ArranqueDesde25_0_CHasta50_0_C,PI ideal,762,761,50.00070869,
ArranqueDesde25_0_CHasta50_0_C,PI ideal,763,762,50.00070494,
ArranqueDesde25_0_CHasta50_0_C,PI ideal,764,763,50.00070121,
ArranqueDesde25_0_CHasta50_0_C,PI ideal,765,764,50.0006975,
ArranqueDesde25_0_CHasta50_0_C,PI ideal,766,765,50.00069381,
ArranqueDesde25_0_CHasta50_0_C,PI ideal,767,766,50.00069014,
ArranqueDesde25_0_CHasta50_0_C,PI ideal,768,767,50.00068649,
ArranqueDesde25_0_CHasta50_0_C,PI ideal,769,768,50.00068286,
ArranqueDesde25_0_CHasta50_0_C,PI ideal,770,769,50.00067925,
ArranqueDesde25_0_CHasta50_0_C,PI ideal,771,770,50.00067566,
ArranqueDesde25_0_CHasta50_0_C,PI ideal,772,771,50.00067209,
ArranqueDesde25_0_CHasta50_0_C,PI ideal,773,772,50.00066853,
ArranqueDesde25_0_CHasta50_0_C,PI ideal,774,773,50.000665,
ArranqueDesde25_0_CHasta50_0_C,PI ideal,775,774,50.00066148,
ArranqueDesde25_0_CHasta50_0_C,PI ideal,776,775,50.00065798,
ArranqueDesde25_0_CHasta50_0_C,PI ideal,777,776,50.0006545,
ArranqueDesde25_0_CHasta50_0_C,PI ideal,778,777,50.00065104,
ArranqueDesde25_0_CHasta50_0_C,PI ideal,779,778,50.0006476,
ArranqueDesde25_0_CHasta50_0_C,PI ideal,780,779,50.00064417,
ArranqueDesde25_0_CHasta50_0_C,PI ideal,781,780,50.00064076,
ArranqueDesde25_0_CHasta50_0_C,PI ideal,782,781,50.00063738,
ArranqueDesde25_0_CHasta50_0_C,PI ideal,783,782,50.00063401,
ArranqueDesde25_0_CHasta50_0_C,PI ideal,784,783,50.00063065,
ArranqueDesde25_0_CHasta50_0_C,PI ideal,785,784,50.00062732,
ArranqueDesde25_0_CHasta50_0_C,PI ideal,786,785,50.000624,
ArranqueDesde25_0_CHasta50_0_C,PI ideal,787,786,50.0006207,
ArranqueDesde25_0_CHasta50_0_C,PI ideal,788,787,50.00061742,
ArranqueDesde25_0_CHasta50_0_C,PI ideal,789,788,50.00061415,
ArranqueDesde25_0_CHasta50_0_C,PI ideal,790,789,50.0006109,
ArranqueDesde25_0_CHasta50_0_C,PI ideal,791,790,50.00060767,
ArranqueDesde25_0_CHasta50_0_C,PI ideal,792,791,50.00060446,
ArranqueDesde25_0_CHasta50_0_C,PI ideal,793,792,50.00060126,
ArranqueDesde25_0_CHasta50_0_C,PI ideal,794,793,50.00059808,
ArranqueDesde25_0_CHasta50_0_C,PI ideal,795,794,50.00059492,
ArranqueDesde25_0_CHasta50_0_C,PI ideal,796,795,50.00059177,
ArranqueDesde25_0_CHasta50_0_C,PI ideal,797,796,50.00058864,
ArranqueDesde25_0_CHasta50_0_C,PI ideal,798,797,50.00058553,
ArranqueDesde25_0_CHasta50_0_C,PI ideal,799,798,50.00058243,
ArranqueDesde25_0_CHasta50_0_C,PI ideal,800,799,50.00057935,
ArranqueDesde25_0_CHasta50_0_C,PI ideal,801,800,50.00057629,
ArranqueDesde25_0_CHasta50_0_C,PI ideal,802,801,50.00057324,
ArranqueDesde25_0_CHasta50_0_C,PI ideal,803,802,50.00057021,
ArranqueDesde25_0_CHasta50_0_C,PI ideal,804,803,50.00056719,
ArranqueDesde25_0_CHasta50_0_C,PI ideal,805,804,50.00056419,
ArranqueDesde25_0_CHasta50_0_C,PI ideal,806,805,50.00056121,
ArranqueDesde25_0_CHasta50_0_C,PI ideal,807,806,50.00055824,
ArranqueDesde25_0_CHasta50_0_C,PI ideal,808,807,50.00055529,
ArranqueDesde25_0_CHasta50_0_C,PI ideal,809,808,50.00055235,
ArranqueDesde25_0_CHasta50_0_C,PI ideal,810,809,50.00054943,
ArranqueDesde25_0_CHasta50_0_C,PI ideal,811,810,50.00054653,
ArranqueDesde25_0_CHasta50_0_C,PI ideal,812,811,50.00054364,
ArranqueDesde25_0_CHasta50_0_C,PI ideal,813,812,50.00054076,
ArranqueDesde25_0_CHasta50_0_C,PI ideal,814,813,50.0005379,
ArranqueDesde25_0_CHasta50_0_C,PI ideal,815,814,50.00053506,
ArranqueDesde25_0_CHasta50_0_C,PI ideal,816,815,50.00053223,
ArranqueDesde25_0_CHasta50_0_C,PI ideal,817,816,50.00052941,
ArranqueDesde25_0_CHasta50_0_C,PI ideal,818,817,50.00052661,
ArranqueDesde25_0_CHasta50_0_C,PI ideal,819,818,50.00052383,
ArranqueDesde25_0_CHasta50_0_C,PI ideal,820,819,50.00052106,
ArranqueDesde25_0_CHasta50_0_C,PI ideal,821,820,50.0005183,
ArranqueDesde25_0_CHasta50_0_C,PI ideal,822,821,50.00051556,
ArranqueDesde25_0_CHasta50_0_C,PI ideal,823,822,50.00051283,
ArranqueDesde25_0_CHasta50_0_C,PI ideal,824,823,50.00051012,
ArranqueDesde25_0_CHasta50_0_C,PI ideal,825,824,50.00050742,
ArranqueDesde25_0_CHasta50_0_C,PI ideal,826,825,50.00050474,
ArranqueDesde25_0_CHasta50_0_C,PI ideal,827,826,50.00050207,
ArranqueDesde25_0_CHasta50_0_C,PI ideal,828,827,50.00049941,
ArranqueDesde25_0_CHasta50_0_C,PI ideal,829,828,50.00049677,
ArranqueDesde25_0_CHasta50_0_C,PI ideal,830,829,50.00049415,
ArranqueDesde25_0_CHasta50_0_C,PI ideal,831,830,50.00049153,
ArranqueDesde25_0_CHasta50_0_C,PI ideal,832,831,50.00048893,
ArranqueDesde25_0_CHasta50_0_C,PI ideal,833,832,50.00048635,
ArranqueDesde25_0_CHasta50_0_C,PI ideal,834,833,50.00048377,
ArranqueDesde25_0_CHasta50_0_C,PI ideal,835,834,50.00048122,
ArranqueDesde25_0_CHasta50_0_C,PI ideal,836,835,50.00047867,
ArranqueDesde25_0_CHasta50_0_C,PI ideal,837,836,50.00047614,
ArranqueDesde25_0_CHasta50_0_C,PI ideal,838,837,50.00047362,
ArranqueDesde25_0_CHasta50_0_C,PI ideal,839,838,50.00047112,
ArranqueDesde25_0_CHasta50_0_C,PI ideal,840,839,50.00046862,
ArranqueDesde25_0_CHasta50_0_C,PI ideal,841,840,50.00046615,
ArranqueDesde25_0_CHasta50_0_C,PI ideal,842,841,50.00046368,
ArranqueDesde25_0_CHasta50_0_C,PI ideal,843,842,50.00046123,
ArranqueDesde25_0_CHasta50_0_C,PI ideal,844,843,50.00045879,
ArranqueDesde25_0_CHasta50_0_C,PI ideal,845,844,50.00045636,
ArranqueDesde25_0_CHasta50_0_C,PI ideal,846,845,50.00045395,
ArranqueDesde25_0_CHasta50_0_C,PI ideal,847,846,50.00045155,
ArranqueDesde25_0_CHasta50_0_C,PI ideal,848,847,50.00044916,
ArranqueDesde25_0_CHasta50_0_C,PI ideal,849,848,50.00044678,
ArranqueDesde25_0_CHasta50_0_C,PI ideal,850,849,50.00044442,
ArranqueDesde25_0_CHasta50_0_C,PI ideal,851,850,50.00044207,
ArranqueDesde25_0_CHasta50_0_C,PI ideal,852,851,50.00043973,
ArranqueDesde25_0_CHasta50_0_C,PI ideal,853,852,50.00043741,
ArranqueDesde25_0_CHasta50_0_C,PI ideal,854,853,50.00043509,
ArranqueDesde25_0_CHasta50_0_C,PI ideal,855,854,50.00043279,
ArranqueDesde25_0_CHasta50_0_C,PI ideal,856,855,50.0004305,
ArranqueDesde25_0_CHasta50_0_C,PI ideal,857,856,50.00042823,
ArranqueDesde25_0_CHasta50_0_C,PI ideal,858,857,50.00042596,
ArranqueDesde25_0_CHasta50_0_C,PI ideal,859,858,50.00042371,
ArranqueDesde25_0_CHasta50_0_C,PI ideal,860,859,50.00042147,
ArranqueDesde25_0_CHasta50_0_C,PI ideal,861,860,50.00041924,
ArranqueDesde25_0_CHasta50_0_C,PI ideal,862,861,50.00041702,
ArranqueDesde25_0_CHasta50_0_C,PI ideal,863,862,50.00041482,
ArranqueDesde25_0_CHasta50_0_C,PI ideal,864,863,50.00041262,
ArranqueDesde25_0_CHasta50_0_C,PI ideal,865,864,50.00041044,
ArranqueDesde25_0_CHasta50_0_C,PI ideal,866,865,50.00040827,
ArranqueDesde25_0_CHasta50_0_C,PI ideal,867,866,50.00040611,
ArranqueDesde25_0_CHasta50_0_C,PI ideal,868,867,50.00040396,
ArranqueDesde25_0_CHasta50_0_C,PI ideal,869,868,50.00040183,
ArranqueDesde25_0_CHasta50_0_C,PI ideal,870,869,50.0003997,
ArranqueDesde25_0_CHasta50_0_C,PI ideal,871,870,50.00039759,
ArranqueDesde25_0_CHasta50_0_C,PI ideal,872,871,50.00039549,
ArranqueDesde25_0_CHasta50_0_C,PI ideal,873,872,50.00039339,
ArranqueDesde25_0_CHasta50_0_C,PI ideal,874,873,50.00039131,
ArranqueDesde25_0_CHasta50_0_C,PI ideal,875,874,50.00038924,
ArranqueDesde25_0_CHasta50_0_C,PI ideal,876,875,50.00038718,
ArranqueDesde25_0_CHasta50_0_C,PI ideal,877,876,50.00038514,
ArranqueDesde25_0_CHasta50_0_C,PI ideal,878,877,50.0003831,
ArranqueDesde25_0_CHasta50_0_C,PI ideal,879,878,50.00038107,
ArranqueDesde25_0_CHasta50_0_C,PI ideal,880,879,50.00037906,
ArranqueDesde25_0_CHasta50_0_C,PI ideal,881,880,50.00037705,
ArranqueDesde25_0_CHasta50_0_C,PI ideal,882,881,50.00037506,
ArranqueDesde25_0_CHasta50_0_C,PI ideal,883,882,50.00037308,
ArranqueDesde25_0_CHasta50_0_C,PI ideal,884,883,50.0003711,
ArranqueDesde25_0_CHasta50_0_C,PI ideal,885,884,50.00036914,
ArranqueDesde25_0_CHasta50_0_C,PI ideal,886,885,50.00036719,
ArranqueDesde25_0_CHasta50_0_C,PI ideal,887,886,50.00036525,
ArranqueDesde25_0_CHasta50_0_C,PI ideal,888,887,50.00036331,
ArranqueDesde25_0_CHasta50_0_C,PI ideal,889,888,50.00036139,
ArranqueDesde25_0_CHasta50_0_C,PI ideal,890,889,50.00035948,
ArranqueDesde25_0_CHasta50_0_C,PI ideal,891,890,50.00035758,
ArranqueDesde25_0_CHasta50_0_C,PI ideal,892,891,50.00035569,
ArranqueDesde25_0_CHasta50_0_C,PI ideal,893,892,50.00035381,
ArranqueDesde25_0_CHasta50_0_C,PI ideal,894,893,50.00035194,
ArranqueDesde25_0_CHasta50_0_C,PI ideal,895,894,50.00035008,
ArranqueDesde25_0_CHasta50_0_C,PI ideal,896,895,50.00034822,
ArranqueDesde25_0_CHasta50_0_C,PI ideal,897,896,50.00034638,
ArranqueDesde25_0_CHasta50_0_C,PI ideal,898,897,50.00034455,
ArranqueDesde25_0_CHasta50_0_C,PI ideal,899,898,50.00034273,
ArranqueDesde25_0_CHasta50_0_C,PI ideal,900,899,50.00034092,
ArranqueDesde25_0_CHasta50_0_C,PI ideal,901,900,50.00033911,
ArranqueDesde25_0_CHasta50_0_C,PI ideal,902,901,50.00033732,
ArranqueDesde25_0_CHasta50_0_C,PI ideal,903,902,50.00033554,
ArranqueDesde25_0_CHasta50_0_C,PI ideal,904,903,50.00033376,
ArranqueDesde25_0_CHasta50_0_C,PI ideal,905,904,50.000332,
ArranqueDesde25_0_CHasta50_0_C,PI ideal,906,905,50.00033024,
ArranqueDesde25_0_CHasta50_0_C,PI ideal,907,906,50.00032849,
ArranqueDesde25_0_CHasta50_0_C,PI ideal,908,907,50.00032676,
ArranqueDesde25_0_CHasta50_0_C,PI ideal,909,908,50.00032503,
ArranqueDesde25_0_CHasta50_0_C,PI ideal,910,909,50.00032331,
ArranqueDesde25_0_CHasta50_0_C,PI ideal,911,910,50.0003216,
ArranqueDesde25_0_CHasta50_0_C,PI ideal,912,911,50.0003199,
ArranqueDesde25_0_CHasta50_0_C,PI ideal,913,912,50.00031821,
ArranqueDesde25_0_CHasta50_0_C,PI ideal,914,913,50.00031652,
ArranqueDesde25_0_CHasta50_0_C,PI ideal,915,914,50.00031485,
ArranqueDesde25_0_CHasta50_0_C,PI ideal,916,915,50.00031318,
ArranqueDesde25_0_CHasta50_0_C,PI ideal,917,916,50.00031153,
ArranqueDesde25_0_CHasta50_0_C,PI ideal,918,917,50.00030988,
ArranqueDesde25_0_CHasta50_0_C,PI ideal,919,918,50.00030824,
ArranqueDesde25_0_CHasta50_0_C,PI ideal,920,919,50.00030661,
ArranqueDesde25_0_CHasta50_0_C,PI ideal,921,920,50.00030499,
ArranqueDesde25_0_CHasta50_0_C,PI ideal,922,921,50.00030338,
ArranqueDesde25_0_CHasta50_0_C,PI ideal,923,922,50.00030177,
ArranqueDesde25_0_CHasta50_0_C,PI ideal,924,923,50.00030018,
ArranqueDesde25_0_CHasta50_0_C,PI ideal,925,924,50.00029859,
ArranqueDesde25_0_CHasta50_0_C,PI ideal,926,925,50.00029701,
ArranqueDesde25_0_CHasta50_0_C,PI ideal,927,926,50.00029544,
ArranqueDesde25_0_CHasta50_0_C,PI ideal,928,927,50.00029388,
ArranqueDesde25_0_CHasta50_0_C,PI ideal,929,928,50.00029232,
ArranqueDesde25_0_CHasta50_0_C,PI ideal,930,929,50.00029078,
ArranqueDesde25_0_CHasta50_0_C,PI ideal,931,930,50.00028924,
ArranqueDesde25_0_CHasta50_0_C,PI ideal,932,931,50.00028771,
ArranqueDesde25_0_CHasta50_0_C,PI ideal,933,932,50.00028619,
ArranqueDesde25_0_CHasta50_0_C,PI ideal,934,933,50.00028467,
ArranqueDesde25_0_CHasta50_0_C,PI ideal,935,934,50.00028317,
ArranqueDesde25_0_CHasta50_0_C,PI ideal,936,935,50.00028167,
ArranqueDesde25_0_CHasta50_0_C,PI ideal,937,936,50.00028018,
ArranqueDesde25_0_CHasta50_0_C,PI ideal,938,937,50.0002787,
ArranqueDesde25_0_CHasta50_0_C,PI ideal,939,938,50.00027722,
ArranqueDesde25_0_CHasta50_0_C,PI ideal,940,939,50.00027576,
ArranqueDesde25_0_CHasta50_0_C,PI ideal,941,940,50.0002743,
ArranqueDesde25_0_CHasta50_0_C,PI ideal,942,941,50.00027285,
ArranqueDesde25_0_CHasta50_0_C,PI ideal,943,942,50.00027141,
ArranqueDesde25_0_CHasta50_0_C,PI ideal,944,943,50.00026997,
ArranqueDesde25_0_CHasta50_0_C,PI ideal,945,944,50.00026854,
ArranqueDesde25_0_CHasta50_0_C,PI ideal,946,945,50.00026712,
ArranqueDesde25_0_CHasta50_0_C,PI ideal,947,946,50.00026571,
ArranqueDesde25_0_CHasta50_0_C,PI ideal,948,947,50.0002643,
ArranqueDesde25_0_CHasta50_0_C,PI ideal,949,948,50.00026291,
ArranqueDesde25_0_CHasta50_0_C,PI ideal,950,949,50.00026152,
ArranqueDesde25_0_CHasta50_0_C,PI ideal,951,950,50.00026013,
ArranqueDesde25_0_CHasta50_0_C,PI ideal,952,951,50.00025876,
ArranqueDesde25_0_CHasta50_0_C,PI ideal,953,952,50.00025739,
ArranqueDesde25_0_CHasta50_0_C,PI ideal,954,953,50.00025603,
ArranqueDesde25_0_CHasta50_0_C,PI ideal,955,954,50.00025467,
ArranqueDesde25_0_CHasta50_0_C,PI ideal,956,955,50.00025333,
ArranqueDesde25_0_CHasta50_0_C,PI ideal,957,956,50.00025199,
ArranqueDesde25_0_CHasta50_0_C,PI ideal,958,957,50.00025065,
ArranqueDesde25_0_CHasta50_0_C,PI ideal,959,958,50.00024933,
ArranqueDesde25_0_CHasta50_0_C,PI ideal,960,959,50.00024801,
ArranqueDesde25_0_CHasta50_0_C,PI ideal,961,960,50.0002467,
ArranqueDesde25_0_CHasta50_0_C,PI ideal,962,961,50.00024539,
ArranqueDesde25_0_CHasta50_0_C,PI ideal,963,962,50.0002441,
ArranqueDesde25_0_CHasta50_0_C,PI ideal,964,963,50.0002428,
ArranqueDesde25_0_CHasta50_0_C,PI ideal,965,964,50.00024152,
ArranqueDesde25_0_CHasta50_0_C,PI ideal,966,965,50.00024024,
ArranqueDesde25_0_CHasta50_0_C,PI ideal,967,966,50.00023897,
ArranqueDesde25_0_CHasta50_0_C,PI ideal,968,967,50.00023771,
ArranqueDesde25_0_CHasta50_0_C,PI ideal,969,968,50.00023645,
ArranqueDesde25_0_CHasta50_0_C,PI ideal,970,969,50.0002352,
ArranqueDesde25_0_CHasta50_0_C,PI ideal,971,970,50.00023396,
ArranqueDesde25_0_CHasta50_0_C,PI ideal,972,971,50.00023272,
ArranqueDesde25_0_CHasta50_0_C,PI ideal,973,972,50.00023149,
ArranqueDesde25_0_CHasta50_0_C,PI ideal,974,973,50.00023026,
ArranqueDesde25_0_CHasta50_0_C,PI ideal,975,974,50.00022905,
ArranqueDesde25_0_CHasta50_0_C,PI ideal,976,975,50.00022784,
ArranqueDesde25_0_CHasta50_0_C,PI ideal,977,976,50.00022663,
ArranqueDesde25_0_CHasta50_0_C,PI ideal,978,977,50.00022543,
ArranqueDesde25_0_CHasta50_0_C,PI ideal,979,978,50.00022424,
ArranqueDesde25_0_CHasta50_0_C,PI ideal,980,979,50.00022305,
ArranqueDesde25_0_CHasta50_0_C,PI ideal,981,980,50.00022187,
ArranqueDesde25_0_CHasta50_0_C,PI ideal,982,981,50.0002207,
ArranqueDesde25_0_CHasta50_0_C,PI ideal,983,982,50.00021953,
ArranqueDesde25_0_CHasta50_0_C,PI ideal,984,983,50.00021837,
ArranqueDesde25_0_CHasta50_0_C,PI ideal,985,984,50.00021722,
ArranqueDesde25_0_CHasta50_0_C,PI ideal,986,985,50.00021607,
ArranqueDesde25_0_CHasta50_0_C,PI ideal,987,986,50.00021493,
ArranqueDesde25_0_CHasta50_0_C,PI ideal,988,987,50.00021379,
ArranqueDesde25_0_CHasta50_0_C,PI ideal,989,988,50.00021266,
ArranqueDesde25_0_CHasta50_0_C,PI ideal,990,989,50.00021153,
ArranqueDesde25_0_CHasta50_0_C,PI ideal,991,990,50.00021042,
ArranqueDesde25_0_CHasta50_0_C,PI ideal,992,991,50.0002093,
ArranqueDesde25_0_CHasta50_0_C,PI ideal,993,992,50.0002082,
ArranqueDesde25_0_CHasta50_0_C,PI ideal,994,993,50.00020709,
ArranqueDesde25_0_CHasta50_0_C,PI ideal,995,994,50.000206,
ArranqueDesde25_0_CHasta50_0_C,PI ideal,996,995,50.00020491,
ArranqueDesde25_0_CHasta50_0_C,PI ideal,997,996,50.00020383,
ArranqueDesde25_0_CHasta50_0_C,PI ideal,998,997,50.00020275,
ArranqueDesde25_0_CHasta50_0_C,PI ideal,999,998,50.00020168,
ArranqueDesde25_0_CHasta50_0_C,PI ideal,1000,999,50.00020061,
ArranqueDesde25_0_CHasta50_0_C,PI ideal,1001,1000,50.00019955,
ArranqueDesde25_0_CHasta50_0_C,PI ideal,1002,1001,50.00019849,
ArranqueDesde25_0_CHasta50_0_C,PI ideal,1003,1002,50.00019744,
ArranqueDesde25_0_CHasta50_0_C,PI ideal,1004,1003,50.0001964,
ArranqueDesde25_0_CHasta50_0_C,PI ideal,1005,1004,50.00019536,
ArranqueDesde25_0_CHasta50_0_C,PI ideal,1006,1005,50.00019433,
ArranqueDesde25_0_CHasta50_0_C,PI ideal,1007,1006,50.0001933,
ArranqueDesde25_0_CHasta50_0_C,PI ideal,1008,1007,50.00019228,
ArranqueDesde25_0_CHasta50_0_C,PI ideal,1009,1008,50.00019126,
ArranqueDesde25_0_CHasta50_0_C,PI ideal,1010,1009,50.00019025,
ArranqueDesde25_0_CHasta50_0_C,PI ideal,1011,1010,50.00018924,
ArranqueDesde25_0_CHasta50_0_C,PI ideal,1012,1011,50.00018824,
ArranqueDesde25_0_CHasta50_0_C,PI ideal,1013,1012,50.00018725,
ArranqueDesde25_0_CHasta50_0_C,PI ideal,1014,1013,50.00018626,
ArranqueDesde25_0_CHasta50_0_C,PI ideal,1015,1014,50.00018527,
ArranqueDesde25_0_CHasta50_0_C,PI ideal,1016,1015,50.00018429,
ArranqueDesde25_0_CHasta50_0_C,PI ideal,1017,1016,50.00018332,
ArranqueDesde25_0_CHasta50_0_C,PI ideal,1018,1017,50.00018235,
ArranqueDesde25_0_CHasta50_0_C,PI ideal,1019,1018,50.00018138,
ArranqueDesde25_0_CHasta50_0_C,PI ideal,1020,1019,50.00018042,
ArranqueDesde25_0_CHasta50_0_C,PI ideal,1021,1020,50.00017947,
ArranqueDesde25_0_CHasta50_0_C,PI ideal,1022,1021,50.00017852,
ArranqueDesde25_0_CHasta50_0_C,PI ideal,1023,1022,50.00017757,
ArranqueDesde25_0_CHasta50_0_C,PI ideal,1024,1023,50.00017664,
ArranqueDesde25_0_CHasta50_0_C,PI ideal,1025,1024,50.0001757,
ArranqueDesde25_0_CHasta50_0_C,PI ideal,1026,1025,50.00017477,
ArranqueDesde25_0_CHasta50_0_C,PI ideal,1027,1026,50.00017385,
ArranqueDesde25_0_CHasta50_0_C,PI ideal,1028,1027,50.00017293,
ArranqueDesde25_0_CHasta50_0_C,PI ideal,1029,1028,50.00017201,
ArranqueDesde25_0_CHasta50_0_C,PI ideal,1030,1029,50.0001711,
ArranqueDesde25_0_CHasta50_0_C,PI ideal,1031,1030,50.0001702,
ArranqueDesde25_0_CHasta50_0_C,PI ideal,1032,1031,50.0001693,
ArranqueDesde25_0_CHasta50_0_C,PI ideal,1033,1032,50.0001684,
ArranqueDesde25_0_CHasta50_0_C,PI ideal,1034,1033,50.00016751,
ArranqueDesde25_0_CHasta50_0_C,PI ideal,1035,1034,50.00016663,
ArranqueDesde25_0_CHasta50_0_C,PI ideal,1036,1035,50.00016575,
ArranqueDesde25_0_CHasta50_0_C,PI ideal,1037,1036,50.00016487,
ArranqueDesde25_0_CHasta50_0_C,PI ideal,1038,1037,50.000164,
ArranqueDesde25_0_CHasta50_0_C,PI ideal,1039,1038,50.00016313,
ArranqueDesde25_0_CHasta50_0_C,PI ideal,1040,1039,50.00016227,
ArranqueDesde25_0_CHasta50_0_C,PI ideal,1041,1040,50.00016141,
ArranqueDesde25_0_CHasta50_0_C,PI ideal,1042,1041,50.00016056,
ArranqueDesde25_0_CHasta50_0_C,PI ideal,1043,1042,50.00015971,
ArranqueDesde25_0_CHasta50_0_C,PI ideal,1044,1043,50.00015886,
ArranqueDesde25_0_CHasta50_0_C,PI ideal,1045,1044,50.00015802,
ArranqueDesde25_0_CHasta50_0_C,PI ideal,1046,1045,50.00015719,
ArranqueDesde25_0_CHasta50_0_C,PI ideal,1047,1046,50.00015635,
ArranqueDesde25_0_CHasta50_0_C,PI ideal,1048,1047,50.00015553,
ArranqueDesde25_0_CHasta50_0_C,PI ideal,1049,1048,50.00015471,
ArranqueDesde25_0_CHasta50_0_C,PI ideal,1050,1049,50.00015389,
ArranqueDesde25_0_CHasta50_0_C,PI ideal,1051,1050,50.00015307,
ArranqueDesde25_0_CHasta50_0_C,PI ideal,1052,1051,50.00015226,
ArranqueDesde25_0_CHasta50_0_C,PI ideal,1053,1052,50.00015146,
ArranqueDesde25_0_CHasta50_0_C,PI ideal,1054,1053,50.00015066,
ArranqueDesde25_0_CHasta50_0_C,PI ideal,1055,1054,50.00014986,
ArranqueDesde25_0_CHasta50_0_C,PI ideal,1056,1055,50.00014907,
ArranqueDesde25_0_CHasta50_0_C,PI ideal,1057,1056,50.00014828,
ArranqueDesde25_0_CHasta50_0_C,PI ideal,1058,1057,50.0001475,
ArranqueDesde25_0_CHasta50_0_C,PI ideal,1059,1058,50.00014672,
ArranqueDesde25_0_CHasta50_0_C,PI ideal,1060,1059,50.00014594,
ArranqueDesde25_0_CHasta50_0_C,PI ideal,1061,1060,50.00014517,
ArranqueDesde25_0_CHasta50_0_C,PI ideal,1062,1061,50.0001444,
ArranqueDesde25_0_CHasta50_0_C,PI ideal,1063,1062,50.00014364,
ArranqueDesde25_0_CHasta50_0_C,PI ideal,1064,1063,50.00014288,
ArranqueDesde25_0_CHasta50_0_C,PI ideal,1065,1064,50.00014212,
ArranqueDesde25_0_CHasta50_0_C,PI ideal,1066,1065,50.00014137,
ArranqueDesde25_0_CHasta50_0_C,PI ideal,1067,1066,50.00014062,
ArranqueDesde25_0_CHasta50_0_C,PI ideal,1068,1067,50.00013988,
ArranqueDesde25_0_CHasta50_0_C,PI ideal,1069,1068,50.00013914,
ArranqueDesde25_0_CHasta50_0_C,PI ideal,1070,1069,50.0001384,
ArranqueDesde25_0_CHasta50_0_C,PI ideal,1071,1070,50.00013767,
ArranqueDesde25_0_CHasta50_0_C,PI ideal,1072,1071,50.00013694,
ArranqueDesde25_0_CHasta50_0_C,PI ideal,1073,1072,50.00013622,
ArranqueDesde25_0_CHasta50_0_C,PI ideal,1074,1073,50.0001355,
ArranqueDesde25_0_CHasta50_0_C,PI ideal,1075,1074,50.00013478,
ArranqueDesde25_0_CHasta50_0_C,PI ideal,1076,1075,50.00013407,
ArranqueDesde25_0_CHasta50_0_C,PI ideal,1077,1076,50.00013336,
ArranqueDesde25_0_CHasta50_0_C,PI ideal,1078,1077,50.00013265,
ArranqueDesde25_0_CHasta50_0_C,PI ideal,1079,1078,50.00013195,
ArranqueDesde25_0_CHasta50_0_C,PI ideal,1080,1079,50.00013125,
ArranqueDesde25_0_CHasta50_0_C,PI ideal,1081,1080,50.00013056,
ArranqueDesde25_0_CHasta50_0_C,PI ideal,1082,1081,50.00012987,
ArranqueDesde25_0_CHasta50_0_C,PI ideal,1083,1082,50.00012918,
ArranqueDesde25_0_CHasta50_0_C,PI ideal,1084,1083,50.0001285,
ArranqueDesde25_0_CHasta50_0_C,PI ideal,1085,1084,50.00012782,
ArranqueDesde25_0_CHasta50_0_C,PI ideal,1086,1085,50.00012714,
ArranqueDesde25_0_CHasta50_0_C,PI ideal,1087,1086,50.00012647,
ArranqueDesde25_0_CHasta50_0_C,PI ideal,1088,1087,50.0001258,
ArranqueDesde25_0_CHasta50_0_C,PI ideal,1089,1088,50.00012514,
ArranqueDesde25_0_CHasta50_0_C,PI ideal,1090,1089,50.00012448,
ArranqueDesde25_0_CHasta50_0_C,PI ideal,1091,1090,50.00012382,
ArranqueDesde25_0_CHasta50_0_C,PI ideal,1092,1091,50.00012316,
ArranqueDesde25_0_CHasta50_0_C,PI ideal,1093,1092,50.00012251,
ArranqueDesde25_0_CHasta50_0_C,PI ideal,1094,1093,50.00012186,
ArranqueDesde25_0_CHasta50_0_C,PI ideal,1095,1094,50.00012122,
ArranqueDesde25_0_CHasta50_0_C,PI ideal,1096,1095,50.00012058,
ArranqueDesde25_0_CHasta50_0_C,PI ideal,1097,1096,50.00011994,
ArranqueDesde25_0_CHasta50_0_C,PI ideal,1098,1097,50.00011931,
ArranqueDesde25_0_CHasta50_0_C,PI ideal,1099,1098,50.00011867,
ArranqueDesde25_0_CHasta50_0_C,PI ideal,1100,1099,50.00011805,
ArranqueDesde25_0_CHasta50_0_C,PI ideal,1101,1100,50.00011742,
ArranqueDesde25_0_CHasta50_0_C,PI ideal,1102,1101,50.0001168,
ArranqueDesde25_0_CHasta50_0_C,PI ideal,1103,1102,50.00011618,
ArranqueDesde25_0_CHasta50_0_C,PI ideal,1104,1103,50.00011557,
ArranqueDesde25_0_CHasta50_0_C,PI ideal,1105,1104,50.00011496,
ArranqueDesde25_0_CHasta50_0_C,PI ideal,1106,1105,50.00011435,
ArranqueDesde25_0_CHasta50_0_C,PI ideal,1107,1106,50.00011374,
ArranqueDesde25_0_CHasta50_0_C,PI ideal,1108,1107,50.00011314,
ArranqueDesde25_0_CHasta50_0_C,PI ideal,1109,1108,50.00011254,
ArranqueDesde25_0_CHasta50_0_C,PI ideal,1110,1109,50.00011195,
ArranqueDesde25_0_CHasta50_0_C,PI ideal,1111,1110,50.00011136,
ArranqueDesde25_0_CHasta50_0_C,PI ideal,1112,1111,50.00011077,
ArranqueDesde25_0_CHasta50_0_C,PI ideal,1113,1112,50.00011018,
ArranqueDesde25_0_CHasta50_0_C,PI ideal,1114,1113,50.0001096,
ArranqueDesde25_0_CHasta50_0_C,PI ideal,1115,1114,50.00010902,
ArranqueDesde25_0_CHasta50_0_C,PI ideal,1116,1115,50.00010844,
ArranqueDesde25_0_CHasta50_0_C,PI ideal,1117,1116,50.00010787,
ArranqueDesde25_0_CHasta50_0_C,PI ideal,1118,1117,50.0001073,
ArranqueDesde25_0_CHasta50_0_C,PI ideal,1119,1118,50.00010673,
ArranqueDesde25_0_CHasta50_0_C,PI ideal,1120,1119,50.00010617,
ArranqueDesde25_0_CHasta50_0_C,PI ideal,1121,1120,50.00010561,
ArranqueDesde25_0_CHasta50_0_C,PI ideal,1122,1121,50.00010505,
ArranqueDesde25_0_CHasta50_0_C,PI ideal,1123,1122,50.00010449,
ArranqueDesde25_0_CHasta50_0_C,PI ideal,1124,1123,50.00010394,
ArranqueDesde25_0_CHasta50_0_C,PI ideal,1125,1124,50.00010339,
ArranqueDesde25_0_CHasta50_0_C,PI ideal,1126,1125,50.00010284,
ArranqueDesde25_0_CHasta50_0_C,PI ideal,1127,1126,50.0001023,
ArranqueDesde25_0_CHasta50_0_C,PI ideal,1128,1127,50.00010176,
ArranqueDesde25_0_CHasta50_0_C,PI ideal,1129,1128,50.00010122,
ArranqueDesde25_0_CHasta50_0_C,PI ideal,1130,1129,50.00010068,
ArranqueDesde25_0_CHasta50_0_C,PI ideal,1131,1130,50.00010015,
ArranqueDesde25_0_CHasta50_0_C,PI ideal,1132,1131,50.00009962,
ArranqueDesde25_0_CHasta50_0_C,PI ideal,1133,1132,50.0000991,
ArranqueDesde25_0_CHasta50_0_C,PI ideal,1134,1133,50.00009857,
ArranqueDesde25_0_CHasta50_0_C,PI ideal,1135,1134,50.00009805,
ArranqueDesde25_0_CHasta50_0_C,PI ideal,1136,1135,50.00009753,
ArranqueDesde25_0_CHasta50_0_C,PI ideal,1137,1136,50.00009702,
ArranqueDesde25_0_CHasta50_0_C,PI ideal,1138,1137,50.0000965,
ArranqueDesde25_0_CHasta50_0_C,PI ideal,1139,1138,50.00009599,
ArranqueDesde25_0_CHasta50_0_C,PI ideal,1140,1139,50.00009548,
ArranqueDesde25_0_CHasta50_0_C,PI ideal,1141,1140,50.00009498,
ArranqueDesde25_0_CHasta50_0_C,PI ideal,1142,1141,50.00009448,
ArranqueDesde25_0_CHasta50_0_C,PI ideal,1143,1142,50.00009398,
ArranqueDesde25_0_CHasta50_0_C,PI ideal,1144,1143,50.00009348,
ArranqueDesde25_0_CHasta50_0_C,PI ideal,1145,1144,50.00009299,
ArranqueDesde25_0_CHasta50_0_C,PI ideal,1146,1145,50.00009249,
ArranqueDesde25_0_CHasta50_0_C,PI ideal,1147,1146,50.00009201,
ArranqueDesde25_0_CHasta50_0_C,PI ideal,1148,1147,50.00009152,
ArranqueDesde25_0_CHasta50_0_C,PI ideal,1149,1148,50.00009103,
ArranqueDesde25_0_CHasta50_0_C,PI ideal,1150,1149,50.00009055,
ArranqueDesde25_0_CHasta50_0_C,PI ideal,1151,1150,50.00009007,
ArranqueDesde25_0_CHasta50_0_C,PI ideal,1152,1151,50.0000896,
ArranqueDesde25_0_CHasta50_0_C,PI ideal,1153,1152,50.00008912,
ArranqueDesde25_0_CHasta50_0_C,PI ideal,1154,1153,50.00008865,
ArranqueDesde25_0_CHasta50_0_C,PI ideal,1155,1154,50.00008818,
ArranqueDesde25_0_CHasta50_0_C,PI ideal,1156,1155,50.00008772,
ArranqueDesde25_0_CHasta50_0_C,PI ideal,1157,1156,50.00008725,
ArranqueDesde25_0_CHasta50_0_C,PI ideal,1158,1157,50.00008679,
ArranqueDesde25_0_CHasta50_0_C,PI ideal,1159,1158,50.00008633,
ArranqueDesde25_0_CHasta50_0_C,PI ideal,1160,1159,50.00008588,
ArranqueDesde25_0_CHasta50_0_C,PI ideal,1161,1160,50.00008542,
ArranqueDesde25_0_CHasta50_0_C,PI ideal,1162,1161,50.00008497,
ArranqueDesde25_0_CHasta50_0_C,PI ideal,1163,1162,50.00008452,
ArranqueDesde25_0_CHasta50_0_C,PI ideal,1164,1163,50.00008407,
ArranqueDesde25_0_CHasta50_0_C,PI ideal,1165,1164,50.00008363,
ArranqueDesde25_0_CHasta50_0_C,PI ideal,1166,1165,50.00008319,
ArranqueDesde25_0_CHasta50_0_C,PI ideal,1167,1166,50.00008275,
ArranqueDesde25_0_CHasta50_0_C,PI ideal,1168,1167,50.00008231,
ArranqueDesde25_0_CHasta50_0_C,PI ideal,1169,1168,50.00008187,
ArranqueDesde25_0_CHasta50_0_C,PI ideal,1170,1169,50.00008144,
ArranqueDesde25_0_CHasta50_0_C,PI ideal,1171,1170,50.00008101,
ArranqueDesde25_0_CHasta50_0_C,PI ideal,1172,1171,50.00008058,
ArranqueDesde25_0_CHasta50_0_C,PI ideal,1173,1172,50.00008016,
ArranqueDesde25_0_CHasta50_0_C,PI ideal,1174,1173,50.00007973,
ArranqueDesde25_0_CHasta50_0_C,PI ideal,1175,1174,50.00007931,
ArranqueDesde25_0_CHasta50_0_C,PI ideal,1176,1175,50.00007889,
ArranqueDesde25_0_CHasta50_0_C,PI ideal,1177,1176,50.00007847,
ArranqueDesde25_0_CHasta50_0_C,PI ideal,1178,1177,50.00007806,
ArranqueDesde25_0_CHasta50_0_C,PI ideal,1179,1178,50.00007765,
ArranqueDesde25_0_CHasta50_0_C,PI ideal,1180,1179,50.00007724,
ArranqueDesde25_0_CHasta50_0_C,PI ideal,1181,1180,50.00007683,
ArranqueDesde25_0_CHasta50_0_C,PI ideal,1182,1181,50.00007642,
ArranqueDesde25_0_CHasta50_0_C,PI ideal,1183,1182,50.00007602,
ArranqueDesde25_0_CHasta50_0_C,PI ideal,1184,1183,50.00007561,
ArranqueDesde25_0_CHasta50_0_C,PI ideal,1185,1184,50.00007521,
ArranqueDesde25_0_CHasta50_0_C,PI ideal,1186,1185,50.00007482,
ArranqueDesde25_0_CHasta50_0_C,PI ideal,1187,1186,50.00007442,
ArranqueDesde25_0_CHasta50_0_C,PI ideal,1188,1187,50.00007403,
ArranqueDesde25_0_CHasta50_0_C,PI ideal,1189,1188,50.00007364,
ArranqueDesde25_0_CHasta50_0_C,PI ideal,1190,1189,50.00007325,
ArranqueDesde25_0_CHasta50_0_C,PI ideal,1191,1190,50.00007286,
ArranqueDesde25_0_CHasta50_0_C,PI ideal,1192,1191,50.00007247,
ArranqueDesde25_0_CHasta50_0_C,PI ideal,1193,1192,50.00007209,
ArranqueDesde25_0_CHasta50_0_C,PI ideal,1194,1193,50.00007171,
ArranqueDesde25_0_CHasta50_0_C,PI ideal,1195,1194,50.00007133,
ArranqueDesde25_0_CHasta50_0_C,PI ideal,1196,1195,50.00007095,
ArranqueDesde25_0_CHasta50_0_C,PI ideal,1197,1196,50.00007058,
ArranqueDesde25_0_CHasta50_0_C,PI ideal,1198,1197,50.0000702,
ArranqueDesde25_0_CHasta50_0_C,PI ideal,1199,1198,50.00006983,
ArranqueDesde25_0_CHasta50_0_C,PI ideal,1200,1199,50.00006946,
ArranqueDesde25_0_CHasta50_0_C,PI ideal,1201,1200,50.0000691,
ArranqueDesde25_0_CHasta50_0_C,PI ideal,1202,1201,50.00006873,
ArranqueDesde25_0_CHasta50_0_C,PI ideal,1203,1202,50.00006837,
ArranqueDesde25_0_CHasta50_0_C,PI ideal,1204,1203,50.00006801,
ArranqueDesde25_0_CHasta50_0_C,PI ideal,1205,1204,50.00006765,
ArranqueDesde25_0_CHasta50_0_C,PI ideal,1206,1205,50.00006729,
ArranqueDesde25_0_CHasta50_0_C,PI ideal,1207,1206,50.00006693,
ArranqueDesde25_0_CHasta50_0_C,PI ideal,1208,1207,50.00006658,
ArranqueDesde25_0_CHasta50_0_C,PI ideal,1209,1208,50.00006623,
ArranqueDesde25_0_CHasta50_0_C,PI ideal,1210,1209,50.00006588,
ArranqueDesde25_0_CHasta50_0_C,PI ideal,1211,1210,50.00006553,
ArranqueDesde25_0_CHasta50_0_C,PI ideal,1212,1211,50.00006518,
ArranqueDesde25_0_CHasta50_0_C,PI ideal,1213,1212,50.00006484,
ArranqueDesde25_0_CHasta50_0_C,PI ideal,1214,1213,50.00006449,
ArranqueDesde25_0_CHasta50_0_C,PI ideal,1215,1214,50.00006415,
ArranqueDesde25_0_CHasta50_0_C,PI ideal,1216,1215,50.00006381,
ArranqueDesde25_0_CHasta50_0_C,PI ideal,1217,1216,50.00006348,
ArranqueDesde25_0_CHasta50_0_C,PI ideal,1218,1217,50.00006314,
ArranqueDesde25_0_CHasta50_0_C,PI ideal,1219,1218,50.00006281,
ArranqueDesde25_0_CHasta50_0_C,PI ideal,1220,1219,50.00006247,
ArranqueDesde25_0_CHasta50_0_C,PI ideal,1221,1220,50.00006214,
ArranqueDesde25_0_CHasta50_0_C,PI ideal,1222,1221,50.00006181,
ArranqueDesde25_0_CHasta50_0_C,PI ideal,1223,1222,50.00006149,
ArranqueDesde25_0_CHasta50_0_C,PI ideal,1224,1223,50.00006116,
ArranqueDesde25_0_CHasta50_0_C,PI ideal,1225,1224,50.00006084,
ArranqueDesde25_0_CHasta50_0_C,PI ideal,1226,1225,50.00006052,
ArranqueDesde25_0_CHasta50_0_C,PI ideal,1227,1226,50.0000602,
ArranqueDesde25_0_CHasta50_0_C,PI ideal,1228,1227,50.00005988,
ArranqueDesde25_0_CHasta50_0_C,PI ideal,1229,1228,50.00005956,
ArranqueDesde25_0_CHasta50_0_C,PI ideal,1230,1229,50.00005925,
ArranqueDesde25_0_CHasta50_0_C,PI ideal,1231,1230,50.00005893,
ArranqueDesde25_0_CHasta50_0_C,PI ideal,1232,1231,50.00005862,
ArranqueDesde25_0_CHasta50_0_C,PI ideal,1233,1232,50.00005831,
ArranqueDesde25_0_CHasta50_0_C,PI ideal,1234,1233,50.000058,
ArranqueDesde25_0_CHasta50_0_C,PI ideal,1235,1234,50.0000577,
ArranqueDesde25_0_CHasta50_0_C,PI ideal,1236,1235,50.00005739,
ArranqueDesde25_0_CHasta50_0_C,PI ideal,1237,1236,50.00005709,
ArranqueDesde25_0_CHasta50_0_C,PI ideal,1238,1237,50.00005679,
ArranqueDesde25_0_CHasta50_0_C,PI ideal,1239,1238,50.00005649,
ArranqueDesde25_0_CHasta50_0_C,PI ideal,1240,1239,50.00005619,
ArranqueDesde25_0_CHasta50_0_C,PI ideal,1241,1240,50.00005589,
ArranqueDesde25_0_CHasta50_0_C,PI ideal,1242,1241,50.00005559,
ArranqueDesde25_0_CHasta50_0_C,PI ideal,1243,1242,50.0000553,
ArranqueDesde25_0_CHasta50_0_C,PI ideal,1244,1243,50.00005501,
ArranqueDesde25_0_CHasta50_0_C,PI ideal,1245,1244,50.00005472,
ArranqueDesde25_0_CHasta50_0_C,PI ideal,1246,1245,50.00005443,
ArranqueDesde25_0_CHasta50_0_C,PI ideal,1247,1246,50.00005414,
ArranqueDesde25_0_CHasta50_0_C,PI ideal,1248,1247,50.00005385,
ArranqueDesde25_0_CHasta50_0_C,PI ideal,1249,1248,50.00005357,
ArranqueDesde25_0_CHasta50_0_C,PI ideal,1250,1249,50.00005329,
ArranqueDesde25_0_CHasta50_0_C,PI ideal,1251,1250,50.000053,
ArranqueDesde25_0_CHasta50_0_C,PI ideal,1252,1251,50.00005272,
ArranqueDesde25_0_CHasta50_0_C,PI ideal,1253,1252,50.00005244,
ArranqueDesde25_0_CHasta50_0_C,PI ideal,1254,1253,50.00005217,
ArranqueDesde25_0_CHasta50_0_C,PI ideal,1255,1254,50.00005189,
ArranqueDesde25_0_CHasta50_0_C,PI ideal,1256,1255,50.00005162,
ArranqueDesde25_0_CHasta50_0_C,PI ideal,1257,1256,50.00005134,
ArranqueDesde25_0_CHasta50_0_C,PI ideal,1258,1257,50.00005107,
ArranqueDesde25_0_CHasta50_0_C,PI ideal,1259,1258,50.0000508,
ArranqueDesde25_0_CHasta50_0_C,PI ideal,1260,1259,50.00005053,
ArranqueDesde25_0_CHasta50_0_C,PI ideal,1261,1260,50.00005027,
ArranqueDesde25_0_CHasta50_0_C,PI ideal,1262,1261,50.00005,
ArranqueDesde25_0_CHasta50_0_C,PI ideal,1263,1262,50.00004974,
ArranqueDesde25_0_CHasta50_0_C,PI ideal,1264,1263,50.00004947,
ArranqueDesde25_0_CHasta50_0_C,PI ideal,1265,1264,50.00004921,
ArranqueDesde25_0_CHasta50_0_C,PI ideal,1266,1265,50.00004895,
ArranqueDesde25_0_CHasta50_0_C,PI ideal,1267,1266,50.00004869,
ArranqueDesde25_0_CHasta50_0_C,PI ideal,1268,1267,50.00004843,
ArranqueDesde25_0_CHasta50_0_C,PI ideal,1269,1268,50.00004818,
ArranqueDesde25_0_CHasta50_0_C,PI ideal,1270,1269,50.00004792,
ArranqueDesde25_0_CHasta50_0_C,PI ideal,1271,1270,50.00004767,
ArranqueDesde25_0_CHasta50_0_C,PI ideal,1272,1271,50.00004742,
ArranqueDesde25_0_CHasta50_0_C,PI ideal,1273,1272,50.00004717,
ArranqueDesde25_0_CHasta50_0_C,PI ideal,1274,1273,50.00004692,
ArranqueDesde25_0_CHasta50_0_C,PI ideal,1275,1274,50.00004667,
ArranqueDesde25_0_CHasta50_0_C,PI ideal,1276,1275,50.00004642,
ArranqueDesde25_0_CHasta50_0_C,PI ideal,1277,1276,50.00004618,
ArranqueDesde25_0_CHasta50_0_C,PI ideal,1278,1277,50.00004593,
ArranqueDesde25_0_CHasta50_0_C,PI ideal,1279,1278,50.00004569,
ArranqueDesde25_0_CHasta50_0_C,PI ideal,1280,1279,50.00004545,
ArranqueDesde25_0_CHasta50_0_C,PI ideal,1281,1280,50.00004521,
ArranqueDesde25_0_CHasta50_0_C,PI ideal,1282,1281,50.00004497,
ArranqueDesde25_0_CHasta50_0_C,PI ideal,1283,1282,50.00004473,
ArranqueDesde25_0_CHasta50_0_C,PI ideal,1284,1283,50.00004449,
ArranqueDesde25_0_CHasta50_0_C,PI ideal,1285,1284,50.00004426,
ArranqueDesde25_0_CHasta50_0_C,PI ideal,1286,1285,50.00004403,
ArranqueDesde25_0_CHasta50_0_C,PI ideal,1287,1286,50.00004379,
ArranqueDesde25_0_CHasta50_0_C,PI ideal,1288,1287,50.00004356,
ArranqueDesde25_0_CHasta50_0_C,PI ideal,1289,1288,50.00004333,
ArranqueDesde25_0_CHasta50_0_C,PI ideal,1290,1289,50.0000431,
ArranqueDesde25_0_CHasta50_0_C,PI ideal,1291,1290,50.00004287,
ArranqueDesde25_0_CHasta50_0_C,PI ideal,1292,1291,50.00004265,
ArranqueDesde25_0_CHasta50_0_C,PI ideal,1293,1292,50.00004242,
ArranqueDesde25_0_CHasta50_0_C,PI ideal,1294,1293,50.0000422,
ArranqueDesde25_0_CHasta50_0_C,PI ideal,1295,1294,50.00004197,
ArranqueDesde25_0_CHasta50_0_C,PI ideal,1296,1295,50.00004175,
ArranqueDesde25_0_CHasta50_0_C,PI ideal,1297,1296,50.00004153,
ArranqueDesde25_0_CHasta50_0_C,PI ideal,1298,1297,50.00004131,
ArranqueDesde25_0_CHasta50_0_C,PI ideal,1299,1298,50.00004109,
ArranqueDesde25_0_CHasta50_0_C,PI ideal,1300,1299,50.00004088,
ArranqueDesde25_0_CHasta50_0_C,PI ideal,1301,1300,50.00004066,
ArranqueDesde25_0_CHasta50_0_C,PI ideal,1302,1301,50.00004044,
ArranqueDesde25_0_CHasta50_0_C,PI ideal,1303,1302,50.00004023,
ArranqueDesde25_0_CHasta50_0_C,PI ideal,1304,1303,50.00004002,
ArranqueDesde25_0_CHasta50_0_C,PI ideal,1305,1304,50.00003981,
ArranqueDesde25_0_CHasta50_0_C,PI ideal,1306,1305,50.0000396,
ArranqueDesde25_0_CHasta50_0_C,PI ideal,1307,1306,50.00003939,
ArranqueDesde25_0_CHasta50_0_C,PI ideal,1308,1307,50.00003918,
ArranqueDesde25_0_CHasta50_0_C,PI ideal,1309,1308,50.00003897,
ArranqueDesde25_0_CHasta50_0_C,PI ideal,1310,1309,50.00003876,
ArranqueDesde25_0_CHasta50_0_C,PI ideal,1311,1310,50.00003856,
ArranqueDesde25_0_CHasta50_0_C,PI ideal,1312,1311,50.00003836,
ArranqueDesde25_0_CHasta50_0_C,PI ideal,1313,1312,50.00003815,
ArranqueDesde25_0_CHasta50_0_C,PI ideal,1314,1313,50.00003795,
ArranqueDesde25_0_CHasta50_0_C,PI ideal,1315,1314,50.00003775,
ArranqueDesde25_0_CHasta50_0_C,PI ideal,1316,1315,50.00003755,
ArranqueDesde25_0_CHasta50_0_C,PI ideal,1317,1316,50.00003735,
ArranqueDesde25_0_CHasta50_0_C,PI ideal,1318,1317,50.00003715,
ArranqueDesde25_0_CHasta50_0_C,PI ideal,1319,1318,50.00003696,
ArranqueDesde25_0_CHasta50_0_C,PI ideal,1320,1319,50.00003676,
ArranqueDesde25_0_CHasta50_0_C,PI ideal,1321,1320,50.00003657,
ArranqueDesde25_0_CHasta50_0_C,PI ideal,1322,1321,50.00003637,
ArranqueDesde25_0_CHasta50_0_C,PI ideal,1323,1322,50.00003618,
ArranqueDesde25_0_CHasta50_0_C,PI ideal,1324,1323,50.00003599,
ArranqueDesde25_0_CHasta50_0_C,PI ideal,1325,1324,50.0000358,
ArranqueDesde25_0_CHasta50_0_C,PI ideal,1326,1325,50.00003561,
ArranqueDesde25_0_CHasta50_0_C,PI ideal,1327,1326,50.00003542,
ArranqueDesde25_0_CHasta50_0_C,PI ideal,1328,1327,50.00003524,
ArranqueDesde25_0_CHasta50_0_C,PI ideal,1329,1328,50.00003505,
ArranqueDesde25_0_CHasta50_0_C,PI ideal,1330,1329,50.00003486,
ArranqueDesde25_0_CHasta50_0_C,PI ideal,1331,1330,50.00003468,
ArranqueDesde25_0_CHasta50_0_C,PI ideal,1332,1331,50.0000345,
ArranqueDesde25_0_CHasta50_0_C,PI ideal,1333,1332,50.00003431,
ArranqueDesde25_0_CHasta50_0_C,PI ideal,1334,1333,50.00003413,
ArranqueDesde25_0_CHasta50_0_C,PI ideal,1335,1334,50.00003395,
ArranqueDesde25_0_CHasta50_0_C,PI ideal,1336,1335,50.00003377,
ArranqueDesde25_0_CHasta50_0_C,PI ideal,1337,1336,50.00003359,
ArranqueDesde25_0_CHasta50_0_C,PI ideal,1338,1337,50.00003342,
ArranqueDesde25_0_CHasta50_0_C,PI ideal,1339,1338,50.00003324,
ArranqueDesde25_0_CHasta50_0_C,PI ideal,1340,1339,50.00003306,
ArranqueDesde25_0_CHasta50_0_C,PI ideal,1341,1340,50.00003289,
ArranqueDesde25_0_CHasta50_0_C,PI ideal,1342,1341,50.00003271,
ArranqueDesde25_0_CHasta50_0_C,PI ideal,1343,1342,50.00003254,
ArranqueDesde25_0_CHasta50_0_C,PI ideal,1344,1343,50.00003237,
ArranqueDesde25_0_CHasta50_0_C,PI ideal,1345,1344,50.0000322,
ArranqueDesde25_0_CHasta50_0_C,PI ideal,1346,1345,50.00003203,
ArranqueDesde25_0_CHasta50_0_C,PI ideal,1347,1346,50.00003186,
ArranqueDesde25_0_CHasta50_0_C,PI ideal,1348,1347,50.00003169,
ArranqueDesde25_0_CHasta50_0_C,PI ideal,1349,1348,50.00003152,
ArranqueDesde25_0_CHasta50_0_C,PI ideal,1350,1349,50.00003136,
ArranqueDesde25_0_CHasta50_0_C,PI ideal,1351,1350,50.00003119,
ArranqueDesde25_0_CHasta50_0_C,PI ideal,1352,1351,50.00003102,
ArranqueDesde25_0_CHasta50_0_C,PI ideal,1353,1352,50.00003086,
ArranqueDesde25_0_CHasta50_0_C,PI ideal,1354,1353,50.0000307,
ArranqueDesde25_0_CHasta50_0_C,PI ideal,1355,1354,50.00003053,
ArranqueDesde25_0_CHasta50_0_C,PI ideal,1356,1355,50.00003037,
ArranqueDesde25_0_CHasta50_0_C,PI ideal,1357,1356,50.00003021,
ArranqueDesde25_0_CHasta50_0_C,PI ideal,1358,1357,50.00003005,
ArranqueDesde25_0_CHasta50_0_C,PI ideal,1359,1358,50.00002989,
ArranqueDesde25_0_CHasta50_0_C,PI ideal,1360,1359,50.00002974,
ArranqueDesde25_0_CHasta50_0_C,PI ideal,1361,1360,50.00002958,
ArranqueDesde25_0_CHasta50_0_C,PI ideal,1362,1361,50.00002942,
ArranqueDesde25_0_CHasta50_0_C,PI ideal,1363,1362,50.00002927,
ArranqueDesde25_0_CHasta50_0_C,PI ideal,1364,1363,50.00002911,
ArranqueDesde25_0_CHasta50_0_C,PI ideal,1365,1364,50.00002896,
ArranqueDesde25_0_CHasta50_0_C,PI ideal,1366,1365,50.0000288,
ArranqueDesde25_0_CHasta50_0_C,PI ideal,1367,1366,50.00002865,
ArranqueDesde25_0_CHasta50_0_C,PI ideal,1368,1367,50.0000285,
ArranqueDesde25_0_CHasta50_0_C,PI ideal,1369,1368,50.00002835,
ArranqueDesde25_0_CHasta50_0_C,PI ideal,1370,1369,50.0000282,
ArranqueDesde25_0_CHasta50_0_C,PI ideal,1371,1370,50.00002805,
ArranqueDesde25_0_CHasta50_0_C,PI ideal,1372,1371,50.0000279,
ArranqueDesde25_0_CHasta50_0_C,PI ideal,1373,1372,50.00002776,
ArranqueDesde25_0_CHasta50_0_C,PI ideal,1374,1373,50.00002761,
ArranqueDesde25_0_CHasta50_0_C,PI ideal,1375,1374,50.00002746,
ArranqueDesde25_0_CHasta50_0_C,PI ideal,1376,1375,50.00002732,
ArranqueDesde25_0_CHasta50_0_C,PI ideal,1377,1376,50.00002717,
ArranqueDesde25_0_CHasta50_0_C,PI ideal,1378,1377,50.00002703,
ArranqueDesde25_0_CHasta50_0_C,PI ideal,1379,1378,50.00002689,
ArranqueDesde25_0_CHasta50_0_C,PI ideal,1380,1379,50.00002674,
ArranqueDesde25_0_CHasta50_0_C,PI ideal,1381,1380,50.0000266,
ArranqueDesde25_0_CHasta50_0_C,PI ideal,1382,1381,50.00002646,
ArranqueDesde25_0_CHasta50_0_C,PI ideal,1383,1382,50.00002632,
ArranqueDesde25_0_CHasta50_0_C,PI ideal,1384,1383,50.00002618,
ArranqueDesde25_0_CHasta50_0_C,PI ideal,1385,1384,50.00002604,
ArranqueDesde25_0_CHasta50_0_C,PI ideal,1386,1385,50.00002591,
ArranqueDesde25_0_CHasta50_0_C,PI ideal,1387,1386,50.00002577,
ArranqueDesde25_0_CHasta50_0_C,PI ideal,1388,1387,50.00002563,
ArranqueDesde25_0_CHasta50_0_C,PI ideal,1389,1388,50.0000255,
ArranqueDesde25_0_CHasta50_0_C,PI ideal,1390,1389,50.00002536,
ArranqueDesde25_0_CHasta50_0_C,PI ideal,1391,1390,50.00002523,
ArranqueDesde25_0_CHasta50_0_C,PI ideal,1392,1391,50.00002509,
ArranqueDesde25_0_CHasta50_0_C,PI ideal,1393,1392,50.00002496,
ArranqueDesde25_0_CHasta50_0_C,PI ideal,1394,1393,50.00002483,
ArranqueDesde25_0_CHasta50_0_C,PI ideal,1395,1394,50.0000247,
ArranqueDesde25_0_CHasta50_0_C,PI ideal,1396,1395,50.00002457,
ArranqueDesde25_0_CHasta50_0_C,PI ideal,1397,1396,50.00002444,
ArranqueDesde25_0_CHasta50_0_C,PI ideal,1398,1397,50.00002431,
ArranqueDesde25_0_CHasta50_0_C,PI ideal,1399,1398,50.00002418,
ArranqueDesde25_0_CHasta50_0_C,PI ideal,1400,1399,50.00002405,
ArranqueDesde25_0_CHasta50_0_C,PI ideal,1401,1400,50.00002393,
ArranqueDesde25_0_CHasta50_0_C,PI ideal,1402,1401,50.0000238,
ArranqueDesde25_0_CHasta50_0_C,PI ideal,1403,1402,50.00002367,
ArranqueDesde25_0_CHasta50_0_C,PI ideal,1404,1403,50.00002355,
ArranqueDesde25_0_CHasta50_0_C,PI ideal,1405,1404,50.00002342,
ArranqueDesde25_0_CHasta50_0_C,PI ideal,1406,1405,50.0000233,
ArranqueDesde25_0_CHasta50_0_C,PI ideal,1407,1406,50.00002318,
ArranqueDesde25_0_CHasta50_0_C,PI ideal,1408,1407,50.00002305,
ArranqueDesde25_0_CHasta50_0_C,PI ideal,1409,1408,50.00002293,
ArranqueDesde25_0_CHasta50_0_C,PI ideal,1410,1409,50.00002281,
ArranqueDesde25_0_CHasta50_0_C,PI ideal,1411,1410,50.00002269,
ArranqueDesde25_0_CHasta50_0_C,PI ideal,1412,1411,50.00002257,
ArranqueDesde25_0_CHasta50_0_C,PI ideal,1413,1412,50.00002245,
ArranqueDesde25_0_CHasta50_0_C,PI ideal,1414,1413,50.00002233,
ArranqueDesde25_0_CHasta50_0_C,PI ideal,1415,1414,50.00002221,
ArranqueDesde25_0_CHasta50_0_C,PI ideal,1416,1415,50.0000221,
ArranqueDesde25_0_CHasta50_0_C,PI ideal,1417,1416,50.00002198,
ArranqueDesde25_0_CHasta50_0_C,PI ideal,1418,1417,50.00002186,
ArranqueDesde25_0_CHasta50_0_C,PI ideal,1419,1418,50.00002175,
ArranqueDesde25_0_CHasta50_0_C,PI ideal,1420,1419,50.00002163,
ArranqueDesde25_0_CHasta50_0_C,PI ideal,1421,1420,50.00002152,
ArranqueDesde25_0_CHasta50_0_C,PI ideal,1422,1421,50.0000214,
ArranqueDesde25_0_CHasta50_0_C,PI ideal,1423,1422,50.00002129,
ArranqueDesde25_0_CHasta50_0_C,PI ideal,1424,1423,50.00002118,
ArranqueDesde25_0_CHasta50_0_C,PI ideal,1425,1424,50.00002107,
ArranqueDesde25_0_CHasta50_0_C,PI ideal,1426,1425,50.00002095,
ArranqueDesde25_0_CHasta50_0_C,PI ideal,1427,1426,50.00002084,
ArranqueDesde25_0_CHasta50_0_C,PI ideal,1428,1427,50.00002073,
ArranqueDesde25_0_CHasta50_0_C,PI ideal,1429,1428,50.00002062,
ArranqueDesde25_0_CHasta50_0_C,PI ideal,1430,1429,50.00002052,
ArranqueDesde25_0_CHasta50_0_C,PI ideal,1431,1430,50.00002041,
ArranqueDesde25_0_CHasta50_0_C,PI ideal,1432,1431,50.0000203,
ArranqueDesde25_0_CHasta50_0_C,PI ideal,1433,1432,50.00002019,
ArranqueDesde25_0_CHasta50_0_C,PI ideal,1434,1433,50.00002008,
ArranqueDesde25_0_CHasta50_0_C,PI ideal,1435,1434,50.00001998,
ArranqueDesde25_0_CHasta50_0_C,PI ideal,1436,1435,50.00001987,
ArranqueDesde25_0_CHasta50_0_C,PI ideal,1437,1436,50.00001977,
ArranqueDesde25_0_CHasta50_0_C,PI ideal,1438,1437,50.00001966,
ArranqueDesde25_0_CHasta50_0_C,PI ideal,1439,1438,50.00001956,
ArranqueDesde25_0_CHasta50_0_C,PI ideal,1440,1439,50.00001946,
ArranqueDesde25_0_CHasta50_0_C,PI ideal,1441,1440,50.00001935,
ArranqueDesde25_0_CHasta50_0_C,PI ideal,1442,1441,50.00001925,
ArranqueDesde25_0_CHasta50_0_C,PI ideal,1443,1442,50.00001915,
ArranqueDesde25_0_CHasta50_0_C,PI ideal,1444,1443,50.00001905,
ArranqueDesde25_0_CHasta50_0_C,PI ideal,1445,1444,50.00001895,
ArranqueDesde25_0_CHasta50_0_C,PI ideal,1446,1445,50.00001885,
ArranqueDesde25_0_CHasta50_0_C,PI ideal,1447,1446,50.00001875,
ArranqueDesde25_0_CHasta50_0_C,PI ideal,1448,1447,50.00001865,
ArranqueDesde25_0_CHasta50_0_C,PI ideal,1449,1448,50.00001855,
ArranqueDesde25_0_CHasta50_0_C,PI ideal,1450,1449,50.00001845,
ArranqueDesde25_0_CHasta50_0_C,PI ideal,1451,1450,50.00001835,
ArranqueDesde25_0_CHasta50_0_C,PI ideal,1452,1451,50.00001826,
ArranqueDesde25_0_CHasta50_0_C,PI ideal,1453,1452,50.00001816,
ArranqueDesde25_0_CHasta50_0_C,PI ideal,1454,1453,50.00001806,
ArranqueDesde25_0_CHasta50_0_C,PI ideal,1455,1454,50.00001797,
ArranqueDesde25_0_CHasta50_0_C,PI ideal,1456,1455,50.00001787,
ArranqueDesde25_0_CHasta50_0_C,PI ideal,1457,1456,50.00001778,
ArranqueDesde25_0_CHasta50_0_C,PI ideal,1458,1457,50.00001768,
ArranqueDesde25_0_CHasta50_0_C,PI ideal,1459,1458,50.00001759,
ArranqueDesde25_0_CHasta50_0_C,PI ideal,1460,1459,50.0000175,
ArranqueDesde25_0_CHasta50_0_C,PI ideal,1461,1460,50.00001741,
ArranqueDesde25_0_CHasta50_0_C,PI ideal,1462,1461,50.00001731,
ArranqueDesde25_0_CHasta50_0_C,PI ideal,1463,1462,50.00001722,
ArranqueDesde25_0_CHasta50_0_C,PI ideal,1464,1463,50.00001713,
ArranqueDesde25_0_CHasta50_0_C,PI ideal,1465,1464,50.00001704,
ArranqueDesde25_0_CHasta50_0_C,PI ideal,1466,1465,50.00001695,
ArranqueDesde25_0_CHasta50_0_C,PI ideal,1467,1466,50.00001686,
ArranqueDesde25_0_CHasta50_0_C,PI ideal,1468,1467,50.00001677,
ArranqueDesde25_0_CHasta50_0_C,PI ideal,1469,1468,50.00001668,
ArranqueDesde25_0_CHasta50_0_C,PI ideal,1470,1469,50.00001659,
ArranqueDesde25_0_CHasta50_0_C,PI ideal,1471,1470,50.00001651,
ArranqueDesde25_0_CHasta50_0_C,PI ideal,1472,1471,50.00001642,
ArranqueDesde25_0_CHasta50_0_C,PI ideal,1473,1472,50.00001633,
ArranqueDesde25_0_CHasta50_0_C,PI ideal,1474,1473,50.00001625,
ArranqueDesde25_0_CHasta50_0_C,PI ideal,1475,1474,50.00001616,
ArranqueDesde25_0_CHasta50_0_C,PI ideal,1476,1475,50.00001607,
ArranqueDesde25_0_CHasta50_0_C,PI ideal,1477,1476,50.00001599,
ArranqueDesde25_0_CHasta50_0_C,PI ideal,1478,1477,50.0000159,
ArranqueDesde25_0_CHasta50_0_C,PI ideal,1479,1478,50.00001582,
ArranqueDesde25_0_CHasta50_0_C,PI ideal,1480,1479,50.00001574,
ArranqueDesde25_0_CHasta50_0_C,PI ideal,1481,1480,50.00001565,
ArranqueDesde25_0_CHasta50_0_C,PI ideal,1482,1481,50.00001557,
ArranqueDesde25_0_CHasta50_0_C,PI ideal,1483,1482,50.00001549,
ArranqueDesde25_0_CHasta50_0_C,PI ideal,1484,1483,50.00001541,
ArranqueDesde25_0_CHasta50_0_C,PI ideal,1485,1484,50.00001533,
ArranqueDesde25_0_CHasta50_0_C,PI ideal,1486,1485,50.00001524,
ArranqueDesde25_0_CHasta50_0_C,PI ideal,1487,1486,50.00001516,
ArranqueDesde25_0_CHasta50_0_C,PI ideal,1488,1487,50.00001508,
ArranqueDesde25_0_CHasta50_0_C,PI ideal,1489,1488,50.000015,
ArranqueDesde25_0_CHasta50_0_C,PI ideal,1490,1489,50.00001492,
ArranqueDesde25_0_CHasta50_0_C,PI ideal,1491,1490,50.00001485,
ArranqueDesde25_0_CHasta50_0_C,PI ideal,1492,1491,50.00001477,
ArranqueDesde25_0_CHasta50_0_C,PI ideal,1493,1492,50.00001469,
ArranqueDesde25_0_CHasta50_0_C,PI ideal,1494,1493,50.00001461,
ArranqueDesde25_0_CHasta50_0_C,PI ideal,1495,1494,50.00001453,
ArranqueDesde25_0_CHasta50_0_C,PI ideal,1496,1495,50.00001446,
ArranqueDesde25_0_CHasta50_0_C,PI ideal,1497,1496,50.00001438,
ArranqueDesde25_0_CHasta50_0_C,PI ideal,1498,1497,50.0000143,
ArranqueDesde25_0_CHasta50_0_C,PI ideal,1499,1498,50.00001423,
ArranqueDesde25_0_CHasta50_0_C,PI ideal,1500,1499,50.00001415,
ArranqueDesde25_0_CHasta50_0_C,PI ideal,1501,1500,50.00001408,
ArranqueDesde25_0_CHasta50_0_C,PI ideal,1502,1501,50.000014,
ArranqueDesde25_0_CHasta50_0_C,PI ideal,1503,1502,50.00001393,
ArranqueDesde25_0_CHasta50_0_C,PI ideal,1504,1503,50.00001386,
ArranqueDesde25_0_CHasta50_0_C,PI ideal,1505,1504,50.00001378,
ArranqueDesde25_0_CHasta50_0_C,PI ideal,1506,1505,50.00001371,
ArranqueDesde25_0_CHasta50_0_C,PI ideal,1507,1506,50.00001364,
ArranqueDesde25_0_CHasta50_0_C,PI ideal,1508,1507,50.00001357,
ArranqueDesde25_0_CHasta50_0_C,PI ideal,1509,1508,50.00001349,
ArranqueDesde25_0_CHasta50_0_C,PI ideal,1510,1509,50.00001342,
ArranqueDesde25_0_CHasta50_0_C,PI ideal,1511,1510,50.00001335,
ArranqueDesde25_0_CHasta50_0_C,PI ideal,1512,1511,50.00001328,
ArranqueDesde25_0_CHasta50_0_C,PI ideal,1513,1512,50.00001321,
ArranqueDesde25_0_CHasta50_0_C,PI ideal,1514,1513,50.00001314,
ArranqueDesde25_0_CHasta50_0_C,PI ideal,1515,1514,50.00001307,
ArranqueDesde25_0_CHasta50_0_C,PI ideal,1516,1515,50.000013,
ArranqueDesde25_0_CHasta50_0_C,PI ideal,1517,1516,50.00001293,
ArranqueDesde25_0_CHasta50_0_C,PI ideal,1518,1517,50.00001287,
ArranqueDesde25_0_CHasta50_0_C,PI ideal,1519,1518,50.0000128,
ArranqueDesde25_0_CHasta50_0_C,PI ideal,1520,1519,50.00001273,
ArranqueDesde25_0_CHasta50_0_C,PI ideal,1521,1520,50.00001266,
ArranqueDesde25_0_CHasta50_0_C,PI ideal,1522,1521,50.0000126,
ArranqueDesde25_0_CHasta50_0_C,PI ideal,1523,1522,50.00001253,
ArranqueDesde25_0_CHasta50_0_C,PI ideal,1524,1523,50.00001246,
ArranqueDesde25_0_CHasta50_0_C,PI ideal,1525,1524,50.0000124,
ArranqueDesde25_0_CHasta50_0_C,PI ideal,1526,1525,50.00001233,
ArranqueDesde25_0_CHasta50_0_C,PI ideal,1527,1526,50.00001227,
ArranqueDesde25_0_CHasta50_0_C,PI ideal,1528,1527,50.0000122,
ArranqueDesde25_0_CHasta50_0_C,PI ideal,1529,1528,50.00001214,
ArranqueDesde25_0_CHasta50_0_C,PI ideal,1530,1529,50.00001207,
ArranqueDesde25_0_CHasta50_0_C,PI ideal,1531,1530,50.00001201,
ArranqueDesde25_0_CHasta50_0_C,PI ideal,1532,1531,50.00001194,
ArranqueDesde25_0_CHasta50_0_C,PI ideal,1533,1532,50.00001188,
ArranqueDesde25_0_CHasta50_0_C,PI ideal,1534,1533,50.00001182,
ArranqueDesde25_0_CHasta50_0_C,PI ideal,1535,1534,50.00001176,
ArranqueDesde25_0_CHasta50_0_C,PI ideal,1536,1535,50.00001169,
ArranqueDesde25_0_CHasta50_0_C,PI ideal,1537,1536,50.00001163,
ArranqueDesde25_0_CHasta50_0_C,PI ideal,1538,1537,50.00001157,
ArranqueDesde25_0_CHasta50_0_C,PI ideal,1539,1538,50.00001151,
ArranqueDesde25_0_CHasta50_0_C,PI ideal,1540,1539,50.00001145,
ArranqueDesde25_0_CHasta50_0_C,PI ideal,1541,1540,50.00001139,
ArranqueDesde25_0_CHasta50_0_C,PI ideal,1542,1541,50.00001133,
ArranqueDesde25_0_CHasta50_0_C,PI ideal,1543,1542,50.00001127,
ArranqueDesde25_0_CHasta50_0_C,PI ideal,1544,1543,50.00001121,
ArranqueDesde25_0_CHasta50_0_C,PI ideal,1545,1544,50.00001115,
ArranqueDesde25_0_CHasta50_0_C,PI ideal,1546,1545,50.00001109,
ArranqueDesde25_0_CHasta50_0_C,PI ideal,1547,1546,50.00001103,
ArranqueDesde25_0_CHasta50_0_C,PI ideal,1548,1547,50.00001097,
ArranqueDesde25_0_CHasta50_0_C,PI ideal,1549,1548,50.00001091,
ArranqueDesde25_0_CHasta50_0_C,PI ideal,1550,1549,50.00001086,
ArranqueDesde25_0_CHasta50_0_C,PI ideal,1551,1550,50.0000108,
ArranqueDesde25_0_CHasta50_0_C,PI ideal,1552,1551,50.00001074,
ArranqueDesde25_0_CHasta50_0_C,PI ideal,1553,1552,50.00001069,
ArranqueDesde25_0_CHasta50_0_C,PI ideal,1554,1553,50.00001063,
ArranqueDesde25_0_CHasta50_0_C,PI ideal,1555,1554,50.00001057,
ArranqueDesde25_0_CHasta50_0_C,PI ideal,1556,1555,50.00001052,
ArranqueDesde25_0_CHasta50_0_C,PI ideal,1557,1556,50.00001046,
ArranqueDesde25_0_CHasta50_0_C,PI ideal,1558,1557,50.00001041,
ArranqueDesde25_0_CHasta50_0_C,PI ideal,1559,1558,50.00001035,
ArranqueDesde25_0_CHasta50_0_C,PI ideal,1560,1559,50.0000103,
ArranqueDesde25_0_CHasta50_0_C,PI ideal,1561,1560,50.00001024,
ArranqueDesde25_0_CHasta50_0_C,PI ideal,1562,1561,50.00001019,
ArranqueDesde25_0_CHasta50_0_C,PI ideal,1563,1562,50.00001013,
ArranqueDesde25_0_CHasta50_0_C,PI ideal,1564,1563,50.00001008,
ArranqueDesde25_0_CHasta50_0_C,PI ideal,1565,1564,50.00001003,
ArranqueDesde25_0_CHasta50_0_C,PI ideal,1566,1565,50.00000997,
ArranqueDesde25_0_CHasta50_0_C,PI ideal,1567,1566,50.00000992,
ArranqueDesde25_0_CHasta50_0_C,PI ideal,1568,1567,50.00000987,
ArranqueDesde25_0_CHasta50_0_C,PI ideal,1569,1568,50.00000982,
ArranqueDesde25_0_CHasta50_0_C,PI ideal,1570,1569,50.00000976,
ArranqueDesde25_0_CHasta50_0_C,PI ideal,1571,1570,50.00000971,
ArranqueDesde25_0_CHasta50_0_C,PI ideal,1572,1571,50.00000966,
ArranqueDesde25_0_CHasta50_0_C,PI ideal,1573,1572,50.00000961,
ArranqueDesde25_0_CHasta50_0_C,PI ideal,1574,1573,50.00000956,
ArranqueDesde25_0_CHasta50_0_C,PI ideal,1575,1574,50.00000951,
ArranqueDesde25_0_CHasta50_0_C,PI ideal,1576,1575,50.00000946,
ArranqueDesde25_0_CHasta50_0_C,PI ideal,1577,1576,50.00000941,
ArranqueDesde25_0_CHasta50_0_C,PI ideal,1578,1577,50.00000936,
ArranqueDesde25_0_CHasta50_0_C,PI ideal,1579,1578,50.00000931,
ArranqueDesde25_0_CHasta50_0_C,PI ideal,1580,1579,50.00000926,
ArranqueDesde25_0_CHasta50_0_C,PI ideal,1581,1580,50.00000921,
ArranqueDesde25_0_CHasta50_0_C,PI ideal,1582,1581,50.00000916,
ArranqueDesde25_0_CHasta50_0_C,PI ideal,1583,1582,50.00000911,
ArranqueDesde25_0_CHasta50_0_C,PI ideal,1584,1583,50.00000907,
ArranqueDesde25_0_CHasta50_0_C,PI ideal,1585,1584,50.00000902,
ArranqueDesde25_0_CHasta50_0_C,PI ideal,1586,1585,50.00000897,
ArranqueDesde25_0_CHasta50_0_C,PI ideal,1587,1586,50.00000892,
ArranqueDesde25_0_CHasta50_0_C,PI ideal,1588,1587,50.00000888,
ArranqueDesde25_0_CHasta50_0_C,PI ideal,1589,1588,50.00000883,
ArranqueDesde25_0_CHasta50_0_C,PI ideal,1590,1589,50.00000878,
ArranqueDesde25_0_CHasta50_0_C,PI ideal,1591,1590,50.00000874,
ArranqueDesde25_0_CHasta50_0_C,PI ideal,1592,1591,50.00000869,
ArranqueDesde25_0_CHasta50_0_C,PI ideal,1593,1592,50.00000864,
ArranqueDesde25_0_CHasta50_0_C,PI ideal,1594,1593,50.0000086,
ArranqueDesde25_0_CHasta50_0_C,PI ideal,1595,1594,50.00000855,
ArranqueDesde25_0_CHasta50_0_C,PI ideal,1596,1595,50.00000851,
ArranqueDesde25_0_CHasta50_0_C,PI ideal,1597,1596,50.00000846,
ArranqueDesde25_0_CHasta50_0_C,PI ideal,1598,1597,50.00000842,
ArranqueDesde25_0_CHasta50_0_C,PI ideal,1599,1598,50.00000837,
ArranqueDesde25_0_CHasta50_0_C,PI ideal,1600,1599,50.00000833,
ArranqueDesde25_0_CHasta50_0_C,PI ideal,1601,1600,50.00000828,
ArranqueDesde25_0_CHasta50_0_C,PI ideal,1602,1601,50.00000824,
ArranqueDesde25_0_CHasta50_0_C,PI ideal,1603,1602,50.0000082,
ArranqueDesde25_0_CHasta50_0_C,PI ideal,1604,1603,50.00000815,
ArranqueDesde25_0_CHasta50_0_C,PI ideal,1605,1604,50.00000811,
ArranqueDesde25_0_CHasta50_0_C,PI ideal,1606,1605,50.00000807,
ArranqueDesde25_0_CHasta50_0_C,PI ideal,1607,1606,50.00000803,
ArranqueDesde25_0_CHasta50_0_C,PI ideal,1608,1607,50.00000798,
ArranqueDesde25_0_CHasta50_0_C,PI ideal,1609,1608,50.00000794,
ArranqueDesde25_0_CHasta50_0_C,PI ideal,1610,1609,50.0000079,
ArranqueDesde25_0_CHasta50_0_C,PI ideal,1611,1610,50.00000786,
ArranqueDesde25_0_CHasta50_0_C,PI ideal,1612,1611,50.00000782,
ArranqueDesde25_0_CHasta50_0_C,PI ideal,1613,1612,50.00000777,
ArranqueDesde25_0_CHasta50_0_C,PI ideal,1614,1613,50.00000773,
ArranqueDesde25_0_CHasta50_0_C,PI ideal,1615,1614,50.00000769,
ArranqueDesde25_0_CHasta50_0_C,PI ideal,1616,1615,50.00000765,
ArranqueDesde25_0_CHasta50_0_C,PI ideal,1617,1616,50.00000761,
ArranqueDesde25_0_CHasta50_0_C,PI ideal,1618,1617,50.00000757,
ArranqueDesde25_0_CHasta50_0_C,PI ideal,1619,1618,50.00000753,
ArranqueDesde25_0_CHasta50_0_C,PI ideal,1620,1619,50.00000749,
ArranqueDesde25_0_CHasta50_0_C,PI ideal,1621,1620,50.00000745,
ArranqueDesde25_0_CHasta50_0_C,PI ideal,1622,1621,50.00000741,
ArranqueDesde25_0_CHasta50_0_C,PI ideal,1623,1622,50.00000737,
ArranqueDesde25_0_CHasta50_0_C,PI ideal,1624,1623,50.00000733,
ArranqueDesde25_0_CHasta50_0_C,PI ideal,1625,1624,50.00000729,
ArranqueDesde25_0_CHasta50_0_C,PI ideal,1626,1625,50.00000726,
ArranqueDesde25_0_CHasta50_0_C,PI ideal,1627,1626,50.00000722,
ArranqueDesde25_0_CHasta50_0_C,PI ideal,1628,1627,50.00000718,
ArranqueDesde25_0_CHasta50_0_C,PI ideal,1629,1628,50.00000714,
ArranqueDesde25_0_CHasta50_0_C,PI ideal,1630,1629,50.0000071,
ArranqueDesde25_0_CHasta50_0_C,PI ideal,1631,1630,50.00000707,
ArranqueDesde25_0_CHasta50_0_C,PI ideal,1632,1631,50.00000703,
ArranqueDesde25_0_CHasta50_0_C,PI ideal,1633,1632,50.00000699,
ArranqueDesde25_0_CHasta50_0_C,PI ideal,1634,1633,50.00000695,
ArranqueDesde25_0_CHasta50_0_C,PI ideal,1635,1634,50.00000692,
ArranqueDesde25_0_CHasta50_0_C,PI ideal,1636,1635,50.00000688,
ArranqueDesde25_0_CHasta50_0_C,PI ideal,1637,1636,50.00000684,
ArranqueDesde25_0_CHasta50_0_C,PI ideal,1638,1637,50.00000681,
ArranqueDesde25_0_CHasta50_0_C,PI ideal,1639,1638,50.00000677,
ArranqueDesde25_0_CHasta50_0_C,PI ideal,1640,1639,50.00000674,
ArranqueDesde25_0_CHasta50_0_C,PI ideal,1641,1640,50.0000067,
ArranqueDesde25_0_CHasta50_0_C,PI ideal,1642,1641,50.00000667,
ArranqueDesde25_0_CHasta50_0_C,PI ideal,1643,1642,50.00000663,
ArranqueDesde25_0_CHasta50_0_C,PI ideal,1644,1643,50.0000066,
ArranqueDesde25_0_CHasta50_0_C,PI ideal,1645,1644,50.00000656,
ArranqueDesde25_0_CHasta50_0_C,PI ideal,1646,1645,50.00000653,
ArranqueDesde25_0_CHasta50_0_C,PI ideal,1647,1646,50.00000649,
ArranqueDesde25_0_CHasta50_0_C,PI ideal,1648,1647,50.00000646,
ArranqueDesde25_0_CHasta50_0_C,PI ideal,1649,1648,50.00000642,
ArranqueDesde25_0_CHasta50_0_C,PI ideal,1650,1649,50.00000639,
ArranqueDesde25_0_CHasta50_0_C,PI ideal,1651,1650,50.00000636,
ArranqueDesde25_0_CHasta50_0_C,PI ideal,1652,1651,50.00000632,
ArranqueDesde25_0_CHasta50_0_C,PI ideal,1653,1652,50.00000629,
ArranqueDesde25_0_CHasta50_0_C,PI ideal,1654,1653,50.00000625,
ArranqueDesde25_0_CHasta50_0_C,PI ideal,1655,1654,50.00000622,
ArranqueDesde25_0_CHasta50_0_C,PI ideal,1656,1655,50.00000619,
ArranqueDesde25_0_CHasta50_0_C,PI ideal,1657,1656,50.00000616,
ArranqueDesde25_0_CHasta50_0_C,PI ideal,1658,1657,50.00000612,
ArranqueDesde25_0_CHasta50_0_C,PI ideal,1659,1658,50.00000609,
ArranqueDesde25_0_CHasta50_0_C,PI ideal,1660,1659,50.00000606,
ArranqueDesde25_0_CHasta50_0_C,PI ideal,1661,1660,50.00000603,
ArranqueDesde25_0_CHasta50_0_C,PI ideal,1662,1661,50.00000599,
ArranqueDesde25_0_CHasta50_0_C,PI ideal,1663,1662,50.00000596,
ArranqueDesde25_0_CHasta50_0_C,PI ideal,1664,1663,50.00000593,
ArranqueDesde25_0_CHasta50_0_C,PI ideal,1665,1664,50.0000059,
ArranqueDesde25_0_CHasta50_0_C,PI ideal,1666,1665,50.00000587,
ArranqueDesde25_0_CHasta50_0_C,PI ideal,1667,1666,50.00000584,
ArranqueDesde25_0_CHasta50_0_C,PI ideal,1668,1667,50.00000581,
ArranqueDesde25_0_CHasta50_0_C,PI ideal,1669,1668,50.00000578,
ArranqueDesde25_0_CHasta50_0_C,PI ideal,1670,1669,50.00000575,
ArranqueDesde25_0_CHasta50_0_C,PI ideal,1671,1670,50.00000572,
ArranqueDesde25_0_CHasta50_0_C,PI ideal,1672,1671,50.00000569,
ArranqueDesde25_0_CHasta50_0_C,PI ideal,1673,1672,50.00000566,
ArranqueDesde25_0_CHasta50_0_C,PI ideal,1674,1673,50.00000563,
ArranqueDesde25_0_CHasta50_0_C,PI ideal,1675,1674,50.0000056,
ArranqueDesde25_0_CHasta50_0_C,PI ideal,1676,1675,50.00000557,
ArranqueDesde25_0_CHasta50_0_C,PI ideal,1677,1676,50.00000554,
ArranqueDesde25_0_CHasta50_0_C,PI ideal,1678,1677,50.00000551,
ArranqueDesde25_0_CHasta50_0_C,PI ideal,1679,1678,50.00000548,
ArranqueDesde25_0_CHasta50_0_C,PI ideal,1680,1679,50.00000545,
ArranqueDesde25_0_CHasta50_0_C,PI ideal,1681,1680,50.00000542,
ArranqueDesde25_0_CHasta50_0_C,PI ideal,1682,1681,50.00000539,
ArranqueDesde25_0_CHasta50_0_C,PI ideal,1683,1682,50.00000536,
ArranqueDesde25_0_CHasta50_0_C,PI ideal,1684,1683,50.00000533,
ArranqueDesde25_0_CHasta50_0_C,PI ideal,1685,1684,50.00000531,
ArranqueDesde25_0_CHasta50_0_C,PI ideal,1686,1685,50.00000528,
ArranqueDesde25_0_CHasta50_0_C,PI ideal,1687,1686,50.00000525,
ArranqueDesde25_0_CHasta50_0_C,PI ideal,1688,1687,50.00000522,
ArranqueDesde25_0_CHasta50_0_C,PI ideal,1689,1688,50.0000052,
ArranqueDesde25_0_CHasta50_0_C,PI ideal,1690,1689,50.00000517,
ArranqueDesde25_0_CHasta50_0_C,PI ideal,1691,1690,50.00000514,
ArranqueDesde25_0_CHasta50_0_C,PI ideal,1692,1691,50.00000511,
ArranqueDesde25_0_CHasta50_0_C,PI ideal,1693,1692,50.00000509,
ArranqueDesde25_0_CHasta50_0_C,PI ideal,1694,1693,50.00000506,
ArranqueDesde25_0_CHasta50_0_C,PI ideal,1695,1694,50.00000503,
ArranqueDesde25_0_CHasta50_0_C,PI ideal,1696,1695,50.00000501,
ArranqueDesde25_0_CHasta50_0_C,PI ideal,1697,1696,50.00000498,
ArranqueDesde25_0_CHasta50_0_C,PI ideal,1698,1697,50.00000495,
ArranqueDesde25_0_CHasta50_0_C,PI ideal,1699,1698,50.00000493,
ArranqueDesde25_0_CHasta50_0_C,PI ideal,1700,1699,50.0000049,
ArranqueDesde25_0_CHasta50_0_C,PI ideal,1701,1700,50.00000487,
ArranqueDesde25_0_CHasta50_0_C,PI ideal,1702,1701,50.00000485,
ArranqueDesde25_0_CHasta50_0_C,PI ideal,1703,1702,50.00000482,
ArranqueDesde25_0_CHasta50_0_C,PI ideal,1704,1703,50.0000048,
ArranqueDesde25_0_CHasta50_0_C,PI ideal,1705,1704,50.00000477,
ArranqueDesde25_0_CHasta50_0_C,PI ideal,1706,1705,50.00000475,
ArranqueDesde25_0_CHasta50_0_C,PI ideal,1707,1706,50.00000472,
ArranqueDesde25_0_CHasta50_0_C,PI ideal,1708,1707,50.0000047,
ArranqueDesde25_0_CHasta50_0_C,PI ideal,1709,1708,50.00000467,
ArranqueDesde25_0_CHasta50_0_C,PI ideal,1710,1709,50.00000465,
ArranqueDesde25_0_CHasta50_0_C,PI ideal,1711,1710,50.00000462,
ArranqueDesde25_0_CHasta50_0_C,PI ideal,1712,1711,50.0000046,
ArranqueDesde25_0_CHasta50_0_C,PI ideal,1713,1712,50.00000457,
ArranqueDesde25_0_CHasta50_0_C,PI ideal,1714,1713,50.00000455,
ArranqueDesde25_0_CHasta50_0_C,PI ideal,1715,1714,50.00000453,
ArranqueDesde25_0_CHasta50_0_C,PI ideal,1716,1715,50.0000045,
ArranqueDesde25_0_CHasta50_0_C,PI ideal,1717,1716,50.00000448,
ArranqueDesde25_0_CHasta50_0_C,PI ideal,1718,1717,50.00000445,
ArranqueDesde25_0_CHasta50_0_C,PI ideal,1719,1718,50.00000443,
ArranqueDesde25_0_CHasta50_0_C,PI ideal,1720,1719,50.00000441,
ArranqueDesde25_0_CHasta50_0_C,PI ideal,1721,1720,50.00000438,
ArranqueDesde25_0_CHasta50_0_C,PI ideal,1722,1721,50.00000436,
ArranqueDesde25_0_CHasta50_0_C,PI ideal,1723,1722,50.00000434,
ArranqueDesde25_0_CHasta50_0_C,PI ideal,1724,1723,50.00000432,
ArranqueDesde25_0_CHasta50_0_C,PI ideal,1725,1724,50.00000429,
ArranqueDesde25_0_CHasta50_0_C,PI ideal,1726,1725,50.00000427,
ArranqueDesde25_0_CHasta50_0_C,PI ideal,1727,1726,50.00000425,
ArranqueDesde25_0_CHasta50_0_C,PI ideal,1728,1727,50.00000422,
ArranqueDesde25_0_CHasta50_0_C,PI ideal,1729,1728,50.0000042,
ArranqueDesde25_0_CHasta50_0_C,PI ideal,1730,1729,50.00000418,
ArranqueDesde25_0_CHasta50_0_C,PI ideal,1731,1730,50.00000416,
ArranqueDesde25_0_CHasta50_0_C,PI ideal,1732,1731,50.00000414,
ArranqueDesde25_0_CHasta50_0_C,PI ideal,1733,1732,50.00000411,
ArranqueDesde25_0_CHasta50_0_C,PI ideal,1734,1733,50.00000409,
ArranqueDesde25_0_CHasta50_0_C,PI ideal,1735,1734,50.00000407,
ArranqueDesde25_0_CHasta50_0_C,PI ideal,1736,1735,50.00000405,
ArranqueDesde25_0_CHasta50_0_C,PI ideal,1737,1736,50.00000403,
ArranqueDesde25_0_CHasta50_0_C,PI ideal,1738,1737,50.00000401,
ArranqueDesde25_0_CHasta50_0_C,PI ideal,1739,1738,50.00000399,
ArranqueDesde25_0_CHasta50_0_C,PI ideal,1740,1739,50.00000396,
ArranqueDesde25_0_CHasta50_0_C,PI ideal,1741,1740,50.00000394,
ArranqueDesde25_0_CHasta50_0_C,PI ideal,1742,1741,50.00000392,
ArranqueDesde25_0_CHasta50_0_C,PI ideal,1743,1742,50.0000039,
ArranqueDesde25_0_CHasta50_0_C,PI ideal,1744,1743,50.00000388,
ArranqueDesde25_0_CHasta50_0_C,PI ideal,1745,1744,50.00000386,
ArranqueDesde25_0_CHasta50_0_C,PI ideal,1746,1745,50.00000384,
ArranqueDesde25_0_CHasta50_0_C,PI ideal,1747,1746,50.00000382,
ArranqueDesde25_0_CHasta50_0_C,PI ideal,1748,1747,50.0000038,
ArranqueDesde25_0_CHasta50_0_C,PI ideal,1749,1748,50.00000378,
ArranqueDesde25_0_CHasta50_0_C,PI ideal,1750,1749,50.00000376,
ArranqueDesde25_0_CHasta50_0_C,PI ideal,1751,1750,50.00000374,
ArranqueDesde25_0_CHasta50_0_C,PI ideal,1752,1751,50.00000372,
ArranqueDesde25_0_CHasta50_0_C,PI ideal,1753,1752,50.0000037,
ArranqueDesde25_0_CHasta50_0_C,PI ideal,1754,1753,50.00000368,
ArranqueDesde25_0_CHasta50_0_C,PI ideal,1755,1754,50.00000366,
ArranqueDesde25_0_CHasta50_0_C,PI ideal,1756,1755,50.00000364,
ArranqueDesde25_0_CHasta50_0_C,PI ideal,1757,1756,50.00000362,
ArranqueDesde25_0_CHasta50_0_C,PI ideal,1758,1757,50.0000036,
ArranqueDesde25_0_CHasta50_0_C,PI ideal,1759,1758,50.00000358,
ArranqueDesde25_0_CHasta50_0_C,PI ideal,1760,1759,50.00000357,
ArranqueDesde25_0_CHasta50_0_C,PI ideal,1761,1760,50.00000355,
ArranqueDesde25_0_CHasta50_0_C,PI ideal,1762,1761,50.00000353,
ArranqueDesde25_0_CHasta50_0_C,PI ideal,1763,1762,50.00000351,
ArranqueDesde25_0_CHasta50_0_C,PI ideal,1764,1763,50.00000349,
ArranqueDesde25_0_CHasta50_0_C,PI ideal,1765,1764,50.00000347,
ArranqueDesde25_0_CHasta50_0_C,PI ideal,1766,1765,50.00000345,
ArranqueDesde25_0_CHasta50_0_C,PI ideal,1767,1766,50.00000344,
ArranqueDesde25_0_CHasta50_0_C,PI ideal,1768,1767,50.00000342,
ArranqueDesde25_0_CHasta50_0_C,PI ideal,1769,1768,50.0000034,
ArranqueDesde25_0_CHasta50_0_C,PI ideal,1770,1769,50.00000338,
ArranqueDesde25_0_CHasta50_0_C,PI ideal,1771,1770,50.00000336,
ArranqueDesde25_0_CHasta50_0_C,PI ideal,1772,1771,50.00000335,
ArranqueDesde25_0_CHasta50_0_C,PI ideal,1773,1772,50.00000333,
ArranqueDesde25_0_CHasta50_0_C,PI ideal,1774,1773,50.00000331,
ArranqueDesde25_0_CHasta50_0_C,PI ideal,1775,1774,50.00000329,
ArranqueDesde25_0_CHasta50_0_C,PI ideal,1776,1775,50.00000328,
ArranqueDesde25_0_CHasta50_0_C,PI ideal,1777,1776,50.00000326,
ArranqueDesde25_0_CHasta50_0_C,PI ideal,1778,1777,50.00000324,
ArranqueDesde25_0_CHasta50_0_C,PI ideal,1779,1778,50.00000322,
ArranqueDesde25_0_CHasta50_0_C,PI ideal,1780,1779,50.00000321,
ArranqueDesde25_0_CHasta50_0_C,PI ideal,1781,1780,50.00000319,
ArranqueDesde25_0_CHasta50_0_C,PI ideal,1782,1781,50.00000317,
ArranqueDesde25_0_CHasta50_0_C,PI ideal,1783,1782,50.00000316,
ArranqueDesde25_0_CHasta50_0_C,PI ideal,1784,1783,50.00000314,
ArranqueDesde25_0_CHasta50_0_C,PI ideal,1785,1784,50.00000312,
ArranqueDesde25_0_CHasta50_0_C,PI ideal,1786,1785,50.00000311,
ArranqueDesde25_0_CHasta50_0_C,PI ideal,1787,1786,50.00000309,
ArranqueDesde25_0_CHasta50_0_C,PI ideal,1788,1787,50.00000307,
ArranqueDesde25_0_CHasta50_0_C,PI ideal,1789,1788,50.00000306,
ArranqueDesde25_0_CHasta50_0_C,PI ideal,1790,1789,50.00000304,
ArranqueDesde25_0_CHasta50_0_C,PI ideal,1791,1790,50.00000302,
ArranqueDesde25_0_CHasta50_0_C,PI ideal,1792,1791,50.00000301,
ArranqueDesde25_0_CHasta50_0_C,PI ideal,1793,1792,50.00000299,
ArranqueDesde25_0_CHasta50_0_C,PI ideal,1794,1793,50.00000298,
ArranqueDesde25_0_CHasta50_0_C,PI ideal,1795,1794,50.00000296,
ArranqueDesde25_0_CHasta50_0_C,PI ideal,1796,1795,50.00000295,
ArranqueDesde25_0_CHasta50_0_C,PI ideal,1797,1796,50.00000293,
ArranqueDesde25_0_CHasta50_0_C,PI ideal,1798,1797,50.00000291,
ArranqueDesde25_0_CHasta50_0_C,PI ideal,1799,1798,50.0000029,
ArranqueDesde25_0_CHasta50_0_C,PI ideal,1800,1799,50.00000288,
ArranqueDesde25_0_CHasta50_0_C,PI ideal,1801,1800,50.00000287,
axes2,Saturación con AW,1,0,80.09830427,
axes2,Saturación con AW,2,1,80.52144883,
axes2,Saturación con AW,3,2,80.9445934,
axes2,Saturación con AW,4,3,81.36773797,
axes2,Saturación con AW,5,4,81.79088253,
axes2,Saturación con AW,6,5,82.2140271,
axes2,Saturación con AW,7,6,82.63717166,
axes2,Saturación con AW,8,7,83.06031623,
axes2,Saturación con AW,9,8,83.48346079,
axes2,Saturación con AW,10,9,83.90660536,
axes2,Saturación con AW,11,10,84.32974993,
axes2,Saturación con AW,12,11,84.75289449,
axes2,Saturación con AW,13,12,85.17603906,
axes2,Saturación con AW,14,13,85.59918362,
axes2,Saturación con AW,15,14,86.02232819,
axes2,Saturación con AW,16,15,86.44547275,
axes2,Saturación con AW,17,16,86.86861732,
axes2,Saturación con AW,18,17,87.29176188,
axes2,Saturación con AW,19,18,87.71490645,
axes2,Saturación con AW,20,19,88.13805102,
axes2,Saturación con AW,21,20,88.56119558,
axes2,Saturación con AW,22,21,88.98434015,
axes2,Saturación con AW,23,22,88.13943544,
axes2,Saturación con AW,24,23,87.2878142,
axes2,Saturación con AW,25,24,86.42947643,
axes2,Saturación con AW,26,25,85.56442212,
axes2,Saturación con AW,27,26,84.69265128,
axes2,Saturación con AW,28,27,83.81416391,
axes2,Saturación con AW,29,28,82.92896,
axes2,Saturación con AW,30,29,82.03703955,
axes2,Saturación con AW,31,30,81.13840257,
axes2,Saturación con AW,32,31,80.23304905,
axes2,Saturación con AW,33,32,79.320979,
axes2,Saturación con AW,34,33,78.40219241,
axes2,Saturación con AW,35,34,77.47668928,
axes2,Saturación con AW,36,35,76.54446962,
axes2,Saturación con AW,37,36,75.60553342,
axes2,Saturación con AW,38,37,74.65988068,
axes2,Saturación con AW,39,38,73.70751141,
axes2,Saturación con AW,40,39,72.7484256,
axes2,Saturación con AW,41,40,71.78262325,
axes2,Saturación con AW,42,41,70.81010437,
axes2,Saturación con AW,43,42,69.83086894,
axes2,Saturación con AW,44,43,68.84491698,
axes2,Saturación con AW,45,44,67.87232317,
axes2,Saturación con AW,46,45,66.91319413,
axes2,Saturación con AW,47,46,65.96763646,
axes2,Saturación con AW,48,47,65.03575678,
axes2,Saturación con AW,49,48,64.11766169,
axes2,Saturación con AW,50,49,63.21345781,
axes2,Saturación con AW,51,50,62.32325175,
axes2,Saturación con AW,52,51,61.44715011,
axes2,Saturación con AW,53,52,60.5852595,
axes2,Saturación con AW,54,53,59.73768654,
axes2,Saturación con AW,55,54,58.90453784,
axes2,Saturación con AW,56,55,58.08592,
axes2,Saturación con AW,57,56,57.28193964,
axes2,Saturación con AW,58,57,56.49270336,
axes2,Saturación con AW,59,58,55.71831778,
axes2,Saturación con AW,60,59,54.95888951,
axes2,Saturación con AW,61,60,54.21452515,
axes2,Saturación con AW,62,61,53.48533131,
axes2,Saturación con AW,63,62,52.77141462,
axes2,Saturación con AW,64,63,52.07288167,
axes2,Saturación con AW,65,64,51.38983907,
axes2,Saturación con AW,66,65,50.72239345,
axes2,Saturación con AW,67,66,50.07033359,
axes2,Saturación con AW,68,67,49.43344662,
axes2,Saturación con AW,69,68,48.81151796,
axes2,Saturación con AW,70,69,48.20433132,
axes2,Saturación con AW,71,70,47.61166875,
axes2,Saturación con AW,72,71,47.0333106,
axes2,Saturación con AW,73,72,46.4690355,
axes2,Saturación con AW,74,73,45.91862043,
axes2,Saturación con AW,75,74,45.38184064,
axes2,Saturación con AW,76,75,44.85846972,
axes2,Saturación con AW,77,76,44.34827955,
axes2,Saturación con AW,78,77,43.85104031,
axes2,Saturación con AW,79,78,43.36652051,
axes2,Saturación con AW,80,79,42.89448695,
axes2,Saturación con AW,81,80,42.43470474,
axes2,Saturación con AW,82,81,41.98693731,
axes2,Saturación con AW,83,82,41.55094638,
axes2,Saturación con AW,84,83,41.126492,
axes2,Saturación con AW,85,84,40.71333251,
axes2,Saturación con AW,86,85,40.31122456,
axes2,Saturación con AW,87,86,39.91992311,
axes2,Saturación con AW,88,87,39.53918144,
axes2,Saturación con AW,89,88,39.16875614,
axes2,Saturación con AW,90,89,38.8084072,
axes2,Saturación con AW,91,90,38.45789797,
axes2,Saturación con AW,92,91,38.11699525,
axes2,Saturación con AW,93,92,37.78546927,
axes2,Saturación con AW,94,93,37.46309373,
axes2,Saturación con AW,95,94,37.14964583,
axes2,Saturación con AW,96,95,36.84490632,
axes2,Saturación con AW,97,96,36.54865948,
axes2,Saturación con AW,98,97,36.26069318,
axes2,Saturación con AW,99,98,35.98079889,
axes2,Saturación con AW,100,99,35.70877172,
axes2,Saturación con AW,101,100,35.44441044,
axes2,Saturación con AW,102,101,35.18751752,
axes2,Saturación con AW,103,102,34.93789913,
axes2,Saturación con AW,104,103,34.69536517,
axes2,Saturación con AW,105,104,34.45972935,
axes2,Saturación con AW,106,105,34.23080914,
axes2,Saturación con AW,107,106,34.00842584,
axes2,Saturación con AW,108,107,33.79240461,
axes2,Saturación con AW,109,108,33.58257447,
axes2,Saturación con AW,110,109,33.37876836,
axes2,Saturación con AW,111,110,33.18082306,
axes2,Saturación con AW,112,111,32.98857916,
axes2,Saturación con AW,113,112,32.80188096,
axes2,Saturación con AW,114,113,32.62057648,
axes2,Saturación con AW,115,114,32.44451738,
axes2,Saturación con AW,116,115,32.27355888,
axes2,Saturación con AW,117,116,32.10755973,
axes2,Saturación con AW,118,117,31.94638215,
axes2,Saturación con AW,119,118,31.78989178,
axes2,Saturación con AW,120,119,31.6379576,
axes2,Saturación con AW,121,120,31.4904519,
axes2,Saturación con AW,122,121,31.34725021,
axes2,Saturación con AW,123,122,31.20823124,
axes2,Saturación con AW,124,123,31.07327684,
axes2,Saturación con AW,125,124,30.94227191,
axes2,Saturación con AW,126,125,30.81510436,
axes2,Saturación con AW,127,126,30.69166504,
axes2,Saturación con AW,128,127,30.57184771,
axes2,Saturación con AW,129,128,30.45554895,
axes2,Saturación con AW,130,129,30.34266808,
axes2,Saturación con AW,131,130,30.23310717,
axes2,Saturación con AW,132,131,30.12677089,
axes2,Saturación con AW,133,132,30.02356652,
axes2,Saturación con AW,134,133,29.92340385,
axes2,Saturación con AW,135,134,29.82619514,
axes2,Saturación con AW,136,135,29.73185505,
axes2,Saturación con AW,137,136,29.64030058,
axes2,Saturación con AW,138,137,29.55145105,
axes2,Saturación con AW,139,138,29.46522797,
axes2,Saturación con AW,140,139,29.38155506,
axes2,Saturación con AW,141,140,29.30035817,
axes2,Saturación con AW,142,141,29.22156521,
axes2,Saturación con AW,143,142,29.1451061,
axes2,Saturación con AW,144,143,29.07091275,
axes2,Saturación con AW,145,144,28.99891898,
axes2,Saturación con AW,146,145,28.92906048,
axes2,Saturación con AW,147,146,28.86127476,
axes2,Saturación con AW,148,147,28.79550112,
axes2,Saturación con AW,149,148,28.73168055,
axes2,Saturación con AW,150,149,28.66975575,
axes2,Saturación con AW,151,150,28.60967105,
axes2,Saturación con AW,152,151,28.55137238,
axes2,Saturación con AW,153,152,28.4948072,
axes2,Saturación con AW,154,153,28.4399245,
axes2,Saturación con AW,155,154,28.38667471,
axes2,Saturación con AW,156,155,28.33500972,
axes2,Saturación con AW,157,156,28.28488279,
axes2,Saturación con AW,158,157,28.23624853,
axes2,Saturación con AW,159,158,28.18906286,
axes2,Saturación con AW,160,159,28.14328299,
axes2,Saturación con AW,161,160,28.09886736,
axes2,Saturación con AW,162,161,28.05577562,
axes2,Saturación con AW,163,162,28.0139686,
axes2,Saturación con AW,164,163,27.97340826,
axes2,Saturación con AW,165,164,27.93405768,
axes2,Saturación con AW,166,165,27.895881,
axes2,Saturación con AW,167,166,27.85884342,
axes2,Saturación con AW,168,167,27.82291116,
axes2,Saturación con AW,169,168,27.78805143,
axes2,Saturación con AW,170,169,27.75423238,
axes2,Saturación con AW,171,170,27.72142312,
axes2,Saturación con AW,172,171,27.68959364,
axes2,Saturación con AW,173,172,27.65871485,
axes2,Saturación con AW,174,173,27.62875847,
axes2,Saturación con AW,175,174,27.59969708,
axes2,Saturación con AW,176,175,27.57150406,
axes2,Saturación con AW,177,176,27.54415357,
axes2,Saturación con AW,178,177,27.51762055,
axes2,Saturación con AW,179,178,27.49188064,
axes2,Saturación con AW,180,179,27.46691024,
axes2,Saturación con AW,181,180,27.44268642,
axes2,Saturación con AW,182,181,27.41918695,
axes2,Saturación con AW,183,182,27.39639023,
axes2,Saturación con AW,184,183,27.37427533,
axes2,Saturación con AW,185,184,27.35282191,
axes2,Saturación con AW,186,185,27.33201024,
axes2,Saturación con AW,187,186,27.3118212,
axes2,Saturación con AW,188,187,27.29223619,
axes2,Saturación con AW,189,188,27.27323721,
axes2,Saturación con AW,190,189,27.25480676,
axes2,Saturación con AW,191,190,27.23692787,
axes2,Saturación con AW,192,191,27.21958407,
axes2,Saturación con AW,193,192,27.2027594,
axes2,Saturación con AW,194,193,27.18643834,
axes2,Saturación con AW,195,194,27.17060586,
axes2,Saturación con AW,196,195,27.15524735,
axes2,Saturación con AW,197,196,27.14034867,
axes2,Saturación con AW,198,197,27.12589606,
axes2,Saturación con AW,199,198,27.11187621,
axes2,Saturación con AW,200,199,27.09827617,
axes2,Saturación con AW,201,200,27.08508339,
axes2,Saturación con AW,202,201,27.07228571,
axes2,Saturación con AW,203,202,27.0598713,
axes2,Saturación con AW,204,203,27.04782871,
axes2,Saturación con AW,205,204,27.03614682,
axes2,Saturación con AW,206,205,27.02481484,
axes2,Saturación con AW,207,206,27.0138223,
axes2,Saturación con AW,208,207,27.00315906,
axes2,Saturación con AW,209,208,26.99281525,
axes2,Saturación con AW,210,209,26.98278133,
axes2,Saturación con AW,211,210,26.97304801,
axes2,Saturación con AW,212,211,26.96360631,
axes2,Saturación con AW,213,212,26.95444749,
axes2,Saturación con AW,214,213,26.9455631,
axes2,Saturación con AW,215,214,26.93694491,
axes2,Saturación con AW,216,215,26.92858496,
axes2,Saturación con AW,217,216,26.92047552,
axes2,Saturación con AW,218,217,26.91260909,
axes2,Saturación con AW,219,218,26.90497839,
axes2,Saturación con AW,220,219,26.89757637,
axes2,Saturación con AW,221,220,26.89039617,
axes2,Saturación con AW,222,221,26.88343117,
axes2,Saturación con AW,223,222,26.8766749,
axes2,Saturación con AW,224,223,26.87012112,
axes2,Saturación con AW,225,224,26.86376378,
axes2,Saturación con AW,226,225,26.85759697,
axes2,Saturación con AW,227,226,26.851615,
axes2,Saturación con AW,228,227,26.84581233,
axes2,Saturación con AW,229,228,26.84018359,
axes2,Saturación con AW,230,229,26.83472357,
axes2,Saturación con AW,231,230,26.82942722,
axes2,Saturación con AW,232,231,26.82428963,
axes2,Saturación con AW,233,232,26.81930604,
axes2,Saturación con AW,234,233,26.81447184,
axes2,Saturación con AW,235,234,26.80978256,
axes2,Saturación con AW,236,235,26.80523386,
axes2,Saturación con AW,237,236,26.80082151,
axes2,Saturación con AW,238,237,26.79654145,
axes2,Saturación con AW,239,238,26.79238969,
axes2,Saturación con AW,240,239,26.7883624,
axes2,Saturación con AW,241,240,26.78445585,
axes2,Saturación con AW,242,241,26.78066642,
axes2,Saturación con AW,243,242,26.77699059,
axes2,Saturación con AW,244,243,26.77342497,
axes2,Saturación con AW,245,244,26.76996626,
axes2,Saturación con AW,246,245,26.76661124,
axes2,Saturación con AW,247,246,26.76335681,
axes2,Saturación con AW,248,247,26.76019996,
axes2,Saturación con AW,249,248,26.75713775,
axes2,Saturación con AW,250,249,26.75416737,
axes2,Saturación con AW,251,250,26.75128604,
axes2,Saturación con AW,252,251,26.7484911,
axes2,Saturación con AW,253,252,26.74577997,
axes2,Saturación con AW,254,253,26.74315013,
axes2,Saturación con AW,255,254,26.74059914,
axes2,Saturación con AW,256,255,26.73812465,
axes2,Saturación con AW,257,256,26.73572435,
axes2,Saturación con AW,258,257,26.73339602,
axes2,Saturación con AW,259,258,26.73113751,
axes2,Saturación con AW,260,259,26.72894672,
axes2,Saturación con AW,261,260,26.72682163,
axes2,Saturación con AW,262,261,26.72476025,
axes2,Saturación con AW,263,262,26.72276069,
axes2,Saturación con AW,264,263,26.72082109,
axes2,Saturación con AW,265,264,26.71893966,
axes2,Saturación con AW,266,265,26.71711464,
axes2,Saturación con AW,267,266,26.71534434,
axes2,Saturación con AW,268,267,26.71362714,
axes2,Saturación con AW,269,268,26.71196143,
axes2,Saturación con AW,270,269,26.71034566,
axes2,Saturación con AW,271,270,26.70877836,
axes2,Saturación con AW,272,271,26.70725805,
axes2,Saturación con AW,273,272,26.70578333,
axes2,Saturación con AW,274,273,26.70435284,
axes2,Saturación con AW,275,274,26.70296525,
axes2,Saturación con AW,276,275,26.70161927,
axes2,Saturación con AW,277,276,26.70031365,
axes2,Saturación con AW,278,277,26.69904719,
axes2,Saturación con AW,279,278,26.69781871,
axes2,Saturación con AW,280,279,26.69662707,
axes2,Saturación con AW,281,280,26.69547116,
axes2,Saturación con AW,282,281,26.69434993,
axes2,Saturación con AW,283,282,26.69326231,
axes2,Saturación con AW,284,283,26.69220732,
axes2,Saturación con AW,285,284,26.69118396,
axes2,Saturación con AW,286,285,26.6901913,
axes2,Saturación con AW,287,286,26.68922841,
axes2,Saturación con AW,288,287,26.68829439,
axes2,Saturación con AW,289,288,26.68738839,
axes2,Saturación con AW,290,289,26.68650956,
axes2,Saturación con AW,291,290,26.68565708,
axes2,Saturación con AW,292,291,26.68483018,
axes2,Saturación con AW,293,292,26.68402807,
axes2,Saturación con AW,294,293,26.68325002,
axes2,Saturación con AW,295,294,26.68249531,
axes2,Saturación con AW,296,295,26.68176323,
axes2,Saturación con AW,297,296,26.68105311,
axes2,Saturación con AW,298,297,26.68036428,
axes2,Saturación con AW,299,298,26.67969612,
axes2,Saturación con AW,300,299,26.67904799,
axes2,Saturación con AW,301,300,26.67841931,
axes2,Saturación con AW,302,301,26.67780948,
axes2,Saturación con AW,303,302,26.67721795,
axes2,Saturación con AW,304,303,26.67664415,
axes2,Saturación con AW,305,304,26.67608757,
axes2,Saturación con AW,306,305,26.67554768,
axes2,Saturación con AW,307,306,26.67502398,
axes2,Saturación con AW,308,307,26.67451599,
axes2,Saturación con AW,309,308,26.67402324,
axes2,Saturación con AW,310,309,26.67354527,
axes2,Saturación con AW,311,310,26.67308163,
axes2,Saturación con AW,312,311,26.67263191,
axes2,Saturación con AW,313,312,26.67219567,
axes2,Saturación con AW,314,313,26.67177252,
axes2,Saturación con AW,315,314,26.67136206,
axes2,Saturación con AW,316,315,26.67096391,
axes2,Saturación con AW,317,316,26.67057771,
axes2,Saturación con AW,318,317,26.67020309,
axes2,Saturación con AW,319,318,26.66983971,
axes2,Saturación con AW,320,319,26.66948722,
axes2,Saturación con AW,321,320,26.66914532,
axes2,Saturación con AW,322,321,26.66881367,
axes2,Saturación con AW,323,322,26.66849196,
axes2,Saturación con AW,324,323,26.66817991,
axes2,Saturación con AW,325,324,26.66787722,
axes2,Saturación con AW,326,325,26.66758361,
axes2,Saturación con AW,327,326,26.66729881,
axes2,Saturación con AW,328,327,26.66702255,
axes2,Saturación con AW,329,328,26.66675458,
axes2,Saturación con AW,330,329,26.66649465,
axes2,Saturación con AW,331,330,26.66624252,
axes2,Saturación con AW,332,331,26.66599795,
axes2,Saturación con AW,333,332,26.66576072,
axes2,Saturación con AW,334,333,26.66553061,
axes2,Saturación con AW,335,334,26.6653074,
axes2,Saturación con AW,336,335,26.66509088,
axes2,Saturación con AW,337,336,26.66488086,
axes2,Saturación con AW,338,337,26.66467715,
axes2,Saturación con AW,339,338,26.66447955,
axes2,Saturación con AW,340,339,26.66428787,
axes2,Saturación con AW,341,340,26.66410195,
axes2,Saturación con AW,342,341,26.6639216,
axes2,Saturación con AW,343,342,26.66374667,
axes2,Saturación con AW,344,343,26.66357698,
axes2,Saturación con AW,345,344,26.66341239,
axes2,Saturación con AW,346,345,26.66325273,
axes2,Saturación con AW,347,346,26.66309787,
axes2,Saturación con AW,348,347,26.66294765,
axes2,Saturación con AW,349,348,26.66280195,
axes2,Saturación con AW,350,349,26.66266061,
axes2,Saturación con AW,351,350,26.66252351,
axes2,Saturación con AW,352,351,26.66239053,
axes2,Saturación con AW,353,352,26.66226154,
axes2,Saturación con AW,354,353,26.66213642,
axes2,Saturación con AW,355,354,26.66201506,
axes2,Saturación con AW,356,355,26.66189734,
axes2,Saturación con AW,357,356,26.66178315,
axes2,Saturación con AW,358,357,26.66167239,
axes2,Saturación con AW,359,358,26.66156495,
axes2,Saturación con AW,360,359,26.66146074,
axes2,Saturación con AW,361,360,26.66135966,
axes2,Saturación con AW,362,361,26.66126161,
axes2,Saturación con AW,363,362,26.6611665,
axes2,Saturación con AW,364,363,26.66107425,
axes2,Saturación con AW,365,364,26.66098476,
axes2,Saturación con AW,366,365,26.66089797,
axes2,Saturación con AW,367,366,26.66081378,
axes2,Saturación con AW,368,367,26.66073211,
axes2,Saturación con AW,369,368,26.6606529,
axes2,Saturación con AW,370,369,26.66057607,
axes2,Saturación con AW,371,370,26.66050154,
axes2,Saturación con AW,372,371,26.66042925,
axes2,Saturación con AW,373,372,26.66035913,
axes2,Saturación con AW,374,373,26.66029112,
axes2,Saturación con AW,375,374,26.66022515,
axes2,Saturación con AW,376,375,26.66016116,
axes2,Saturación con AW,377,376,26.66009909,
axes2,Saturación con AW,378,377,26.66003888,
axes2,Saturación con AW,379,378,26.65998048,
axes2,Saturación con AW,380,379,26.65992384,
axes2,Saturación con AW,381,380,26.6598689,
axes2,Saturación con AW,382,381,26.65981561,
axes2,Saturación con AW,383,382,26.65976392,
axes2,Saturación con AW,384,383,26.65971378,
axes2,Saturación con AW,385,384,26.65966514,
axes2,Saturación con AW,386,385,26.65961797,
axes2,Saturación con AW,387,386,26.65957222,
axes2,Saturación con AW,388,387,26.65952784,
axes2,Saturación con AW,389,388,26.65948479,
axes2,Saturación con AW,390,389,26.65944304,
axes2,Saturación con AW,391,390,26.65940254,
axes2,Saturación con AW,392,391,26.65936326,
axes2,Saturación con AW,393,392,26.65932515,
axes2,Saturación con AW,394,393,26.6592882,
axes2,Saturación con AW,395,394,26.65925235,
axes2,Saturación con AW,396,395,26.65921758,
axes2,Saturación con AW,397,396,26.65918386,
axes2,Saturación con AW,398,397,26.65915115,
axes2,Saturación con AW,399,398,26.65911942,
axes2,Saturación con AW,400,399,26.65908865,
axes2,Saturación con AW,401,400,26.6590588,
axes2,Saturación con AW,402,401,26.65902985,
axes2,Saturación con AW,403,402,26.65900177,
axes2,Saturación con AW,404,403,26.65897453,
axes2,Saturación con AW,405,404,26.65894812,
axes2,Saturación con AW,406,405,26.65892249,
axes2,Saturación con AW,407,406,26.65889764,
axes2,Saturación con AW,408,407,26.65887354,
axes2,Saturación con AW,409,408,26.65885016,
axes2,Saturación con AW,410,409,26.65882748,
axes2,Saturación con AW,411,410,26.65880549,
axes2,Saturación con AW,412,411,26.65878416,
axes2,Saturación con AW,413,412,26.65876347,
axes2,Saturación con AW,414,413,26.6587434,
axes2,Saturación con AW,415,414,26.65872393,
axes2,Saturación con AW,416,415,26.65870506,
axes2,Saturación con AW,417,416,26.65868675,
axes2,Saturación con AW,418,417,26.65866899,
axes2,Saturación con AW,419,418,26.65865176,
axes2,Saturación con AW,420,419,26.65863506,
axes2,Saturación con AW,421,420,26.65861885,
axes2,Saturación con AW,422,421,26.65860314,
axes2,Saturación con AW,423,422,26.6585879,
axes2,Saturación con AW,424,423,26.65857312,
axes2,Saturación con AW,425,424,26.65855878,
axes2,Saturación con AW,426,425,26.65854487,
axes2,Saturación con AW,427,426,26.65853139,
axes2,Saturación con AW,428,427,26.65851831,
axes2,Saturación con AW,429,428,26.65850562,
axes2,Saturación con AW,430,429,26.65849332,
axes2,Saturación con AW,431,430,26.65848139,
axes2,Saturación con AW,432,431,26.65846982,
axes2,Saturación con AW,433,432,26.65845859,
axes2,Saturación con AW,434,433,26.65844771,
axes2,Saturación con AW,435,434,26.65843715,
axes2,Saturación con AW,436,435,26.65842691,
axes2,Saturación con AW,437,436,26.65841698,
axes2,Saturación con AW,438,437,26.65840735,
axes2,Saturación con AW,439,438,26.65839802,
axes2,Saturación con AW,440,439,26.65838896,
axes2,Saturación con AW,441,440,26.65838017,
axes2,Saturación con AW,442,441,26.65837166,
axes2,Saturación con AW,443,442,26.6583634,
axes2,Saturación con AW,444,443,26.65835538,
axes2,Saturación con AW,445,444,26.65834761,
axes2,Saturación con AW,446,445,26.65834008,
axes2,Saturación con AW,447,446,26.65833277,
axes2,Saturación con AW,448,447,26.65832569,
axes2,Saturación con AW,449,448,26.65831881,
axes2,Saturación con AW,450,449,26.65831215,
axes2,Saturación con AW,451,450,26.65830569,
axes2,Saturación con AW,452,451,26.65829942,
axes2,Saturación con AW,453,452,26.65829334,
axes2,Saturación con AW,454,453,26.65828745,
axes2,Saturación con AW,455,454,26.65828174,
axes2,Saturación con AW,456,455,26.65827619,
axes2,Saturación con AW,457,456,26.65827082,
axes2,Saturación con AW,458,457,26.65826561,
axes2,Saturación con AW,459,458,26.65826056,
axes2,Saturación con AW,460,459,26.65825566,
axes2,Saturación con AW,461,460,26.65825091,
axes2,Saturación con AW,462,461,26.6582463,
axes2,Saturación con AW,463,462,26.65824183,
axes2,Saturación con AW,464,463,26.6582375,
axes2,Saturación con AW,465,464,26.6582333,
axes2,Saturación con AW,466,465,26.65822923,
axes2,Saturación con AW,467,466,26.65822528,
axes2,Saturación con AW,468,467,26.65822145,
axes2,Saturación con AW,469,468,26.65821774,
axes2,Saturación con AW,470,469,26.65821414,
axes2,Saturación con AW,471,470,26.65821065,
axes2,Saturación con AW,472,471,26.65820726,
axes2,Saturación con AW,473,472,26.65820398,
axes2,Saturación con AW,474,473,26.6582008,
axes2,Saturación con AW,475,474,26.65819772,
axes2,Saturación con AW,476,475,26.65819473,
axes2,Saturación con AW,477,476,26.65819183,
axes2,Saturación con AW,478,477,26.65818902,
axes2,Saturación con AW,479,478,26.6581863,
axes2,Saturación con AW,480,479,26.65818365,
axes2,Saturación con AW,481,480,26.65818109,
axes2,Saturación con AW,482,481,26.65817861,
axes2,Saturación con AW,483,482,26.65817621,
axes2,Saturación con AW,484,483,26.65817387,
axes2,Saturación con AW,485,484,26.65817161,
axes2,Saturación con AW,486,485,26.65816942,
axes2,Saturación con AW,487,486,26.65816729,
axes2,Saturación con AW,488,487,26.65816524,
axes2,Saturación con AW,489,488,26.65816324,
axes2,Saturación con AW,490,489,26.6581613,
axes2,Saturación con AW,491,490,26.65815943,
axes2,Saturación con AW,492,491,26.65815761,
axes2,Saturación con AW,493,492,26.65815585,
axes2,Saturación con AW,494,493,26.65815414,
axes2,Saturación con AW,495,494,26.65815248,
axes2,Saturación con AW,496,495,26.65815088,
axes2,Saturación con AW,497,496,26.65814933,
axes2,Saturación con AW,498,497,26.65814782,
axes2,Saturación con AW,499,498,26.65814636,
axes2,Saturación con AW,500,499,26.65814494,
axes2,Saturación con AW,501,500,26.65814357,
axes2,Saturación con AW,502,501,26.65814224,
axes2,Saturación con AW,503,502,26.65814095,
axes2,Saturación con AW,504,503,26.65813971,
axes2,Saturación con AW,505,504,26.6581385,
axes2,Saturación con AW,506,505,26.65813733,
axes2,Saturación con AW,507,506,26.65813619,
axes2,Saturación con AW,508,507,26.65813509,
axes2,Saturación con AW,509,508,26.65813403,
axes2,Saturación con AW,510,509,26.65813299,
axes2,Saturación con AW,511,510,26.65813199,
axes2,Saturación con AW,512,511,26.65813103,
axes2,Saturación con AW,513,512,26.65813009,
axes2,Saturación con AW,514,513,26.65812918,
axes2,Saturación con AW,515,514,26.6581283,
axes2,Saturación con AW,516,515,26.65812744,
axes2,Saturación con AW,517,516,26.65812662,
axes2,Saturación con AW,518,517,26.65812582,
axes2,Saturación con AW,519,518,26.65812504,
axes2,Saturación con AW,520,519,26.65812429,
axes2,Saturación con AW,521,520,26.65812357,
axes2,Saturación con AW,522,521,26.65812286,
axes2,Saturación con AW,523,522,26.65812218,
axes2,Saturación con AW,524,523,26.65812152,
axes2,Saturación con AW,525,524,26.65812088,
axes2,Saturación con AW,526,525,26.65812026,
axes2,Saturación con AW,527,526,26.65811967,
axes2,Saturación con AW,528,527,26.65811909,
axes2,Saturación con AW,529,528,26.65811852,
axes2,Saturación con AW,530,529,26.65811798,
axes2,Saturación con AW,531,530,26.65811746,
axes2,Saturación con AW,532,531,26.65811695,
axes2,Saturación con AW,533,532,26.65811645,
axes2,Saturación con AW,534,533,26.65811598,
axes2,Saturación con AW,535,534,26.65811552,
axes2,Saturación con AW,536,535,26.65811507,
axes2,Saturación con AW,537,536,26.65811464,
axes2,Saturación con AW,538,537,26.65811422,
axes2,Saturación con AW,539,538,26.65811382,
axes2,Saturación con AW,540,539,26.65811343,
axes2,Saturación con AW,541,540,26.65811305,
axes2,Saturación con AW,542,541,26.65811268,
axes2,Saturación con AW,543,542,26.65811233,
axes2,Saturación con AW,544,543,26.65811199,
axes2,Saturación con AW,545,544,26.65811166,
axes2,Saturación con AW,546,545,26.65811134,
axes2,Saturación con AW,547,546,26.65811103,
axes2,Saturación con AW,548,547,26.65811073,
axes2,Saturación con AW,549,548,26.65811044,
axes2,Saturación con AW,550,549,26.65811016,
axes2,Saturación con AW,551,550,26.65810989,
axes2,Saturación con AW,552,551,26.65810963,
axes2,Saturación con AW,553,552,26.65810938,
axes2,Saturación con AW,554,553,26.65810914,
axes2,Saturación con AW,555,554,26.6581089,
axes2,Saturación con AW,556,555,26.65810868,
axes2,Saturación con AW,557,556,26.65810846,
axes2,Saturación con AW,558,557,26.65810825,
axes2,Saturación con AW,559,558,26.65810804,
axes2,Saturación con AW,560,559,26.65810785,
axes2,Saturación con AW,561,560,26.65810766,
axes2,Saturación con AW,562,561,26.65810747,
axes2,Saturación con AW,563,562,26.6581073,
axes2,Saturación con AW,564,563,26.65810712,
axes2,Saturación con AW,565,564,26.65810696,
axes2,Saturación con AW,566,565,26.6581068,
axes2,Saturación con AW,567,566,26.65810665,
axes2,Saturación con AW,568,567,26.6581065,
axes2,Saturación con AW,569,568,26.65810636,
axes2,Saturación con AW,570,569,26.65810622,
axes2,Saturación con AW,571,570,26.65810609,
axes2,Saturación con AW,572,571,26.65810596,
axes2,Saturación con AW,573,572,26.65810584,
axes2,Saturación con AW,574,573,26.65810572,
axes2,Saturación con AW,575,574,26.65810561,
axes2,Saturación con AW,576,575,26.6581055,
axes2,Saturación con AW,577,576,26.6581054,
axes2,Saturación con AW,578,577,26.6581053,
axes2,Saturación con AW,579,578,26.6581052,
axes2,Saturación con AW,580,579,26.65810511,
axes2,Saturación con AW,581,580,26.65810502,
axes2,Saturación con AW,582,581,26.65810493,
axes2,Saturación con AW,583,582,26.65810485,
axes2,Saturación con AW,584,583,26.65810477,
axes2,Saturación con AW,585,584,26.65810469,
axes2,Saturación con AW,586,585,26.65810462,
axes2,Saturación con AW,587,586,26.65810455,
axes2,Saturación con AW,588,587,26.65810448,
axes2,Saturación con AW,589,588,26.65810442,
axes2,Saturación con AW,590,589,26.65810436,
axes2,Saturación con AW,591,590,26.6581043,
axes2,Saturación con AW,592,591,26.65810424,
axes2,Saturación con AW,593,592,26.65810419,
axes2,Saturación con AW,594,593,26.65810414,
axes2,Saturación con AW,595,594,26.65810409,
axes2,Saturación con AW,596,595,26.65810405,
axes2,Saturación con AW,597,596,26.658104,
axes2,Saturación con AW,598,597,26.65810396,
axes2,Saturación con AW,599,598,26.65810392,
axes2,Saturación con AW,600,599,26.65810388,
axes2,Saturación con AW,601,600,26.65810385,
axes2,Saturación con AW,602,601,26.65810381,
axes2,Saturación con AW,603,602,26.65810378,
axes2,Saturación con AW,604,603,26.65810375,
axes2,Saturación con AW,605,604,26.65810372,
axes2,Saturación con AW,606,605,26.65810369,
axes2,Saturación con AW,607,606,26.65810367,
axes2,Saturación con AW,608,607,26.65810364,
axes2,Saturación con AW,609,608,26.65810362,
axes2,Saturación con AW,610,609,26.6581036,
axes2,Saturación con AW,611,610,26.65810358,
axes2,Saturación con AW,612,611,26.65810356,
axes2,Saturación con AW,613,612,26.65810354,
axes2,Saturación con AW,614,613,26.65810353,
axes2,Saturación con AW,615,614,26.65810351,
axes2,Saturación con AW,616,615,26.6581035,
axes2,Saturación con AW,617,616,26.65810349,
axes2,Saturación con AW,618,617,26.65810347,
axes2,Saturación con AW,619,618,26.65810346,
axes2,Saturación con AW,620,619,26.65810346,
axes2,Saturación con AW,621,620,26.65810345,
axes2,Saturación con AW,622,621,26.65810344,
axes2,Saturación con AW,623,622,26.65810343,
axes2,Saturación con AW,624,623,26.65810343,
axes2,Saturación con AW,625,624,26.65810342,
axes2,Saturación con AW,626,625,26.65810342,
axes2,Saturación con AW,627,626,26.65810342,
axes2,Saturación con AW,628,627,26.65810341,
axes2,Saturación con AW,629,628,26.65810341,
axes2,Saturación con AW,630,629,26.65810341,
axes2,Saturación con AW,631,630,26.65810341,
axes2,Saturación con AW,632,631,26.65810341,
axes2,Saturación con AW,633,632,26.65810341,
axes2,Saturación con AW,634,633,26.65810342,
axes2,Saturación con AW,635,634,26.65810342,
axes2,Saturación con AW,636,635,26.65810342,
axes2,Saturación con AW,637,636,26.65810342,
axes2,Saturación con AW,638,637,26.65810343,
axes2,Saturación con AW,639,638,26.65810343,
axes2,Saturación con AW,640,639,26.65810344,
axes2,Saturación con AW,641,640,26.65810344,
axes2,Saturación con AW,642,641,26.65810345,
axes2,Saturación con AW,643,642,26.65810346,
axes2,Saturación con AW,644,643,26.65810346,
axes2,Saturación con AW,645,644,26.65810347,
axes2,Saturación con AW,646,645,26.65810348,
axes2,Saturación con AW,647,646,26.65810349,
axes2,Saturación con AW,648,647,26.6581035,
axes2,Saturación con AW,649,648,26.6581035,
axes2,Saturación con AW,650,649,26.65810351,
axes2,Saturación con AW,651,650,26.65810352,
axes2,Saturación con AW,652,651,26.65810353,
axes2,Saturación con AW,653,652,26.65810354,
axes2,Saturación con AW,654,653,26.65810355,
axes2,Saturación con AW,655,654,26.65810357,
axes2,Saturación con AW,656,655,26.65810358,
axes2,Saturación con AW,657,656,26.65810359,
axes2,Saturación con AW,658,657,26.6581036,
axes2,Saturación con AW,659,658,26.65810361,
axes2,Saturación con AW,660,659,26.65810362,
axes2,Saturación con AW,661,660,26.65810364,
axes2,Saturación con AW,662,661,26.65810365,
axes2,Saturación con AW,663,662,26.65810366,
axes2,Saturación con AW,664,663,26.65810367,
axes2,Saturación con AW,665,664,26.65810369,
axes2,Saturación con AW,666,665,26.6581037,
axes2,Saturación con AW,667,666,26.65810371,
axes2,Saturación con AW,668,667,26.65810373,
axes2,Saturación con AW,669,668,26.65810374,
axes2,Saturación con AW,670,669,26.65810375,
axes2,Saturación con AW,671,670,26.65810377,
axes2,Saturación con AW,672,671,26.65810378,
axes2,Saturación con AW,673,672,26.6581038,
axes2,Saturación con AW,674,673,26.65810381,
axes2,Saturación con AW,675,674,26.65810382,
axes2,Saturación con AW,676,675,26.65810384,
axes2,Saturación con AW,677,676,26.65810385,
axes2,Saturación con AW,678,677,26.65810387,
axes2,Saturación con AW,679,678,26.65810388,
axes2,Saturación con AW,680,679,26.6581039,
axes2,Saturación con AW,681,680,26.65810391,
axes2,Saturación con AW,682,681,26.65810393,
axes2,Saturación con AW,683,682,26.65810394,
axes2,Saturación con AW,684,683,26.65810396,
axes2,Saturación con AW,685,684,26.65810397,
axes2,Saturación con AW,686,685,26.65810399,
axes2,Saturación con AW,687,686,26.658104,
axes2,Saturación con AW,688,687,26.65810402,
axes2,Saturación con AW,689,688,26.65810403,
axes2,Saturación con AW,690,689,26.65810405,
axes2,Saturación con AW,691,690,26.65810406,
axes2,Saturación con AW,692,691,26.65810408,
axes2,Saturación con AW,693,692,26.65810409,
axes2,Saturación con AW,694,693,26.65810411,
axes2,Saturación con AW,695,694,26.65810413,
axes2,Saturación con AW,696,695,26.65810414,
axes2,Saturación con AW,697,696,26.65810416,
axes2,Saturación con AW,698,697,26.65810417,
axes2,Saturación con AW,699,698,26.65810419,
axes2,Saturación con AW,700,699,26.6581042,
axes2,Saturación con AW,701,700,26.65810422,
axes2,Saturación con AW,702,701,26.65810423,
axes2,Saturación con AW,703,702,26.65810425,
axes2,Saturación con AW,704,703,26.65810427,
axes2,Saturación con AW,705,704,26.65810428,
axes2,Saturación con AW,706,705,26.6581043,
axes2,Saturación con AW,707,706,26.65810431,
axes2,Saturación con AW,708,707,26.65810433,
axes2,Saturación con AW,709,708,26.65810434,
axes2,Saturación con AW,710,709,26.65810436,
axes2,Saturación con AW,711,710,26.65810437,
axes2,Saturación con AW,712,711,26.65810439,
axes2,Saturación con AW,713,712,26.6581044,
axes2,Saturación con AW,714,713,26.65810442,
axes2,Saturación con AW,715,714,26.65810443,
axes2,Saturación con AW,716,715,26.65810445,
axes2,Saturación con AW,717,716,26.65810446,
axes2,Saturación con AW,718,717,26.65810448,
axes2,Saturación con AW,719,718,26.6581045,
axes2,Saturación con AW,720,719,26.65810451,
axes2,Saturación con AW,721,720,26.65810453,
axes2,Saturación con AW,722,721,26.65810454,
axes2,Saturación con AW,723,722,26.65810456,
axes2,Saturación con AW,724,723,26.65810457,
axes2,Saturación con AW,725,724,26.65810459,
axes2,Saturación con AW,726,725,26.6581046,
axes2,Saturación con AW,727,726,26.65810462,
axes2,Saturación con AW,728,727,26.65810463,
axes2,Saturación con AW,729,728,26.65810464,
axes2,Saturación con AW,730,729,26.65810466,
axes2,Saturación con AW,731,730,26.65810467,
axes2,Saturación con AW,732,731,26.65810469,
axes2,Saturación con AW,733,732,26.6581047,
axes2,Saturación con AW,734,733,26.65810472,
axes2,Saturación con AW,735,734,26.65810473,
axes2,Saturación con AW,736,735,26.65810475,
axes2,Saturación con AW,737,736,26.65810476,
axes2,Saturación con AW,738,737,26.65810478,
axes2,Saturación con AW,739,738,26.65810479,
axes2,Saturación con AW,740,739,26.6581048,
axes2,Saturación con AW,741,740,26.65810482,
axes2,Saturación con AW,742,741,26.65810483,
axes2,Saturación con AW,743,742,26.65810485,
axes2,Saturación con AW,744,743,26.65810486,
axes2,Saturación con AW,745,744,26.65810487,
axes2,Saturación con AW,746,745,26.65810489,
axes2,Saturación con AW,747,746,26.6581049,
axes2,Saturación con AW,748,747,26.65810492,
axes2,Saturación con AW,749,748,26.65810493,
axes2,Saturación con AW,750,749,26.65810494,
axes2,Saturación con AW,751,750,26.65810496,
axes2,Saturación con AW,752,751,26.65810497,
axes2,Saturación con AW,753,752,26.65810498,
axes2,Saturación con AW,754,753,26.658105,
axes2,Saturación con AW,755,754,26.65810501,
axes2,Saturación con AW,756,755,26.65810502,
axes2,Saturación con AW,757,756,26.65810504,
axes2,Saturación con AW,758,757,26.65810505,
axes2,Saturación con AW,759,758,26.65810506,
axes2,Saturación con AW,760,759,26.65810508,
axes2,Saturación con AW,761,760,26.65810509,
axes2,Saturación con AW,762,761,26.6581051,
axes2,Saturación con AW,763,762,26.65810512,
axes2,Saturación con AW,764,763,26.65810513,
axes2,Saturación con AW,765,764,26.65810514,
axes2,Saturación con AW,766,765,26.65810516,
axes2,Saturación con AW,767,766,26.65810517,
axes2,Saturación con AW,768,767,26.65810518,
axes2,Saturación con AW,769,768,26.65810519,
axes2,Saturación con AW,770,769,26.65810521,
axes2,Saturación con AW,771,770,26.65810522,
axes2,Saturación con AW,772,771,26.65810523,
axes2,Saturación con AW,773,772,26.65810524,
axes2,Saturación con AW,774,773,26.65810526,
axes2,Saturación con AW,775,774,26.65810527,
axes2,Saturación con AW,776,775,26.65810528,
axes2,Saturación con AW,777,776,26.65810529,
axes2,Saturación con AW,778,777,26.65810531,
axes2,Saturación con AW,779,778,26.65810532,
axes2,Saturación con AW,780,779,26.65810533,
axes2,Saturación con AW,781,780,26.65810534,
axes2,Saturación con AW,782,781,26.65810535,
axes2,Saturación con AW,783,782,26.65810536,
axes2,Saturación con AW,784,783,26.65810538,
axes2,Saturación con AW,785,784,26.65810539,
axes2,Saturación con AW,786,785,26.6581054,
axes2,Saturación con AW,787,786,26.65810541,
axes2,Saturación con AW,788,787,26.65810542,
axes2,Saturación con AW,789,788,26.65810543,
axes2,Saturación con AW,790,789,26.65810545,
axes2,Saturación con AW,791,790,26.65810546,
axes2,Saturación con AW,792,791,26.65810547,
axes2,Saturación con AW,793,792,26.65810548,
axes2,Saturación con AW,794,793,26.65810549,
axes2,Saturación con AW,795,794,26.6581055,
axes2,Saturación con AW,796,795,26.65810551,
axes2,Saturación con AW,797,796,26.65810553,
axes2,Saturación con AW,798,797,26.65810554,
axes2,Saturación con AW,799,798,26.65810555,
axes2,Saturación con AW,800,799,26.65810556,
axes2,Saturación con AW,801,800,26.65810557,
axes2,Saturación con AW,802,801,26.65810558,
axes2,Saturación con AW,803,802,26.65810559,
axes2,Saturación con AW,804,803,26.6581056,
axes2,Saturación con AW,805,804,26.65810561,
axes2,Saturación con AW,806,805,26.65810562,
axes2,Saturación con AW,807,806,26.65810563,
axes2,Saturación con AW,808,807,26.65810564,
axes2,Saturación con AW,809,808,26.65810565,
axes2,Saturación con AW,810,809,26.65810566,
axes2,Saturación con AW,811,810,26.65810567,
axes2,Saturación con AW,812,811,26.65810568,
axes2,Saturación con AW,813,812,26.6581057,
axes2,Saturación con AW,814,813,26.65810571,
axes2,Saturación con AW,815,814,26.65810572,
axes2,Saturación con AW,816,815,26.65810573,
axes2,Saturación con AW,817,816,26.65810574,
axes2,Saturación con AW,818,817,26.65810575,
axes2,Saturación con AW,819,818,26.65810576,
axes2,Saturación con AW,820,819,26.65810577,
axes2,Saturación con AW,821,820,26.65810578,
axes2,Saturación con AW,822,821,26.65810579,
axes2,Saturación con AW,823,822,26.65810579,
axes2,Saturación con AW,824,823,26.6581058,
axes2,Saturación con AW,825,824,26.65810581,
axes2,Saturación con AW,826,825,26.65810582,
axes2,Saturación con AW,827,826,26.65810583,
axes2,Saturación con AW,828,827,26.65810584,
axes2,Saturación con AW,829,828,26.65810585,
axes2,Saturación con AW,830,829,26.65810586,
axes2,Saturación con AW,831,830,26.65810587,
axes2,Saturación con AW,832,831,26.65810588,
axes2,Saturación con AW,833,832,26.65810589,
axes2,Saturación con AW,834,833,26.6581059,
axes2,Saturación con AW,835,834,26.65810591,
axes2,Saturación con AW,836,835,26.65810592,
axes2,Saturación con AW,837,836,26.65810593,
axes2,Saturación con AW,838,837,26.65810593,
axes2,Saturación con AW,839,838,26.65810594,
axes2,Saturación con AW,840,839,26.65810595,
axes2,Saturación con AW,841,840,26.65810596,
axes2,Saturación con AW,842,841,26.65810597,
axes2,Saturación con AW,843,842,26.65810598,
axes2,Saturación con AW,844,843,26.65810599,
axes2,Saturación con AW,845,844,26.658106,
axes2,Saturación con AW,846,845,26.65810601,
axes2,Saturación con AW,847,846,26.65810601,
axes2,Saturación con AW,848,847,26.65810602,
axes2,Saturación con AW,849,848,26.65810603,
axes2,Saturación con AW,850,849,26.65810604,
axes2,Saturación con AW,851,850,26.65810605,
axes2,Saturación con AW,852,851,26.65810606,
axes2,Saturación con AW,853,852,26.65810606,
axes2,Saturación con AW,854,853,26.65810607,
axes2,Saturación con AW,855,854,26.65810608,
axes2,Saturación con AW,856,855,26.65810609,
axes2,Saturación con AW,857,856,26.6581061,
axes2,Saturación con AW,858,857,26.65810611,
axes2,Saturación con AW,859,858,26.65810611,
axes2,Saturación con AW,860,859,26.65810612,
axes2,Saturación con AW,861,860,26.65810613,
axes2,Saturación con AW,862,861,26.65810614,
axes2,Saturación con AW,863,862,26.65810615,
axes2,Saturación con AW,864,863,26.65810615,
axes2,Saturación con AW,865,864,26.65810616,
axes2,Saturación con AW,866,865,26.65810617,
axes2,Saturación con AW,867,866,26.65810618,
axes2,Saturación con AW,868,867,26.65810618,
axes2,Saturación con AW,869,868,26.65810619,
axes2,Saturación con AW,870,869,26.6581062,
axes2,Saturación con AW,871,870,26.65810621,
axes2,Saturación con AW,872,871,26.65810621,
axes2,Saturación con AW,873,872,26.65810622,
axes2,Saturación con AW,874,873,26.65810623,
axes2,Saturación con AW,875,874,26.65810624,
axes2,Saturación con AW,876,875,26.65810624,
axes2,Saturación con AW,877,876,26.65810625,
axes2,Saturación con AW,878,877,26.65810626,
axes2,Saturación con AW,879,878,26.65810627,
axes2,Saturación con AW,880,879,26.65810627,
axes2,Saturación con AW,881,880,26.65810628,
axes2,Saturación con AW,882,881,26.65810629,
axes2,Saturación con AW,883,882,26.6581063,
axes2,Saturación con AW,884,883,26.6581063,
axes2,Saturación con AW,885,884,26.65810631,
axes2,Saturación con AW,886,885,26.65810632,
axes2,Saturación con AW,887,886,26.65810632,
axes2,Saturación con AW,888,887,26.65810633,
axes2,Saturación con AW,889,888,26.65810634,
axes2,Saturación con AW,890,889,26.65810634,
axes2,Saturación con AW,891,890,26.65810635,
axes2,Saturación con AW,892,891,26.65810636,
axes2,Saturación con AW,893,892,26.65810636,
axes2,Saturación con AW,894,893,26.65810637,
axes2,Saturación con AW,895,894,26.65810638,
axes2,Saturación con AW,896,895,26.65810638,
axes2,Saturación con AW,897,896,26.65810639,
axes2,Saturación con AW,898,897,26.6581064,
axes2,Saturación con AW,899,898,26.6581064,
axes2,Saturación con AW,900,899,26.65810641,
axes2,Saturación con AW,901,900,26.65810642,
axes2,Saturación con AW,902,901,26.65810642,
axes2,Saturación con AW,903,902,26.65810643,
axes2,Saturación con AW,904,903,26.65810644,
axes2,Saturación con AW,905,904,26.65810644,
axes2,Saturación con AW,906,905,26.65810645,
axes2,Saturación con AW,907,906,26.65810646,
axes2,Saturación con AW,908,907,26.65810646,
axes2,Saturación con AW,909,908,26.65810647,
axes2,Saturación con AW,910,909,26.65810647,
axes2,Saturación con AW,911,910,26.65810648,
axes2,Saturación con AW,912,911,26.65810649,
axes2,Saturación con AW,913,912,26.65810649,
axes2,Saturación con AW,914,913,26.6581065,
axes2,Saturación con AW,915,914,26.6581065,
axes2,Saturación con AW,916,915,26.65810651,
axes2,Saturación con AW,917,916,26.65810652,
axes2,Saturación con AW,918,917,26.65810652,
axes2,Saturación con AW,919,918,26.65810653,
axes2,Saturación con AW,920,919,26.65810653,
axes2,Saturación con AW,921,920,26.65810654,
axes2,Saturación con AW,922,921,26.65810655,
axes2,Saturación con AW,923,922,26.65810655,
axes2,Saturación con AW,924,923,26.65810656,
axes2,Saturación con AW,925,924,26.65810656,
axes2,Saturación con AW,926,925,26.65810657,
axes2,Saturación con AW,927,926,26.65810657,
axes2,Saturación con AW,928,927,26.65810658,
axes2,Saturación con AW,929,928,26.65810659,
axes2,Saturación con AW,930,929,26.65810659,
axes2,Saturación con AW,931,930,26.6581066,
axes2,Saturación con AW,932,931,26.6581066,
axes2,Saturación con AW,933,932,26.65810661,
axes2,Saturación con AW,934,933,26.65810661,
axes2,Saturación con AW,935,934,26.65810662,
axes2,Saturación con AW,936,935,26.65810662,
axes2,Saturación con AW,937,936,26.65810663,
axes2,Saturación con AW,938,937,26.65810663,
axes2,Saturación con AW,939,938,26.65810664,
axes2,Saturación con AW,940,939,26.65810665,
axes2,Saturación con AW,941,940,26.65810665,
axes2,Saturación con AW,942,941,26.65810666,
axes2,Saturación con AW,943,942,26.65810666,
axes2,Saturación con AW,944,943,26.65810667,
axes2,Saturación con AW,945,944,26.65810667,
axes2,Saturación con AW,946,945,26.65810668,
axes2,Saturación con AW,947,946,26.65810668,
axes2,Saturación con AW,948,947,26.65810669,
axes2,Saturación con AW,949,948,26.65810669,
axes2,Saturación con AW,950,949,26.6581067,
axes2,Saturación con AW,951,950,26.6581067,
axes2,Saturación con AW,952,951,26.65810671,
axes2,Saturación con AW,953,952,26.65810671,
axes2,Saturación con AW,954,953,26.65810672,
axes2,Saturación con AW,955,954,26.65810672,
axes2,Saturación con AW,956,955,26.65810673,
axes2,Saturación con AW,957,956,26.65810673,
axes2,Saturación con AW,958,957,26.65810674,
axes2,Saturación con AW,959,958,26.65810674,
axes2,Saturación con AW,960,959,26.65810674,
axes2,Saturación con AW,961,960,26.65810675,
axes2,Saturación con AW,962,961,26.65810675,
axes2,Saturación con AW,963,962,26.65810676,
axes2,Saturación con AW,964,963,26.65810676,
axes2,Saturación con AW,965,964,26.65810677,
axes2,Saturación con AW,966,965,26.65810677,
axes2,Saturación con AW,967,966,26.65810678,
axes2,Saturación con AW,968,967,26.65810678,
axes2,Saturación con AW,969,968,26.65810679,
axes2,Saturación con AW,970,969,26.65810679,
axes2,Saturación con AW,971,970,26.6581068,
axes2,Saturación con AW,972,971,26.6581068,
axes2,Saturación con AW,973,972,26.6581068,
axes2,Saturación con AW,974,973,26.65810681,
axes2,Saturación con AW,975,974,26.65810681,
axes2,Saturación con AW,976,975,26.65810682,
axes2,Saturación con AW,977,976,26.65810682,
axes2,Saturación con AW,978,977,26.65810683,
axes2,Saturación con AW,979,978,26.65810683,
axes2,Saturación con AW,980,979,26.65810683,
axes2,Saturación con AW,981,980,26.65810684,
axes2,Saturación con AW,982,981,26.65810684,
axes2,Saturación con AW,983,982,26.65810685,
axes2,Saturación con AW,984,983,26.65810685,
axes2,Saturación con AW,985,984,26.65810686,
axes2,Saturación con AW,986,985,26.65810686,
axes2,Saturación con AW,987,986,26.65810686,
axes2,Saturación con AW,988,987,26.65810687,
axes2,Saturación con AW,989,988,26.65810687,
axes2,Saturación con AW,990,989,26.65810688,
axes2,Saturación con AW,991,990,26.65810688,
axes2,Saturación con AW,992,991,26.65810688,
axes2,Saturación con AW,993,992,26.65810689,
axes2,Saturación con AW,994,993,26.65810689,
axes2,Saturación con AW,995,994,26.6581069,
axes2,Saturación con AW,996,995,26.6581069,
axes2,Saturación con AW,997,996,26.6581069,
axes2,Saturación con AW,998,997,26.65810691,
axes2,Saturación con AW,999,998,26.65810691,
axes2,Saturación con AW,1000,999,26.65810692,
axes2,Saturación con AW,1001,1000,26.65810692,
axes2,Saturación con AW,1002,1001,26.65810692,
axes2,Saturación con AW,1003,1002,26.65810693,
axes2,Saturación con AW,1004,1003,26.65810693,
axes2,Saturación con AW,1005,1004,26.65810693,
axes2,Saturación con AW,1006,1005,26.65810694,
axes2,Saturación con AW,1007,1006,26.65810694,
axes2,Saturación con AW,1008,1007,26.65810695,
axes2,Saturación con AW,1009,1008,26.65810695,
axes2,Saturación con AW,1010,1009,26.65810695,
axes2,Saturación con AW,1011,1010,26.65810696,
axes2,Saturación con AW,1012,1011,26.65810696,
axes2,Saturación con AW,1013,1012,26.65810696,
axes2,Saturación con AW,1014,1013,26.65810697,
axes2,Saturación con AW,1015,1014,26.65810697,
axes2,Saturación con AW,1016,1015,26.65810697,
axes2,Saturación con AW,1017,1016,26.65810698,
axes2,Saturación con AW,1018,1017,26.65810698,
axes2,Saturación con AW,1019,1018,26.65810698,
axes2,Saturación con AW,1020,1019,26.65810699,
axes2,Saturación con AW,1021,1020,26.65810699,
axes2,Saturación con AW,1022,1021,26.65810699,
axes2,Saturación con AW,1023,1022,26.658107,
axes2,Saturación con AW,1024,1023,26.658107,
axes2,Saturación con AW,1025,1024,26.658107,
axes2,Saturación con AW,1026,1025,26.65810701,
axes2,Saturación con AW,1027,1026,26.65810701,
axes2,Saturación con AW,1028,1027,26.65810701,
axes2,Saturación con AW,1029,1028,26.65810702,
axes2,Saturación con AW,1030,1029,26.65810702,
axes2,Saturación con AW,1031,1030,26.65810702,
axes2,Saturación con AW,1032,1031,26.65810703,
axes2,Saturación con AW,1033,1032,26.65810703,
axes2,Saturación con AW,1034,1033,26.65810703,
axes2,Saturación con AW,1035,1034,26.65810704,
axes2,Saturación con AW,1036,1035,26.65810704,
axes2,Saturación con AW,1037,1036,26.65810704,
axes2,Saturación con AW,1038,1037,26.65810705,
axes2,Saturación con AW,1039,1038,26.65810705,
axes2,Saturación con AW,1040,1039,26.65810705,
axes2,Saturación con AW,1041,1040,26.65810706,
axes2,Saturación con AW,1042,1041,26.65810706,
axes2,Saturación con AW,1043,1042,26.65810706,
axes2,Saturación con AW,1044,1043,26.65810707,
axes2,Saturación con AW,1045,1044,26.65810707,
axes2,Saturación con AW,1046,1045,26.65810707,
axes2,Saturación con AW,1047,1046,26.65810707,
axes2,Saturación con AW,1048,1047,26.65810708,
axes2,Saturación con AW,1049,1048,26.65810708,
axes2,Saturación con AW,1050,1049,26.65810708,
axes2,Saturación con AW,1051,1050,26.65810709,
axes2,Saturación con AW,1052,1051,26.65810709,
axes2,Saturación con AW,1053,1052,26.65810709,
axes2,Saturación con AW,1054,1053,26.65810709,
axes2,Saturación con AW,1055,1054,26.6581071,
axes2,Saturación con AW,1056,1055,26.6581071,
axes2,Saturación con AW,1057,1056,26.6581071,
axes2,Saturación con AW,1058,1057,26.65810711,
axes2,Saturación con AW,1059,1058,26.65810711,
axes2,Saturación con AW,1060,1059,26.65810711,
axes2,Saturación con AW,1061,1060,26.65810711,
axes2,Saturación con AW,1062,1061,26.65810712,
axes2,Saturación con AW,1063,1062,26.65810712,
axes2,Saturación con AW,1064,1063,26.65810712,
axes2,Saturación con AW,1065,1064,26.65810713,
axes2,Saturación con AW,1066,1065,26.65810713,
axes2,Saturación con AW,1067,1066,26.65810713,
axes2,Saturación con AW,1068,1067,26.65810713,
axes2,Saturación con AW,1069,1068,26.65810714,
axes2,Saturación con AW,1070,1069,26.65810714,
axes2,Saturación con AW,1071,1070,26.65810714,
axes2,Saturación con AW,1072,1071,26.65810714,
axes2,Saturación con AW,1073,1072,26.65810715,
axes2,Saturación con AW,1074,1073,26.65810715,
axes2,Saturación con AW,1075,1074,26.65810715,
axes2,Saturación con AW,1076,1075,26.65810715,
axes2,Saturación con AW,1077,1076,26.65810716,
axes2,Saturación con AW,1078,1077,26.65810716,
axes2,Saturación con AW,1079,1078,26.65810716,
axes2,Saturación con AW,1080,1079,26.65810716,
axes2,Saturación con AW,1081,1080,26.65810717,
axes2,Saturación con AW,1082,1081,26.65810717,
axes2,Saturación con AW,1083,1082,26.65810717,
axes2,Saturación con AW,1084,1083,26.65810717,
axes2,Saturación con AW,1085,1084,26.65810718,
axes2,Saturación con AW,1086,1085,26.65810718,
axes2,Saturación con AW,1087,1086,26.65810718,
axes2,Saturación con AW,1088,1087,26.65810718,
axes2,Saturación con AW,1089,1088,26.65810719,
axes2,Saturación con AW,1090,1089,26.65810719,
axes2,Saturación con AW,1091,1090,26.65810719,
axes2,Saturación con AW,1092,1091,26.65810719,
axes2,Saturación con AW,1093,1092,26.6581072,
axes2,Saturación con AW,1094,1093,26.6581072,
axes2,Saturación con AW,1095,1094,26.6581072,
axes2,Saturación con AW,1096,1095,26.6581072,
axes2,Saturación con AW,1097,1096,26.65810721,
axes2,Saturación con AW,1098,1097,26.65810721,
axes2,Saturación con AW,1099,1098,26.65810721,
axes2,Saturación con AW,1100,1099,26.65810721,
axes2,Saturación con AW,1101,1100,26.65810721,
axes2,Saturación con AW,1102,1101,26.65810722,
axes2,Saturación con AW,1103,1102,26.65810722,
axes2,Saturación con AW,1104,1103,26.65810722,
axes2,Saturación con AW,1105,1104,26.65810722,
axes2,Saturación con AW,1106,1105,26.65810723,
axes2,Saturación con AW,1107,1106,26.65810723,
axes2,Saturación con AW,1108,1107,26.65810723,
axes2,Saturación con AW,1109,1108,26.65810723,
axes2,Saturación con AW,1110,1109,26.65810723,
axes2,Saturación con AW,1111,1110,26.65810724,
axes2,Saturación con AW,1112,1111,26.65810724,
axes2,Saturación con AW,1113,1112,26.65810724,
axes2,Saturación con AW,1114,1113,26.65810724,
axes2,Saturación con AW,1115,1114,26.65810724,
axes2,Saturación con AW,1116,1115,26.65810725,
axes2,Saturación con AW,1117,1116,26.65810725,
axes2,Saturación con AW,1118,1117,26.65810725,
axes2,Saturación con AW,1119,1118,26.65810725,
axes2,Saturación con AW,1120,1119,26.65810726,
axes2,Saturación con AW,1121,1120,26.65810726,
axes2,Saturación con AW,1122,1121,26.65810726,
axes2,Saturación con AW,1123,1122,26.65810726,
axes2,Saturación con AW,1124,1123,26.65810726,
axes2,Saturación con AW,1125,1124,26.65810727,
axes2,Saturación con AW,1126,1125,26.65810727,
axes2,Saturación con AW,1127,1126,26.65810727,
axes2,Saturación con AW,1128,1127,26.65810727,
axes2,Saturación con AW,1129,1128,26.65810727,
axes2,Saturación con AW,1130,1129,26.65810727,
axes2,Saturación con AW,1131,1130,26.65810728,
axes2,Saturación con AW,1132,1131,26.65810728,
axes2,Saturación con AW,1133,1132,26.65810728,
axes2,Saturación con AW,1134,1133,26.65810728,
axes2,Saturación con AW,1135,1134,26.65810728,
axes2,Saturación con AW,1136,1135,26.65810729,
axes2,Saturación con AW,1137,1136,26.65810729,
axes2,Saturación con AW,1138,1137,26.65810729,
axes2,Saturación con AW,1139,1138,26.65810729,
axes2,Saturación con AW,1140,1139,26.65810729,
axes2,Saturación con AW,1141,1140,26.6581073,
axes2,Saturación con AW,1142,1141,26.6581073,
axes2,Saturación con AW,1143,1142,26.6581073,
axes2,Saturación con AW,1144,1143,26.6581073,
axes2,Saturación con AW,1145,1144,26.6581073,
axes2,Saturación con AW,1146,1145,26.6581073,
axes2,Saturación con AW,1147,1146,26.65810731,
axes2,Saturación con AW,1148,1147,26.65810731,
axes2,Saturación con AW,1149,1148,26.65810731,
axes2,Saturación con AW,1150,1149,26.65810731,
axes2,Saturación con AW,1151,1150,26.65810731,
axes2,Saturación con AW,1152,1151,26.65810731,
axes2,Saturación con AW,1153,1152,26.65810732,
axes2,Saturación con AW,1154,1153,26.65810732,
axes2,Saturación con AW,1155,1154,26.65810732,
axes2,Saturación con AW,1156,1155,26.65810732,
axes2,Saturación con AW,1157,1156,26.65810732,
axes2,Saturación con AW,1158,1157,26.65810732,
axes2,Saturación con AW,1159,1158,26.65810733,
axes2,Saturación con AW,1160,1159,26.65810733,
axes2,Saturación con AW,1161,1160,26.65810733,
axes2,Saturación con AW,1162,1161,26.65810733,
axes2,Saturación con AW,1163,1162,26.65810733,
axes2,Saturación con AW,1164,1163,26.65810733,
axes2,Saturación con AW,1165,1164,26.65810734,
axes2,Saturación con AW,1166,1165,26.65810734,
axes2,Saturación con AW,1167,1166,26.65810734,
axes2,Saturación con AW,1168,1167,26.65810734,
axes2,Saturación con AW,1169,1168,26.65810734,
axes2,Saturación con AW,1170,1169,26.65810734,
axes2,Saturación con AW,1171,1170,26.65810735,
axes2,Saturación con AW,1172,1171,26.65810735,
axes2,Saturación con AW,1173,1172,26.65810735,
axes2,Saturación con AW,1174,1173,26.65810735,
axes2,Saturación con AW,1175,1174,26.65810735,
axes2,Saturación con AW,1176,1175,26.65810735,
axes2,Saturación con AW,1177,1176,26.65810735,
axes2,Saturación con AW,1178,1177,26.65810736,
axes2,Saturación con AW,1179,1178,26.65810736,
axes2,Saturación con AW,1180,1179,26.65810736,
axes2,Saturación con AW,1181,1180,26.65810736,
axes2,Saturación con AW,1182,1181,26.65810736,
axes2,Saturación con AW,1183,1182,26.65810736,
axes2,Saturación con AW,1184,1183,26.65810736,
axes2,Saturación con AW,1185,1184,26.65810737,
axes2,Saturación con AW,1186,1185,26.65810737,
axes2,Saturación con AW,1187,1186,26.65810737,
axes2,Saturación con AW,1188,1187,26.65810737,
axes2,Saturación con AW,1189,1188,26.65810737,
axes2,Saturación con AW,1190,1189,26.65810737,
axes2,Saturación con AW,1191,1190,26.65810737,
axes2,Saturación con AW,1192,1191,26.65810738,
axes2,Saturación con AW,1193,1192,26.65810738,
axes2,Saturación con AW,1194,1193,26.65810738,
axes2,Saturación con AW,1195,1194,26.65810738,
axes2,Saturación con AW,1196,1195,26.65810738,
axes2,Saturación con AW,1197,1196,26.65810738,
axes2,Saturación con AW,1198,1197,26.65810738,
axes2,Saturación con AW,1199,1198,26.65810739,
axes2,Saturación con AW,1200,1199,26.65810739,
axes2,Saturación con AW,1201,1200,26.65810739,
axes2,Saturación con AW,1202,1201,26.65810739,
axes2,Saturación con AW,1203,1202,26.65810739,
axes2,Saturación con AW,1204,1203,26.65810739,
axes2,Saturación con AW,1205,1204,26.65810739,
axes2,Saturación con AW,1206,1205,26.65810739,
axes2,Saturación con AW,1207,1206,26.6581074,
axes2,Saturación con AW,1208,1207,26.6581074,
axes2,Saturación con AW,1209,1208,26.6581074,
axes2,Saturación con AW,1210,1209,26.6581074,
axes2,Saturación con AW,1211,1210,26.6581074,
axes2,Saturación con AW,1212,1211,26.6581074,
axes2,Saturación con AW,1213,1212,26.6581074,
axes2,Saturación con AW,1214,1213,26.6581074,
axes2,Saturación con AW,1215,1214,26.65810741,
axes2,Saturación con AW,1216,1215,26.65810741,
axes2,Saturación con AW,1217,1216,26.65810741,
axes2,Saturación con AW,1218,1217,26.65810741,
axes2,Saturación con AW,1219,1218,26.65810741,
axes2,Saturación con AW,1220,1219,26.65810741,
axes2,Saturación con AW,1221,1220,26.65810741,
axes2,Saturación con AW,1222,1221,26.65810741,
axes2,Saturación con AW,1223,1222,26.65810742,
axes2,Saturación con AW,1224,1223,26.65810742,
axes2,Saturación con AW,1225,1224,26.65810742,
axes2,Saturación con AW,1226,1225,26.65810742,
axes2,Saturación con AW,1227,1226,26.65810742,
axes2,Saturación con AW,1228,1227,26.65810742,
axes2,Saturación con AW,1229,1228,26.65810742,
axes2,Saturación con AW,1230,1229,26.65810742,
axes2,Saturación con AW,1231,1230,26.65810742,
axes2,Saturación con AW,1232,1231,26.65810743,
axes2,Saturación con AW,1233,1232,26.65810743,
axes2,Saturación con AW,1234,1233,26.65810743,
axes2,Saturación con AW,1235,1234,26.65810743,
axes2,Saturación con AW,1236,1235,26.65810743,
axes2,Saturación con AW,1237,1236,26.65810743,
axes2,Saturación con AW,1238,1237,26.65810743,
axes2,Saturación con AW,1239,1238,26.65810743,
axes2,Saturación con AW,1240,1239,26.65810743,
axes2,Saturación con AW,1241,1240,26.65810744,
axes2,Saturación con AW,1242,1241,26.65810744,
axes2,Saturación con AW,1243,1242,26.65810744,
axes2,Saturación con AW,1244,1243,26.65810744,
axes2,Saturación con AW,1245,1244,26.65810744,
axes2,Saturación con AW,1246,1245,26.65810744,
axes2,Saturación con AW,1247,1246,26.65810744,
axes2,Saturación con AW,1248,1247,26.65810744,
axes2,Saturación con AW,1249,1248,26.65810744,
axes2,Saturación con AW,1250,1249,26.65810745,
axes2,Saturación con AW,1251,1250,26.65810745,
axes2,Saturación con AW,1252,1251,26.65810745,
axes2,Saturación con AW,1253,1252,26.65810745,
axes2,Saturación con AW,1254,1253,26.65810745,
axes2,Saturación con AW,1255,1254,26.65810745,
axes2,Saturación con AW,1256,1255,26.65810745,
axes2,Saturación con AW,1257,1256,26.65810745,
axes2,Saturación con AW,1258,1257,26.65810745,
axes2,Saturación con AW,1259,1258,26.65810745,
axes2,Saturación con AW,1260,1259,26.65810746,
axes2,Saturación con AW,1261,1260,26.65810746,
axes2,Saturación con AW,1262,1261,26.65810746,
axes2,Saturación con AW,1263,1262,26.65810746,
axes2,Saturación con AW,1264,1263,26.65810746,
axes2,Saturación con AW,1265,1264,26.65810746,
axes2,Saturación con AW,1266,1265,26.65810746,
axes2,Saturación con AW,1267,1266,26.65810746,
axes2,Saturación con AW,1268,1267,26.65810746,
axes2,Saturación con AW,1269,1268,26.65810746,
axes2,Saturación con AW,1270,1269,26.65810746,
axes2,Saturación con AW,1271,1270,26.65810747,
axes2,Saturación con AW,1272,1271,26.65810747,
axes2,Saturación con AW,1273,1272,26.65810747,
axes2,Saturación con AW,1274,1273,26.65810747,
axes2,Saturación con AW,1275,1274,26.65810747,
axes2,Saturación con AW,1276,1275,26.65810747,
axes2,Saturación con AW,1277,1276,26.65810747,
axes2,Saturación con AW,1278,1277,26.65810747,
axes2,Saturación con AW,1279,1278,26.65810747,
axes2,Saturación con AW,1280,1279,26.65810747,
axes2,Saturación con AW,1281,1280,26.65810747,
axes2,Saturación con AW,1282,1281,26.65810748,
axes2,Saturación con AW,1283,1282,26.65810748,
axes2,Saturación con AW,1284,1283,26.65810748,
axes2,Saturación con AW,1285,1284,26.65810748,
axes2,Saturación con AW,1286,1285,26.65810748,
axes2,Saturación con AW,1287,1286,26.65810748,
axes2,Saturación con AW,1288,1287,26.65810748,
axes2,Saturación con AW,1289,1288,26.65810748,
axes2,Saturación con AW,1290,1289,26.65810748,
axes2,Saturación con AW,1291,1290,26.65810748,
axes2,Saturación con AW,1292,1291,26.65810748,
axes2,Saturación con AW,1293,1292,26.65810748,
axes2,Saturación con AW,1294,1293,26.65810749,
axes2,Saturación con AW,1295,1294,26.65810749,
axes2,Saturación con AW,1296,1295,26.65810749,
axes2,Saturación con AW,1297,1296,26.65810749,
axes2,Saturación con AW,1298,1297,26.65810749,
axes2,Saturación con AW,1299,1298,26.65810749,
axes2,Saturación con AW,1300,1299,26.65810749,
axes2,Saturación con AW,1301,1300,26.65810749,
axes2,Saturación con AW,1302,1301,26.65810749,
axes2,Saturación con AW,1303,1302,26.65810749,
axes2,Saturación con AW,1304,1303,26.65810749,
axes2,Saturación con AW,1305,1304,26.65810749,
axes2,Saturación con AW,1306,1305,26.65810749,
axes2,Saturación con AW,1307,1306,26.6581075,
axes2,Saturación con AW,1308,1307,26.6581075,
axes2,Saturación con AW,1309,1308,26.6581075,
axes2,Saturación con AW,1310,1309,26.6581075,
axes2,Saturación con AW,1311,1310,26.6581075,
axes2,Saturación con AW,1312,1311,26.6581075,
axes2,Saturación con AW,1313,1312,26.6581075,
axes2,Saturación con AW,1314,1313,26.6581075,
axes2,Saturación con AW,1315,1314,26.6581075,
axes2,Saturación con AW,1316,1315,26.6581075,
axes2,Saturación con AW,1317,1316,26.6581075,
axes2,Saturación con AW,1318,1317,26.6581075,
axes2,Saturación con AW,1319,1318,26.6581075,
axes2,Saturación con AW,1320,1319,26.6581075,
axes2,Saturación con AW,1321,1320,26.65810751,
axes2,Saturación con AW,1322,1321,26.65810751,
axes2,Saturación con AW,1323,1322,26.65810751,
axes2,Saturación con AW,1324,1323,26.65810751,
axes2,Saturación con AW,1325,1324,26.65810751,
axes2,Saturación con AW,1326,1325,26.65810751,
axes2,Saturación con AW,1327,1326,26.65810751,
axes2,Saturación con AW,1328,1327,26.65810751,
axes2,Saturación con AW,1329,1328,26.65810751,
axes2,Saturación con AW,1330,1329,26.65810751,
axes2,Saturación con AW,1331,1330,26.65810751,
axes2,Saturación con AW,1332,1331,26.65810751,
axes2,Saturación con AW,1333,1332,26.65810751,
axes2,Saturación con AW,1334,1333,26.65810751,
axes2,Saturación con AW,1335,1334,26.65810751,
axes2,Saturación con AW,1336,1335,26.65810752,
axes2,Saturación con AW,1337,1336,26.65810752,
axes2,Saturación con AW,1338,1337,26.65810752,
axes2,Saturación con AW,1339,1338,26.65810752,
axes2,Saturación con AW,1340,1339,26.65810752,
axes2,Saturación con AW,1341,1340,26.65810752,
axes2,Saturación con AW,1342,1341,26.65810752,
axes2,Saturación con AW,1343,1342,26.65810752,
axes2,Saturación con AW,1344,1343,26.65810752,
axes2,Saturación con AW,1345,1344,26.65810752,
axes2,Saturación con AW,1346,1345,26.65810752,
axes2,Saturación con AW,1347,1346,26.65810752,
axes2,Saturación con AW,1348,1347,26.65810752,
axes2,Saturación con AW,1349,1348,26.65810752,
axes2,Saturación con AW,1350,1349,26.65810752,
axes2,Saturación con AW,1351,1350,26.65810752,
axes2,Saturación con AW,1352,1351,26.65810753,
axes2,Saturación con AW,1353,1352,26.65810753,
axes2,Saturación con AW,1354,1353,26.65810753,
axes2,Saturación con AW,1355,1354,26.65810753,
axes2,Saturación con AW,1356,1355,26.65810753,
axes2,Saturación con AW,1357,1356,26.65810753,
axes2,Saturación con AW,1358,1357,26.65810753,
axes2,Saturación con AW,1359,1358,26.65810753,
axes2,Saturación con AW,1360,1359,26.65810753,
axes2,Saturación con AW,1361,1360,26.65810753,
axes2,Saturación con AW,1362,1361,26.65810753,
axes2,Saturación con AW,1363,1362,26.65810753,
axes2,Saturación con AW,1364,1363,26.65810753,
axes2,Saturación con AW,1365,1364,26.65810753,
axes2,Saturación con AW,1366,1365,26.65810753,
axes2,Saturación con AW,1367,1366,26.65810753,
axes2,Saturación con AW,1368,1367,26.65810753,
axes2,Saturación con AW,1369,1368,26.65810753,
axes2,Saturación con AW,1370,1369,26.65810754,
axes2,Saturación con AW,1371,1370,26.65810754,
axes2,Saturación con AW,1372,1371,26.65810754,
axes2,Saturación con AW,1373,1372,26.65810754,
axes2,Saturación con AW,1374,1373,26.65810754,
axes2,Saturación con AW,1375,1374,26.65810754,
axes2,Saturación con AW,1376,1375,26.65810754,
axes2,Saturación con AW,1377,1376,26.65810754,
axes2,Saturación con AW,1378,1377,26.65810754,
axes2,Saturación con AW,1379,1378,26.65810754,
axes2,Saturación con AW,1380,1379,26.65810754,
axes2,Saturación con AW,1381,1380,26.65810754,
axes2,Saturación con AW,1382,1381,26.65810754,
axes2,Saturación con AW,1383,1382,26.65810754,
axes2,Saturación con AW,1384,1383,26.65810754,
axes2,Saturación con AW,1385,1384,26.65810754,
axes2,Saturación con AW,1386,1385,26.65810754,
axes2,Saturación con AW,1387,1386,26.65810754,
axes2,Saturación con AW,1388,1387,26.65810754,
axes2,Saturación con AW,1389,1388,26.65810755,
axes2,Saturación con AW,1390,1389,26.65810755,
axes2,Saturación con AW,1391,1390,26.65810755,
axes2,Saturación con AW,1392,1391,26.65810755,
axes2,Saturación con AW,1393,1392,26.65810755,
axes2,Saturación con AW,1394,1393,26.65810755,
axes2,Saturación con AW,1395,1394,26.65810755,
axes2,Saturación con AW,1396,1395,26.65810755,
axes2,Saturación con AW,1397,1396,26.65810755,
axes2,Saturación con AW,1398,1397,26.65810755,
axes2,Saturación con AW,1399,1398,26.65810755,
axes2,Saturación con AW,1400,1399,26.65810755,
axes2,Saturación con AW,1401,1400,26.65810755,
axes2,Saturación con AW,1402,1401,26.65810755,
axes2,Saturación con AW,1403,1402,26.65810755,
axes2,Saturación con AW,1404,1403,26.65810755,
axes2,Saturación con AW,1405,1404,26.65810755,
axes2,Saturación con AW,1406,1405,26.65810755,
axes2,Saturación con AW,1407,1406,26.65810755,
axes2,Saturación con AW,1408,1407,26.65810755,
axes2,Saturación con AW,1409,1408,26.65810755,
axes2,Saturación con AW,1410,1409,26.65810755,
axes2,Saturación con AW,1411,1410,26.65810756,
axes2,Saturación con AW,1412,1411,26.65810756,
axes2,Saturación con AW,1413,1412,26.65810756,
axes2,Saturación con AW,1414,1413,26.65810756,
axes2,Saturación con AW,1415,1414,26.65810756,
axes2,Saturación con AW,1416,1415,26.65810756,
axes2,Saturación con AW,1417,1416,26.65810756,
axes2,Saturación con AW,1418,1417,26.65810756,
axes2,Saturación con AW,1419,1418,26.65810756,
axes2,Saturación con AW,1420,1419,26.65810756,
axes2,Saturación con AW,1421,1420,26.65810756,
axes2,Saturación con AW,1422,1421,26.65810756,
axes2,Saturación con AW,1423,1422,26.65810756,
axes2,Saturación con AW,1424,1423,26.65810756,
axes2,Saturación con AW,1425,1424,26.65810756,
axes2,Saturación con AW,1426,1425,26.65810756,
axes2,Saturación con AW,1427,1426,26.65810756,
axes2,Saturación con AW,1428,1427,26.65810756,
axes2,Saturación con AW,1429,1428,26.65810756,
axes2,Saturación con AW,1430,1429,26.65810756,
axes2,Saturación con AW,1431,1430,26.65810756,
axes2,Saturación con AW,1432,1431,26.65810756,
axes2,Saturación con AW,1433,1432,26.65810756,
axes2,Saturación con AW,1434,1433,26.65810756,
axes2,Saturación con AW,1435,1434,26.65810757,
axes2,Saturación con AW,1436,1435,26.65810757,
axes2,Saturación con AW,1437,1436,26.65810757,
axes2,Saturación con AW,1438,1437,26.65810757,
axes2,Saturación con AW,1439,1438,26.65810757,
axes2,Saturación con AW,1440,1439,26.65810757,
axes2,Saturación con AW,1441,1440,26.65810757,
axes2,Saturación con AW,1442,1441,26.65810757,
axes2,Saturación con AW,1443,1442,26.65810757,
axes2,Saturación con AW,1444,1443,26.65810757,
axes2,Saturación con AW,1445,1444,26.65810757,
axes2,Saturación con AW,1446,1445,26.65810757,
axes2,Saturación con AW,1447,1446,26.65810757,
axes2,Saturación con AW,1448,1447,26.65810757,
axes2,Saturación con AW,1449,1448,26.65810757,
axes2,Saturación con AW,1450,1449,26.65810757,
axes2,Saturación con AW,1451,1450,26.65810757,
axes2,Saturación con AW,1452,1451,26.65810757,
axes2,Saturación con AW,1453,1452,26.65810757,
axes2,Saturación con AW,1454,1453,26.65810757,
axes2,Saturación con AW,1455,1454,26.65810757,
axes2,Saturación con AW,1456,1455,26.65810757,
axes2,Saturación con AW,1457,1456,26.65810757,
axes2,Saturación con AW,1458,1457,26.65810757,
axes2,Saturación con AW,1459,1458,26.65810757,
axes2,Saturación con AW,1460,1459,26.65810757,
axes2,Saturación con AW,1461,1460,26.65810757,
axes2,Saturación con AW,1462,1461,26.65810757,
axes2,Saturación con AW,1463,1462,26.65810757,
axes2,Saturación con AW,1464,1463,26.65810758,
axes2,Saturación con AW,1465,1464,26.65810758,
axes2,Saturación con AW,1466,1465,26.65810758,
axes2,Saturación con AW,1467,1466,26.65810758,
axes2,Saturación con AW,1468,1467,26.65810758,
axes2,Saturación con AW,1469,1468,26.65810758,
axes2,Saturación con AW,1470,1469,26.65810758,
axes2,Saturación con AW,1471,1470,26.65810758,
axes2,Saturación con AW,1472,1471,26.65810758,
axes2,Saturación con AW,1473,1472,26.65810758,
axes2,Saturación con AW,1474,1473,26.65810758,
axes2,Saturación con AW,1475,1474,26.65810758,
axes2,Saturación con AW,1476,1475,26.65810758,
axes2,Saturación con AW,1477,1476,26.65810758,
axes2,Saturación con AW,1478,1477,26.65810758,
axes2,Saturación con AW,1479,1478,26.65810758,
axes2,Saturación con AW,1480,1479,26.65810758,
axes2,Saturación con AW,1481,1480,26.65810758,
axes2,Saturación con AW,1482,1481,26.65810758,
axes2,Saturación con AW,1483,1482,26.65810758,
axes2,Saturación con AW,1484,1483,26.65810758,
axes2,Saturación con AW,1485,1484,26.65810758,
axes2,Saturación con AW,1486,1485,26.65810758,
axes2,Saturación con AW,1487,1486,26.65810758,
axes2,Saturación con AW,1488,1487,26.65810758,
axes2,Saturación con AW,1489,1488,26.65810758,
axes2,Saturación con AW,1490,1489,26.65810758,
axes2,Saturación con AW,1491,1490,26.65810758,
axes2,Saturación con AW,1492,1491,26.65810758,
axes2,Saturación con AW,1493,1492,26.65810758,
axes2,Saturación con AW,1494,1493,26.65810758,
axes2,Saturación con AW,1495,1494,26.65810758,
axes2,Saturación con AW,1496,1495,26.65810758,
axes2,Saturación con AW,1497,1496,26.65810759,
axes2,Saturación con AW,1498,1497,26.65810759,
axes2,Saturación con AW,1499,1498,26.65810759,
axes2,Saturación con AW,1500,1499,26.65810759,
axes2,Saturación con AW,1501,1500,26.65810759,
axes2,Saturación con AW,1502,1501,26.65810759,
axes2,Saturación con AW,1503,1502,26.65810759,
axes2,Saturación con AW,1504,1503,26.65810759,
axes2,Saturación con AW,1505,1504,26.65810759,
axes2,Saturación con AW,1506,1505,26.65810759,
axes2,Saturación con AW,1507,1506,26.65810759,
axes2,Saturación con AW,1508,1507,26.65810759,
axes2,Saturación con AW,1509,1508,26.65810759,
axes2,Saturación con AW,1510,1509,26.65810759,
axes2,Saturación con AW,1511,1510,26.65810759,
axes2,Saturación con AW,1512,1511,26.65810759,
axes2,Saturación con AW,1513,1512,26.65810759,
axes2,Saturación con AW,1514,1513,26.65810759,
axes2,Saturación con AW,1515,1514,26.65810759,
axes2,Saturación con AW,1516,1515,26.65810759,
axes2,Saturación con AW,1517,1516,26.65810759,
axes2,Saturación con AW,1518,1517,26.65810759,
axes2,Saturación con AW,1519,1518,26.65810759,
axes2,Saturación con AW,1520,1519,26.65810759,
axes2,Saturación con AW,1521,1520,26.65810759,
axes2,Saturación con AW,1522,1521,26.65810759,
axes2,Saturación con AW,1523,1522,26.65810759,
axes2,Saturación con AW,1524,1523,26.65810759,
axes2,Saturación con AW,1525,1524,26.65810759,
axes2,Saturación con AW,1526,1525,26.65810759,
axes2,Saturación con AW,1527,1526,26.65810759,
axes2,Saturación con AW,1528,1527,26.65810759,
axes2,Saturación con AW,1529,1528,26.65810759,
axes2,Saturación con AW,1530,1529,26.65810759,
axes2,Saturación con AW,1531,1530,26.65810759,
axes2,Saturación con AW,1532,1531,26.65810759,
axes2,Saturación con AW,1533,1532,26.65810759,
axes2,Saturación con AW,1534,1533,26.65810759,
axes2,Saturación con AW,1535,1534,26.65810759,
axes2,Saturación con AW,1536,1535,26.65810759,
axes2,Saturación con AW,1537,1536,26.6581076,
axes2,Saturación con AW,1538,1537,26.6581076,
axes2,Saturación con AW,1539,1538,26.6581076,
axes2,Saturación con AW,1540,1539,26.6581076,
axes2,Saturación con AW,1541,1540,26.6581076,
axes2,Saturación con AW,1542,1541,26.6581076,
axes2,Saturación con AW,1543,1542,26.6581076,
axes2,Saturación con AW,1544,1543,26.6581076,
axes2,Saturación con AW,1545,1544,26.6581076,
axes2,Saturación con AW,1546,1545,26.6581076,
axes2,Saturación con AW,1547,1546,26.6581076,
axes2,Saturación con AW,1548,1547,26.6581076,
axes2,Saturación con AW,1549,1548,26.6581076,
axes2,Saturación con AW,1550,1549,26.6581076,
axes2,Saturación con AW,1551,1550,26.6581076,
axes2,Saturación con AW,1552,1551,26.6581076,
axes2,Saturación con AW,1553,1552,26.6581076,
axes2,Saturación con AW,1554,1553,26.6581076,
axes2,Saturación con AW,1555,1554,26.6581076,
axes2,Saturación con AW,1556,1555,26.6581076,
axes2,Saturación con AW,1557,1556,26.6581076,
axes2,Saturación con AW,1558,1557,26.6581076,
axes2,Saturación con AW,1559,1558,26.6581076,
axes2,Saturación con AW,1560,1559,26.6581076,
axes2,Saturación con AW,1561,1560,26.6581076,
axes2,Saturación con AW,1562,1561,26.6581076,
axes2,Saturación con AW,1563,1562,26.6581076,
axes2,Saturación con AW,1564,1563,26.6581076,
axes2,Saturación con AW,1565,1564,26.6581076,
axes2,Saturación con AW,1566,1565,26.6581076,
axes2,Saturación con AW,1567,1566,26.6581076,
axes2,Saturación con AW,1568,1567,26.6581076,
axes2,Saturación con AW,1569,1568,26.6581076,
axes2,Saturación con AW,1570,1569,26.6581076,
axes2,Saturación con AW,1571,1570,26.6581076,
axes2,Saturación con AW,1572,1571,26.6581076,
axes2,Saturación con AW,1573,1572,26.6581076,
axes2,Saturación con AW,1574,1573,26.6581076,
axes2,Saturación con AW,1575,1574,26.6581076,
axes2,Saturación con AW,1576,1575,26.6581076,
axes2,Saturación con AW,1577,1576,26.6581076,
axes2,Saturación con AW,1578,1577,26.6581076,
axes2,Saturación con AW,1579,1578,26.6581076,
axes2,Saturación con AW,1580,1579,26.6581076,
axes2,Saturación con AW,1581,1580,26.6581076,
axes2,Saturación con AW,1582,1581,26.6581076,
axes2,Saturación con AW,1583,1582,26.6581076,
axes2,Saturación con AW,1584,1583,26.6581076,
axes2,Saturación con AW,1585,1584,26.6581076,
axes2,Saturación con AW,1586,1585,26.6581076,
axes2,Saturación con AW,1587,1586,26.6581076,
axes2,Saturación con AW,1588,1587,26.6581076,
axes2,Saturación con AW,1589,1588,26.65810761,
axes2,Saturación con AW,1590,1589,26.65810761,
axes2,Saturación con AW,1591,1590,26.65810761,
axes2,Saturación con AW,1592,1591,26.65810761,
axes2,Saturación con AW,1593,1592,26.65810761,
axes2,Saturación con AW,1594,1593,26.65810761,
axes2,Saturación con AW,1595,1594,26.65810761,
axes2,Saturación con AW,1596,1595,26.65810761,
axes2,Saturación con AW,1597,1596,26.65810761,
axes2,Saturación con AW,1598,1597,26.65810761,
axes2,Saturación con AW,1599,1598,26.65810761,
axes2,Saturación con AW,1600,1599,26.65810761,
axes2,Saturación con AW,1601,1600,26.65810761,
axes2,Saturación con AW,1602,1601,26.65810761,
axes2,Saturación con AW,1603,1602,26.65810761,
axes2,Saturación con AW,1604,1603,26.65810761,
axes2,Saturación con AW,1605,1604,26.65810761,
axes2,Saturación con AW,1606,1605,26.65810761,
axes2,Saturación con AW,1607,1606,26.65810761,
axes2,Saturación con AW,1608,1607,26.65810761,
axes2,Saturación con AW,1609,1608,26.65810761,
axes2,Saturación con AW,1610,1609,26.65810761,
axes2,Saturación con AW,1611,1610,26.65810761,
axes2,Saturación con AW,1612,1611,26.65810761,
axes2,Saturación con AW,1613,1612,26.65810761,
axes2,Saturación con AW,1614,1613,26.65810761,
axes2,Saturación con AW,1615,1614,26.65810761,
axes2,Saturación con AW,1616,1615,26.65810761,
axes2,Saturación con AW,1617,1616,26.65810761,
axes2,Saturación con AW,1618,1617,26.65810761,
axes2,Saturación con AW,1619,1618,26.65810761,
axes2,Saturación con AW,1620,1619,26.65810761,
axes2,Saturación con AW,1621,1620,26.65810761,
axes2,Saturación con AW,1622,1621,26.65810761,
axes2,Saturación con AW,1623,1622,26.65810761,
axes2,Saturación con AW,1624,1623,26.65810761,
axes2,Saturación con AW,1625,1624,26.65810761,
axes2,Saturación con AW,1626,1625,26.65810761,
axes2,Saturación con AW,1627,1626,26.65810761,
axes2,Saturación con AW,1628,1627,26.65810761,
axes2,Saturación con AW,1629,1628,26.65810761,
axes2,Saturación con AW,1630,1629,26.65810761,
axes2,Saturación con AW,1631,1630,26.65810761,
axes2,Saturación con AW,1632,1631,26.65810761,
axes2,Saturación con AW,1633,1632,26.65810761,
axes2,Saturación con AW,1634,1633,26.65810761,
axes2,Saturación con AW,1635,1634,26.65810761,
axes2,Saturación con AW,1636,1635,26.65810761,
axes2,Saturación con AW,1637,1636,26.65810761,
axes2,Saturación con AW,1638,1637,26.65810761,
axes2,Saturación con AW,1639,1638,26.65810761,
axes2,Saturación con AW,1640,1639,26.65810761,
axes2,Saturación con AW,1641,1640,26.65810761,
axes2,Saturación con AW,1642,1641,26.65810761,
axes2,Saturación con AW,1643,1642,26.65810761,
axes2,Saturación con AW,1644,1643,26.65810761,
axes2,Saturación con AW,1645,1644,26.65810761,
axes2,Saturación con AW,1646,1645,26.65810761,
axes2,Saturación con AW,1647,1646,26.65810761,
axes2,Saturación con AW,1648,1647,26.65810761,
axes2,Saturación con AW,1649,1648,26.65810761,
axes2,Saturación con AW,1650,1649,26.65810761,
axes2,Saturación con AW,1651,1650,26.65810761,
axes2,Saturación con AW,1652,1651,26.65810761,
axes2,Saturación con AW,1653,1652,26.65810761,
axes2,Saturación con AW,1654,1653,26.65810761,
axes2,Saturación con AW,1655,1654,26.65810761,
axes2,Saturación con AW,1656,1655,26.65810761,
axes2,Saturación con AW,1657,1656,26.65810761,
axes2,Saturación con AW,1658,1657,26.65810761,
axes2,Saturación con AW,1659,1658,26.65810761,
axes2,Saturación con AW,1660,1659,26.65810762,
axes2,Saturación con AW,1661,1660,26.65810762,
axes2,Saturación con AW,1662,1661,26.65810762,
axes2,Saturación con AW,1663,1662,26.65810762,
axes2,Saturación con AW,1664,1663,26.65810762,
axes2,Saturación con AW,1665,1664,26.65810762,
axes2,Saturación con AW,1666,1665,26.65810762,
axes2,Saturación con AW,1667,1666,26.65810762,
axes2,Saturación con AW,1668,1667,26.65810762,
axes2,Saturación con AW,1669,1668,26.65810762,
axes2,Saturación con AW,1670,1669,26.65810762,
axes2,Saturación con AW,1671,1670,26.65810762,
axes2,Saturación con AW,1672,1671,26.65810762,
axes2,Saturación con AW,1673,1672,26.65810762,
axes2,Saturación con AW,1674,1673,26.65810762,
axes2,Saturación con AW,1675,1674,26.65810762,
axes2,Saturación con AW,1676,1675,26.65810762,
axes2,Saturación con AW,1677,1676,26.65810762,
axes2,Saturación con AW,1678,1677,26.65810762,
axes2,Saturación con AW,1679,1678,26.65810762,
axes2,Saturación con AW,1680,1679,26.65810762,
axes2,Saturación con AW,1681,1680,26.65810762,
axes2,Saturación con AW,1682,1681,26.65810762,
axes2,Saturación con AW,1683,1682,26.65810762,
axes2,Saturación con AW,1684,1683,26.65810762,
axes2,Saturación con AW,1685,1684,26.65810762,
axes2,Saturación con AW,1686,1685,26.65810762,
axes2,Saturación con AW,1687,1686,26.65810762,
axes2,Saturación con AW,1688,1687,26.65810762,
axes2,Saturación con AW,1689,1688,26.65810762,
axes2,Saturación con AW,1690,1689,26.65810762,
axes2,Saturación con AW,1691,1690,26.65810762,
axes2,Saturación con AW,1692,1691,26.65810762,
axes2,Saturación con AW,1693,1692,26.65810762,
axes2,Saturación con AW,1694,1693,26.65810762,
axes2,Saturación con AW,1695,1694,26.65810762,
axes2,Saturación con AW,1696,1695,26.65810762,
axes2,Saturación con AW,1697,1696,26.65810762,
axes2,Saturación con AW,1698,1697,26.65810762,
axes2,Saturación con AW,1699,1698,26.65810762,
axes2,Saturación con AW,1700,1699,26.65810762,
axes2,Saturación con AW,1701,1700,26.65810762,
axes2,Saturación con AW,1702,1701,26.65810762,
axes2,Saturación con AW,1703,1702,26.65810762,
axes2,Saturación con AW,1704,1703,26.65810762,
axes2,Saturación con AW,1705,1704,26.65810762,
axes2,Saturación con AW,1706,1705,26.65810762,
axes2,Saturación con AW,1707,1706,26.65810762,
axes2,Saturación con AW,1708,1707,26.65810762,
axes2,Saturación con AW,1709,1708,26.65810762,
axes2,Saturación con AW,1710,1709,26.65810762,
axes2,Saturación con AW,1711,1710,26.65810762,
axes2,Saturación con AW,1712,1711,26.65810762,
axes2,Saturación con AW,1713,1712,26.65810762,
axes2,Saturación con AW,1714,1713,26.65810762,
axes2,Saturación con AW,1715,1714,26.65810762,
axes2,Saturación con AW,1716,1715,26.65810762,
axes2,Saturación con AW,1717,1716,26.65810762,
axes2,Saturación con AW,1718,1717,26.65810762,
axes2,Saturación con AW,1719,1718,26.65810762,
axes2,Saturación con AW,1720,1719,26.65810762,
axes2,Saturación con AW,1721,1720,26.65810762,
axes2,Saturación con AW,1722,1721,26.65810762,
axes2,Saturación con AW,1723,1722,26.65810762,
axes2,Saturación con AW,1724,1723,26.65810762,
axes2,Saturación con AW,1725,1724,26.65810762,
axes2,Saturación con AW,1726,1725,26.65810762,
axes2,Saturación con AW,1727,1726,26.65810762,
axes2,Saturación con AW,1728,1727,26.65810762,
axes2,Saturación con AW,1729,1728,26.65810762,
axes2,Saturación con AW,1730,1729,26.65810762,
axes2,Saturación con AW,1731,1730,26.65810762,
axes2,Saturación con AW,1732,1731,26.65810762,
axes2,Saturación con AW,1733,1732,26.65810762,
axes2,Saturación con AW,1734,1733,26.65810762,
axes2,Saturación con AW,1735,1734,26.65810762,
axes2,Saturación con AW,1736,1735,26.65810762,
axes2,Saturación con AW,1737,1736,26.65810762,
axes2,Saturación con AW,1738,1737,26.65810762,
axes2,Saturación con AW,1739,1738,26.65810762,
axes2,Saturación con AW,1740,1739,26.65810762,
axes2,Saturación con AW,1741,1740,26.65810762,
axes2,Saturación con AW,1742,1741,26.65810762,
axes2,Saturación con AW,1743,1742,26.65810762,
axes2,Saturación con AW,1744,1743,26.65810762,
axes2,Saturación con AW,1745,1744,26.65810762,
axes2,Saturación con AW,1746,1745,26.65810762,
axes2,Saturación con AW,1747,1746,26.65810762,
axes2,Saturación con AW,1748,1747,26.65810762,
axes2,Saturación con AW,1749,1748,26.65810762,
axes2,Saturación con AW,1750,1749,26.65810762,
axes2,Saturación con AW,1751,1750,26.65810762,
axes2,Saturación con AW,1752,1751,26.65810762,
axes2,Saturación con AW,1753,1752,26.65810762,
axes2,Saturación con AW,1754,1753,26.65810762,
axes2,Saturación con AW,1755,1754,26.65810762,
axes2,Saturación con AW,1756,1755,26.65810762,
axes2,Saturación con AW,1757,1756,26.65810762,
axes2,Saturación con AW,1758,1757,26.65810762,
axes2,Saturación con AW,1759,1758,26.65810762,
axes2,Saturación con AW,1760,1759,26.65810762,
axes2,Saturación con AW,1761,1760,26.65810762,
axes2,Saturación con AW,1762,1761,26.65810762,
axes2,Saturación con AW,1763,1762,26.65810762,
axes2,Saturación con AW,1764,1763,26.65810762,
axes2,Saturación con AW,1765,1764,26.65810762,
axes2,Saturación con AW,1766,1765,26.65810762,
axes2,Saturación con AW,1767,1766,26.65810762,
axes2,Saturación con AW,1768,1767,26.65810762,
axes2,Saturación con AW,1769,1768,26.65810762,
axes2,Saturación con AW,1770,1769,26.65810762,
axes2,Saturación con AW,1771,1770,26.65810762,
axes2,Saturación con AW,1772,1771,26.65810762,
axes2,Saturación con AW,1773,1772,26.65810762,
axes2,Saturación con AW,1774,1773,26.65810763,
axes2,Saturación con AW,1775,1774,26.65810763,
axes2,Saturación con AW,1776,1775,26.65810763,
axes2,Saturación con AW,1777,1776,26.65810763,
axes2,Saturación con AW,1778,1777,26.65810763,
axes2,Saturación con AW,1779,1778,26.65810763,
axes2,Saturación con AW,1780,1779,26.65810763,
axes2,Saturación con AW,1781,1780,26.65810763,
axes2,Saturación con AW,1782,1781,26.65810763,
axes2,Saturación con AW,1783,1782,26.65810763,
axes2,Saturación con AW,1784,1783,26.65810763,
axes2,Saturación con AW,1785,1784,26.65810763,
axes2,Saturación con AW,1786,1785,26.65810763,
axes2,Saturación con AW,1787,1786,26.65810763,
axes2,Saturación con AW,1788,1787,26.65810763,
axes2,Saturación con AW,1789,1788,26.65810763,
axes2,Saturación con AW,1790,1789,26.65810763,
axes2,Saturación con AW,1791,1790,26.65810763,
axes2,Saturación con AW,1792,1791,26.65810763,
axes2,Saturación con AW,1793,1792,26.65810763,
axes2,Saturación con AW,1794,1793,26.65810763,
axes2,Saturación con AW,1795,1794,26.65810763,
axes2,Saturación con AW,1796,1795,26.65810763,
axes2,Saturación con AW,1797,1796,26.65810763,
axes2,Saturación con AW,1798,1797,26.65810763,
axes2,Saturación con AW,1799,1798,26.65810763,
axes2,Saturación con AW,1800,1799,26.65810763,
axes2,Saturación con AW,1801,1800,26.65810763,
axes2,Saturación sin AW,1,0,80.09830427,
axes2,Saturación sin AW,2,1,80.52144883,
axes2,Saturación sin AW,3,2,80.9445934,
axes2,Saturación sin AW,4,3,81.36773797,
axes2,Saturación sin AW,5,4,81.79088253,
axes2,Saturación sin AW,6,5,82.2140271,
axes2,Saturación sin AW,7,6,82.63717166,
axes2,Saturación sin AW,8,7,83.06031623,
axes2,Saturación sin AW,9,8,83.48346079,
axes2,Saturación sin AW,10,9,83.90660536,
axes2,Saturación sin AW,11,10,84.32974993,
axes2,Saturación sin AW,12,11,84.75289449,
axes2,Saturación sin AW,13,12,85.17603906,
axes2,Saturación sin AW,14,13,85.59918362,
axes2,Saturación sin AW,15,14,86.02232819,
axes2,Saturación sin AW,16,15,86.44547275,
axes2,Saturación sin AW,17,16,86.86861732,
axes2,Saturación sin AW,18,17,87.29176188,
axes2,Saturación sin AW,19,18,87.71490645,
axes2,Saturación sin AW,20,19,88.13805102,
axes2,Saturación sin AW,21,20,88.56119558,
axes2,Saturación sin AW,22,21,88.98434015,
axes2,Saturación sin AW,23,22,88.13943544,
axes2,Saturación sin AW,24,23,87.2878142,
axes2,Saturación sin AW,25,24,86.42947643,
axes2,Saturación sin AW,26,25,85.56442212,
axes2,Saturación sin AW,27,26,84.69265128,
axes2,Saturación sin AW,28,27,83.81416391,
axes2,Saturación sin AW,29,28,82.92896,
axes2,Saturación sin AW,30,29,82.03703955,
axes2,Saturación sin AW,31,30,81.13840257,
axes2,Saturación sin AW,32,31,80.23304905,
axes2,Saturación sin AW,33,32,79.320979,
axes2,Saturación sin AW,34,33,78.40219241,
axes2,Saturación sin AW,35,34,77.47668928,
axes2,Saturación sin AW,36,35,76.54446962,
axes2,Saturación sin AW,37,36,75.60553342,
axes2,Saturación sin AW,38,37,74.65988068,
axes2,Saturación sin AW,39,38,73.70751141,
axes2,Saturación sin AW,40,39,72.7484256,
axes2,Saturación sin AW,41,40,71.78262325,
axes2,Saturación sin AW,42,41,70.81010437,
axes2,Saturación sin AW,43,42,69.83086894,
axes2,Saturación sin AW,44,43,68.84491698,
axes2,Saturación sin AW,45,44,67.87232317,
axes2,Saturación sin AW,46,45,66.91319413,
axes2,Saturación sin AW,47,46,65.96763646,
axes2,Saturación sin AW,48,47,65.03575678,
axes2,Saturación sin AW,49,48,64.11766169,
axes2,Saturación sin AW,50,49,63.21345781,
axes2,Saturación sin AW,51,50,62.32325175,
axes2,Saturación sin AW,52,51,61.44715011,
axes2,Saturación sin AW,53,52,60.5852595,
axes2,Saturación sin AW,54,53,59.73768654,
axes2,Saturación sin AW,55,54,58.90453784,
axes2,Saturación sin AW,56,55,58.08592,
axes2,Saturación sin AW,57,56,57.28193964,
axes2,Saturación sin AW,58,57,56.49270336,
axes2,Saturación sin AW,59,58,55.71831778,
axes2,Saturación sin AW,60,59,54.95888951,
axes2,Saturación sin AW,61,60,54.21452515,
axes2,Saturación sin AW,62,61,53.48533131,
axes2,Saturación sin AW,63,62,52.77141462,
axes2,Saturación sin AW,64,63,52.07288167,
axes2,Saturación sin AW,65,64,51.38983907,
axes2,Saturación sin AW,66,65,50.72239345,
axes2,Saturación sin AW,67,66,50.07033359,
axes2,Saturación sin AW,68,67,49.43344662,
axes2,Saturación sin AW,69,68,48.81151796,
axes2,Saturación sin AW,70,69,48.20433132,
axes2,Saturación sin AW,71,70,47.61166875,
axes2,Saturación sin AW,72,71,47.0333106,
axes2,Saturación sin AW,73,72,46.4690355,
axes2,Saturación sin AW,74,73,45.91862043,
axes2,Saturación sin AW,75,74,45.38184064,
axes2,Saturación sin AW,76,75,44.85846972,
axes2,Saturación sin AW,77,76,44.34827955,
axes2,Saturación sin AW,78,77,43.85104031,
axes2,Saturación sin AW,79,78,43.36652051,
axes2,Saturación sin AW,80,79,42.89448695,
axes2,Saturación sin AW,81,80,42.43470474,
axes2,Saturación sin AW,82,81,41.98693731,
axes2,Saturación sin AW,83,82,41.55094638,
axes2,Saturación sin AW,84,83,41.126492,
axes2,Saturación sin AW,85,84,40.71333251,
axes2,Saturación sin AW,86,85,40.31122456,
axes2,Saturación sin AW,87,86,39.91992311,
axes2,Saturación sin AW,88,87,39.53918144,
axes2,Saturación sin AW,89,88,39.16875614,
axes2,Saturación sin AW,90,89,38.8084072,
axes2,Saturación sin AW,91,90,38.45789797,
axes2,Saturación sin AW,92,91,38.11699525,
axes2,Saturación sin AW,93,92,37.78546927,
axes2,Saturación sin AW,94,93,37.46309373,
axes2,Saturación sin AW,95,94,37.14964583,
axes2,Saturación sin AW,96,95,36.84490632,
axes2,Saturación sin AW,97,96,36.54865948,
axes2,Saturación sin AW,98,97,36.26069318,
axes2,Saturación sin AW,99,98,35.98079889,
axes2,Saturación sin AW,100,99,35.70877172,
axes2,Saturación sin AW,101,100,35.44441044,
axes2,Saturación sin AW,102,101,35.18751752,
axes2,Saturación sin AW,103,102,34.93789913,
axes2,Saturación sin AW,104,103,34.69536517,
axes2,Saturación sin AW,105,104,34.45972935,
axes2,Saturación sin AW,106,105,34.23080914,
axes2,Saturación sin AW,107,106,34.00842584,
axes2,Saturación sin AW,108,107,33.79240461,
axes2,Saturación sin AW,109,108,33.58257447,
axes2,Saturación sin AW,110,109,33.37876836,
axes2,Saturación sin AW,111,110,33.18082306,
axes2,Saturación sin AW,112,111,32.98857916,
axes2,Saturación sin AW,113,112,32.80188096,
axes2,Saturación sin AW,114,113,32.62057648,
axes2,Saturación sin AW,115,114,32.44451738,
axes2,Saturación sin AW,116,115,32.27355888,
axes2,Saturación sin AW,117,116,32.10755973,
axes2,Saturación sin AW,118,117,31.94638215,
axes2,Saturación sin AW,119,118,31.78989178,
axes2,Saturación sin AW,120,119,31.6379576,
axes2,Saturación sin AW,121,120,31.4904519,
axes2,Saturación sin AW,122,121,31.34725021,
axes2,Saturación sin AW,123,122,31.20823124,
axes2,Saturación sin AW,124,123,31.07327684,
axes2,Saturación sin AW,125,124,30.94227191,
axes2,Saturación sin AW,126,125,30.81510436,
axes2,Saturación sin AW,127,126,30.69166504,
axes2,Saturación sin AW,128,127,30.57184771,
axes2,Saturación sin AW,129,128,30.45554895,
axes2,Saturación sin AW,130,129,30.34266808,
axes2,Saturación sin AW,131,130,30.23310717,
axes2,Saturación sin AW,132,131,30.12677089,
axes2,Saturación sin AW,133,132,30.02356652,
axes2,Saturación sin AW,134,133,29.92340385,
axes2,Saturación sin AW,135,134,29.82619514,
axes2,Saturación sin AW,136,135,29.73185505,
axes2,Saturación sin AW,137,136,29.64030058,
axes2,Saturación sin AW,138,137,29.55145105,
axes2,Saturación sin AW,139,138,29.46522797,
axes2,Saturación sin AW,140,139,29.38155506,
axes2,Saturación sin AW,141,140,29.30035817,
axes2,Saturación sin AW,142,141,29.22156521,
axes2,Saturación sin AW,143,142,29.1451061,
axes2,Saturación sin AW,144,143,29.07091275,
axes2,Saturación sin AW,145,144,28.99891898,
axes2,Saturación sin AW,146,145,28.92906048,
axes2,Saturación sin AW,147,146,28.86127476,
axes2,Saturación sin AW,148,147,28.79550112,
axes2,Saturación sin AW,149,148,28.73168055,
axes2,Saturación sin AW,150,149,28.66975575,
axes2,Saturación sin AW,151,150,28.60967105,
axes2,Saturación sin AW,152,151,28.55137238,
axes2,Saturación sin AW,153,152,28.4948072,
axes2,Saturación sin AW,154,153,28.4399245,
axes2,Saturación sin AW,155,154,28.38667471,
axes2,Saturación sin AW,156,155,28.33500972,
axes2,Saturación sin AW,157,156,28.28488279,
axes2,Saturación sin AW,158,157,28.23624853,
axes2,Saturación sin AW,159,158,28.18906286,
axes2,Saturación sin AW,160,159,28.14328299,
axes2,Saturación sin AW,161,160,28.09886736,
axes2,Saturación sin AW,162,161,28.05577562,
axes2,Saturación sin AW,163,162,28.0139686,
axes2,Saturación sin AW,164,163,27.97340826,
axes2,Saturación sin AW,165,164,27.93405768,
axes2,Saturación sin AW,166,165,27.895881,
axes2,Saturación sin AW,167,166,27.85884342,
axes2,Saturación sin AW,168,167,27.82291116,
axes2,Saturación sin AW,169,168,27.78805143,
axes2,Saturación sin AW,170,169,27.75423238,
axes2,Saturación sin AW,171,170,27.72142312,
axes2,Saturación sin AW,172,171,27.68959364,
axes2,Saturación sin AW,173,172,27.65871485,
axes2,Saturación sin AW,174,173,27.62875847,
axes2,Saturación sin AW,175,174,27.59969708,
axes2,Saturación sin AW,176,175,27.57150406,
axes2,Saturación sin AW,177,176,27.54415357,
axes2,Saturación sin AW,178,177,27.51762055,
axes2,Saturación sin AW,179,178,27.49188064,
axes2,Saturación sin AW,180,179,27.46691024,
axes2,Saturación sin AW,181,180,27.44268642,
axes2,Saturación sin AW,182,181,27.41918695,
axes2,Saturación sin AW,183,182,27.39639023,
axes2,Saturación sin AW,184,183,27.37427533,
axes2,Saturación sin AW,185,184,27.35282191,
axes2,Saturación sin AW,186,185,27.33201024,
axes2,Saturación sin AW,187,186,27.3118212,
axes2,Saturación sin AW,188,187,27.29223619,
axes2,Saturación sin AW,189,188,27.27323721,
axes2,Saturación sin AW,190,189,27.25480676,
axes2,Saturación sin AW,191,190,27.23692787,
axes2,Saturación sin AW,192,191,27.21958407,
axes2,Saturación sin AW,193,192,27.2027594,
axes2,Saturación sin AW,194,193,27.18643834,
axes2,Saturación sin AW,195,194,27.17060586,
axes2,Saturación sin AW,196,195,27.15524735,
axes2,Saturación sin AW,197,196,27.14034867,
axes2,Saturación sin AW,198,197,27.12589606,
axes2,Saturación sin AW,199,198,27.11187621,
axes2,Saturación sin AW,200,199,27.09827617,
axes2,Saturación sin AW,201,200,27.08508339,
axes2,Saturación sin AW,202,201,27.07228571,
axes2,Saturación sin AW,203,202,27.0598713,
axes2,Saturación sin AW,204,203,27.04782871,
axes2,Saturación sin AW,205,204,27.03614682,
axes2,Saturación sin AW,206,205,27.02481484,
axes2,Saturación sin AW,207,206,27.0138223,
axes2,Saturación sin AW,208,207,27.00315906,
axes2,Saturación sin AW,209,208,26.99281525,
axes2,Saturación sin AW,210,209,26.98278133,
axes2,Saturación sin AW,211,210,26.97304801,
axes2,Saturación sin AW,212,211,26.96360631,
axes2,Saturación sin AW,213,212,26.95444749,
axes2,Saturación sin AW,214,213,26.9455631,
axes2,Saturación sin AW,215,214,26.93694491,
axes2,Saturación sin AW,216,215,26.92858496,
axes2,Saturación sin AW,217,216,26.92047552,
axes2,Saturación sin AW,218,217,26.91260909,
axes2,Saturación sin AW,219,218,26.90497839,
axes2,Saturación sin AW,220,219,26.89757637,
axes2,Saturación sin AW,221,220,26.89039617,
axes2,Saturación sin AW,222,221,26.88343117,
axes2,Saturación sin AW,223,222,26.8766749,
axes2,Saturación sin AW,224,223,26.87012112,
axes2,Saturación sin AW,225,224,26.86376378,
axes2,Saturación sin AW,226,225,26.85759697,
axes2,Saturación sin AW,227,226,26.851615,
axes2,Saturación sin AW,228,227,26.84581233,
axes2,Saturación sin AW,229,228,26.84018359,
axes2,Saturación sin AW,230,229,26.83472357,
axes2,Saturación sin AW,231,230,26.82942722,
axes2,Saturación sin AW,232,231,26.82428963,
axes2,Saturación sin AW,233,232,26.81930604,
axes2,Saturación sin AW,234,233,26.81447184,
axes2,Saturación sin AW,235,234,26.80978256,
axes2,Saturación sin AW,236,235,26.80523386,
axes2,Saturación sin AW,237,236,26.80082151,
axes2,Saturación sin AW,238,237,26.79654145,
axes2,Saturación sin AW,239,238,26.79238969,
axes2,Saturación sin AW,240,239,26.7883624,
axes2,Saturación sin AW,241,240,26.78445585,
axes2,Saturación sin AW,242,241,26.78066642,
axes2,Saturación sin AW,243,242,26.77699059,
axes2,Saturación sin AW,244,243,26.77342497,
axes2,Saturación sin AW,245,244,26.76996626,
axes2,Saturación sin AW,246,245,26.76661124,
axes2,Saturación sin AW,247,246,26.76335681,
axes2,Saturación sin AW,248,247,26.76019996,
axes2,Saturación sin AW,249,248,26.75713775,
axes2,Saturación sin AW,250,249,26.75416737,
axes2,Saturación sin AW,251,250,26.75128604,
axes2,Saturación sin AW,252,251,26.7484911,
axes2,Saturación sin AW,253,252,26.74577997,
axes2,Saturación sin AW,254,253,26.74315013,
axes2,Saturación sin AW,255,254,26.74059914,
axes2,Saturación sin AW,256,255,26.73812465,
axes2,Saturación sin AW,257,256,26.73572435,
axes2,Saturación sin AW,258,257,26.73339602,
axes2,Saturación sin AW,259,258,26.73113751,
axes2,Saturación sin AW,260,259,26.72894672,
axes2,Saturación sin AW,261,260,26.72682163,
axes2,Saturación sin AW,262,261,26.72476025,
axes2,Saturación sin AW,263,262,26.72276069,
axes2,Saturación sin AW,264,263,26.72082109,
axes2,Saturación sin AW,265,264,26.71893966,
axes2,Saturación sin AW,266,265,26.71711464,
axes2,Saturación sin AW,267,266,26.71534434,
axes2,Saturación sin AW,268,267,26.71362714,
axes2,Saturación sin AW,269,268,26.71196143,
axes2,Saturación sin AW,270,269,26.71034566,
axes2,Saturación sin AW,271,270,26.70877836,
axes2,Saturación sin AW,272,271,26.70725805,
axes2,Saturación sin AW,273,272,26.70578333,
axes2,Saturación sin AW,274,273,26.70435284,
axes2,Saturación sin AW,275,274,26.70296525,
axes2,Saturación sin AW,276,275,26.70161927,
axes2,Saturación sin AW,277,276,26.70031365,
axes2,Saturación sin AW,278,277,26.69904719,
axes2,Saturación sin AW,279,278,26.69781871,
axes2,Saturación sin AW,280,279,26.69662707,
axes2,Saturación sin AW,281,280,26.69547116,
axes2,Saturación sin AW,282,281,26.69434993,
axes2,Saturación sin AW,283,282,26.69326231,
axes2,Saturación sin AW,284,283,26.69220732,
axes2,Saturación sin AW,285,284,26.69118396,
axes2,Saturación sin AW,286,285,26.6901913,
axes2,Saturación sin AW,287,286,26.68922841,
axes2,Saturación sin AW,288,287,26.68829439,
axes2,Saturación sin AW,289,288,26.68738839,
axes2,Saturación sin AW,290,289,26.68650956,
axes2,Saturación sin AW,291,290,26.68565708,
axes2,Saturación sin AW,292,291,26.68483018,
axes2,Saturación sin AW,293,292,26.68402807,
axes2,Saturación sin AW,294,293,26.68325002,
axes2,Saturación sin AW,295,294,26.68249531,
axes2,Saturación sin AW,296,295,26.68176323,
axes2,Saturación sin AW,297,296,26.68105311,
axes2,Saturación sin AW,298,297,26.68036428,
axes2,Saturación sin AW,299,298,26.67969612,
axes2,Saturación sin AW,300,299,26.67904799,
axes2,Saturación sin AW,301,300,26.67841931,
axes2,Saturación sin AW,302,301,26.67780948,
axes2,Saturación sin AW,303,302,26.67721795,
axes2,Saturación sin AW,304,303,26.67664415,
axes2,Saturación sin AW,305,304,26.67608757,
axes2,Saturación sin AW,306,305,26.67554768,
axes2,Saturación sin AW,307,306,26.67502398,
axes2,Saturación sin AW,308,307,26.67451599,
axes2,Saturación sin AW,309,308,26.67402324,
axes2,Saturación sin AW,310,309,26.67354527,
axes2,Saturación sin AW,311,310,26.67308163,
axes2,Saturación sin AW,312,311,26.67263191,
axes2,Saturación sin AW,313,312,26.67219567,
axes2,Saturación sin AW,314,313,26.67177252,
axes2,Saturación sin AW,315,314,26.67136206,
axes2,Saturación sin AW,316,315,26.67096391,
axes2,Saturación sin AW,317,316,26.67057771,
axes2,Saturación sin AW,318,317,26.67020309,
axes2,Saturación sin AW,319,318,26.66983971,
axes2,Saturación sin AW,320,319,26.66948722,
axes2,Saturación sin AW,321,320,26.66914532,
axes2,Saturación sin AW,322,321,26.66881367,
axes2,Saturación sin AW,323,322,26.66849196,
axes2,Saturación sin AW,324,323,26.66817991,
axes2,Saturación sin AW,325,324,26.66787722,
axes2,Saturación sin AW,326,325,26.66758361,
axes2,Saturación sin AW,327,326,26.66729881,
axes2,Saturación sin AW,328,327,26.66702255,
axes2,Saturación sin AW,329,328,26.66675458,
axes2,Saturación sin AW,330,329,26.66649465,
axes2,Saturación sin AW,331,330,26.66624252,
axes2,Saturación sin AW,332,331,26.66599795,
axes2,Saturación sin AW,333,332,26.66576072,
axes2,Saturación sin AW,334,333,26.66553061,
axes2,Saturación sin AW,335,334,26.6653074,
axes2,Saturación sin AW,336,335,26.66509088,
axes2,Saturación sin AW,337,336,26.66488086,
axes2,Saturación sin AW,338,337,26.66467715,
axes2,Saturación sin AW,339,338,26.66447955,
axes2,Saturación sin AW,340,339,26.66428787,
axes2,Saturación sin AW,341,340,26.66410195,
axes2,Saturación sin AW,342,341,26.6639216,
axes2,Saturación sin AW,343,342,26.66374667,
axes2,Saturación sin AW,344,343,26.66357698,
axes2,Saturación sin AW,345,344,26.66341239,
axes2,Saturación sin AW,346,345,26.66325273,
axes2,Saturación sin AW,347,346,26.66309787,
axes2,Saturación sin AW,348,347,26.66294765,
axes2,Saturación sin AW,349,348,26.66280195,
axes2,Saturación sin AW,350,349,26.66266061,
axes2,Saturación sin AW,351,350,26.66252351,
axes2,Saturación sin AW,352,351,26.66239053,
axes2,Saturación sin AW,353,352,26.66226154,
axes2,Saturación sin AW,354,353,26.66213642,
axes2,Saturación sin AW,355,354,26.66201506,
axes2,Saturación sin AW,356,355,26.66189734,
axes2,Saturación sin AW,357,356,26.66178315,
axes2,Saturación sin AW,358,357,26.66167239,
axes2,Saturación sin AW,359,358,26.66156495,
axes2,Saturación sin AW,360,359,26.66146074,
axes2,Saturación sin AW,361,360,26.66135966,
axes2,Saturación sin AW,362,361,26.66126161,
axes2,Saturación sin AW,363,362,26.6611665,
axes2,Saturación sin AW,364,363,26.66107425,
axes2,Saturación sin AW,365,364,26.66098476,
axes2,Saturación sin AW,366,365,26.66089797,
axes2,Saturación sin AW,367,366,26.66081378,
axes2,Saturación sin AW,368,367,26.66073211,
axes2,Saturación sin AW,369,368,26.6606529,
axes2,Saturación sin AW,370,369,26.66057607,
axes2,Saturación sin AW,371,370,26.66050154,
axes2,Saturación sin AW,372,371,26.66042925,
axes2,Saturación sin AW,373,372,26.66035913,
axes2,Saturación sin AW,374,373,26.66029112,
axes2,Saturación sin AW,375,374,26.66022515,
axes2,Saturación sin AW,376,375,26.66016116,
axes2,Saturación sin AW,377,376,26.66009909,
axes2,Saturación sin AW,378,377,26.66003888,
axes2,Saturación sin AW,379,378,26.65998048,
axes2,Saturación sin AW,380,379,26.65992384,
axes2,Saturación sin AW,381,380,26.6598689,
axes2,Saturación sin AW,382,381,26.65981561,
axes2,Saturación sin AW,383,382,26.65976392,
axes2,Saturación sin AW,384,383,26.65971378,
axes2,Saturación sin AW,385,384,26.65966514,
axes2,Saturación sin AW,386,385,26.65961797,
axes2,Saturación sin AW,387,386,26.65957222,
axes2,Saturación sin AW,388,387,26.65952784,
axes2,Saturación sin AW,389,388,26.65948479,
axes2,Saturación sin AW,390,389,26.65944304,
axes2,Saturación sin AW,391,390,26.65940254,
axes2,Saturación sin AW,392,391,26.65936326,
axes2,Saturación sin AW,393,392,26.65932515,
axes2,Saturación sin AW,394,393,26.6592882,
axes2,Saturación sin AW,395,394,26.65925235,
axes2,Saturación sin AW,396,395,26.65921758,
axes2,Saturación sin AW,397,396,26.65918386,
axes2,Saturación sin AW,398,397,26.65915115,
axes2,Saturación sin AW,399,398,26.65911942,
axes2,Saturación sin AW,400,399,26.65908865,
axes2,Saturación sin AW,401,400,26.6590588,
axes2,Saturación sin AW,402,401,26.65902985,
axes2,Saturación sin AW,403,402,26.65900177,
axes2,Saturación sin AW,404,403,26.65897453,
axes2,Saturación sin AW,405,404,26.65894812,
axes2,Saturación sin AW,406,405,26.65892249,
axes2,Saturación sin AW,407,406,26.65889764,
axes2,Saturación sin AW,408,407,26.65887354,
axes2,Saturación sin AW,409,408,26.65885016,
axes2,Saturación sin AW,410,409,26.65882748,
axes2,Saturación sin AW,411,410,26.65880549,
axes2,Saturación sin AW,412,411,26.65878416,
axes2,Saturación sin AW,413,412,26.65876347,
axes2,Saturación sin AW,414,413,26.6587434,
axes2,Saturación sin AW,415,414,26.65872393,
axes2,Saturación sin AW,416,415,26.65870506,
axes2,Saturación sin AW,417,416,26.65868675,
axes2,Saturación sin AW,418,417,26.65866899,
axes2,Saturación sin AW,419,418,26.65865176,
axes2,Saturación sin AW,420,419,26.65863506,
axes2,Saturación sin AW,421,420,26.65861885,
axes2,Saturación sin AW,422,421,26.65860314,
axes2,Saturación sin AW,423,422,26.6585879,
axes2,Saturación sin AW,424,423,26.65857312,
axes2,Saturación sin AW,425,424,26.65855878,
axes2,Saturación sin AW,426,425,26.65854487,
axes2,Saturación sin AW,427,426,26.65853139,
axes2,Saturación sin AW,428,427,26.65851831,
axes2,Saturación sin AW,429,428,26.65850562,
axes2,Saturación sin AW,430,429,26.65849332,
axes2,Saturación sin AW,431,430,26.65848139,
axes2,Saturación sin AW,432,431,26.65846982,
axes2,Saturación sin AW,433,432,26.65845859,
axes2,Saturación sin AW,434,433,26.65844771,
axes2,Saturación sin AW,435,434,26.65843715,
axes2,Saturación sin AW,436,435,26.65842691,
axes2,Saturación sin AW,437,436,26.65841698,
axes2,Saturación sin AW,438,437,26.65840735,
axes2,Saturación sin AW,439,438,26.65839802,
axes2,Saturación sin AW,440,439,26.65838896,
axes2,Saturación sin AW,441,440,26.65838017,
axes2,Saturación sin AW,442,441,26.65837166,
axes2,Saturación sin AW,443,442,26.6583634,
axes2,Saturación sin AW,444,443,26.65835538,
axes2,Saturación sin AW,445,444,26.65834761,
axes2,Saturación sin AW,446,445,26.65834008,
axes2,Saturación sin AW,447,446,26.65833277,
axes2,Saturación sin AW,448,447,26.65832569,
axes2,Saturación sin AW,449,448,26.65831881,
axes2,Saturación sin AW,450,449,26.65831215,
axes2,Saturación sin AW,451,450,26.65830569,
axes2,Saturación sin AW,452,451,26.65829942,
axes2,Saturación sin AW,453,452,26.65829334,
axes2,Saturación sin AW,454,453,26.65828745,
axes2,Saturación sin AW,455,454,26.65828174,
axes2,Saturación sin AW,456,455,26.65827619,
axes2,Saturación sin AW,457,456,26.65827082,
axes2,Saturación sin AW,458,457,26.65826561,
axes2,Saturación sin AW,459,458,26.65826056,
axes2,Saturación sin AW,460,459,26.65825566,
axes2,Saturación sin AW,461,460,26.65825091,
axes2,Saturación sin AW,462,461,26.6582463,
axes2,Saturación sin AW,463,462,26.65824183,
axes2,Saturación sin AW,464,463,26.6582375,
axes2,Saturación sin AW,465,464,26.6582333,
axes2,Saturación sin AW,466,465,26.65822923,
axes2,Saturación sin AW,467,466,26.65822528,
axes2,Saturación sin AW,468,467,26.65822145,
axes2,Saturación sin AW,469,468,26.65821774,
axes2,Saturación sin AW,470,469,26.65821414,
axes2,Saturación sin AW,471,470,26.65821065,
axes2,Saturación sin AW,472,471,26.65820726,
axes2,Saturación sin AW,473,472,26.65820398,
axes2,Saturación sin AW,474,473,26.6582008,
axes2,Saturación sin AW,475,474,26.65819772,
axes2,Saturación sin AW,476,475,26.65819473,
axes2,Saturación sin AW,477,476,26.65819183,
axes2,Saturación sin AW,478,477,26.65818902,
axes2,Saturación sin AW,479,478,26.6581863,
axes2,Saturación sin AW,480,479,26.65818365,
axes2,Saturación sin AW,481,480,26.65818109,
axes2,Saturación sin AW,482,481,26.65817861,
axes2,Saturación sin AW,483,482,26.65817621,
axes2,Saturación sin AW,484,483,26.65817387,
axes2,Saturación sin AW,485,484,26.65817161,
axes2,Saturación sin AW,486,485,26.65816942,
axes2,Saturación sin AW,487,486,26.65816729,
axes2,Saturación sin AW,488,487,26.65816524,
axes2,Saturación sin AW,489,488,26.65816324,
axes2,Saturación sin AW,490,489,26.6581613,
axes2,Saturación sin AW,491,490,26.65815943,
axes2,Saturación sin AW,492,491,26.65815761,
axes2,Saturación sin AW,493,492,26.65815585,
axes2,Saturación sin AW,494,493,26.65815414,
axes2,Saturación sin AW,495,494,26.65815248,
axes2,Saturación sin AW,496,495,26.65815088,
axes2,Saturación sin AW,497,496,26.65814933,
axes2,Saturación sin AW,498,497,26.65814782,
axes2,Saturación sin AW,499,498,26.65814636,
axes2,Saturación sin AW,500,499,26.65814494,
axes2,Saturación sin AW,501,500,26.65814357,
axes2,Saturación sin AW,502,501,26.65814224,
axes2,Saturación sin AW,503,502,26.65814095,
axes2,Saturación sin AW,504,503,26.65813971,
axes2,Saturación sin AW,505,504,26.6581385,
axes2,Saturación sin AW,506,505,26.65813733,
axes2,Saturación sin AW,507,506,26.65813619,
axes2,Saturación sin AW,508,507,26.65813509,
axes2,Saturación sin AW,509,508,26.65813403,
axes2,Saturación sin AW,510,509,26.65813299,
axes2,Saturación sin AW,511,510,26.65813199,
axes2,Saturación sin AW,512,511,26.65813103,
axes2,Saturación sin AW,513,512,26.65813009,
axes2,Saturación sin AW,514,513,26.65812918,
axes2,Saturación sin AW,515,514,26.6581283,
axes2,Saturación sin AW,516,515,26.65812744,
axes2,Saturación sin AW,517,516,26.65812662,
axes2,Saturación sin AW,518,517,26.65812582,
axes2,Saturación sin AW,519,518,26.65812504,
axes2,Saturación sin AW,520,519,26.65812429,
axes2,Saturación sin AW,521,520,26.65812357,
axes2,Saturación sin AW,522,521,26.65812286,
axes2,Saturación sin AW,523,522,26.65812218,
axes2,Saturación sin AW,524,523,26.65812152,
axes2,Saturación sin AW,525,524,26.65812088,
axes2,Saturación sin AW,526,525,26.65812026,
axes2,Saturación sin AW,527,526,26.65811967,
axes2,Saturación sin AW,528,527,26.65811909,
axes2,Saturación sin AW,529,528,26.65811852,
axes2,Saturación sin AW,530,529,26.65811798,
axes2,Saturación sin AW,531,530,26.65811746,
axes2,Saturación sin AW,532,531,26.65811695,
axes2,Saturación sin AW,533,532,26.65811645,
axes2,Saturación sin AW,534,533,26.65811598,
axes2,Saturación sin AW,535,534,26.65811552,
axes2,Saturación sin AW,536,535,26.65811507,
axes2,Saturación sin AW,537,536,26.65811464,
axes2,Saturación sin AW,538,537,26.65811422,
axes2,Saturación sin AW,539,538,26.65811382,
axes2,Saturación sin AW,540,539,26.65811343,
axes2,Saturación sin AW,541,540,26.65811305,
axes2,Saturación sin AW,542,541,26.65811268,
axes2,Saturación sin AW,543,542,26.65811233,
axes2,Saturación sin AW,544,543,26.65811199,
axes2,Saturación sin AW,545,544,26.65811166,
axes2,Saturación sin AW,546,545,26.65811134,
axes2,Saturación sin AW,547,546,26.65811103,
axes2,Saturación sin AW,548,547,26.65811073,
axes2,Saturación sin AW,549,548,26.65811044,
axes2,Saturación sin AW,550,549,26.65811016,
axes2,Saturación sin AW,551,550,26.65810989,
axes2,Saturación sin AW,552,551,26.65810963,
axes2,Saturación sin AW,553,552,26.65810938,
axes2,Saturación sin AW,554,553,26.65810914,
axes2,Saturación sin AW,555,554,26.6581089,
axes2,Saturación sin AW,556,555,26.65810868,
axes2,Saturación sin AW,557,556,26.65810846,
axes2,Saturación sin AW,558,557,26.65810825,
axes2,Saturación sin AW,559,558,26.65810804,
axes2,Saturación sin AW,560,559,26.65810785,
axes2,Saturación sin AW,561,560,26.65810766,
axes2,Saturación sin AW,562,561,26.65810747,
axes2,Saturación sin AW,563,562,26.6581073,
axes2,Saturación sin AW,564,563,26.65810712,
axes2,Saturación sin AW,565,564,26.65810696,
axes2,Saturación sin AW,566,565,26.6581068,
axes2,Saturación sin AW,567,566,26.65810665,
axes2,Saturación sin AW,568,567,26.6581065,
axes2,Saturación sin AW,569,568,26.65810636,
axes2,Saturación sin AW,570,569,26.65810622,
axes2,Saturación sin AW,571,570,26.65810609,
axes2,Saturación sin AW,572,571,26.65810596,
axes2,Saturación sin AW,573,572,26.65810584,
axes2,Saturación sin AW,574,573,26.65810572,
axes2,Saturación sin AW,575,574,26.65810561,
axes2,Saturación sin AW,576,575,26.6581055,
axes2,Saturación sin AW,577,576,26.6581054,
axes2,Saturación sin AW,578,577,26.6581053,
axes2,Saturación sin AW,579,578,26.6581052,
axes2,Saturación sin AW,580,579,26.65810511,
axes2,Saturación sin AW,581,580,26.65810502,
axes2,Saturación sin AW,582,581,26.65810493,
axes2,Saturación sin AW,583,582,26.65810485,
axes2,Saturación sin AW,584,583,26.65810477,
axes2,Saturación sin AW,585,584,26.65810469,
axes2,Saturación sin AW,586,585,26.65810462,
axes2,Saturación sin AW,587,586,26.65810455,
axes2,Saturación sin AW,588,587,26.65810448,
axes2,Saturación sin AW,589,588,26.65810442,
axes2,Saturación sin AW,590,589,26.65810436,
axes2,Saturación sin AW,591,590,26.6581043,
axes2,Saturación sin AW,592,591,26.65810424,
axes2,Saturación sin AW,593,592,26.65810419,
axes2,Saturación sin AW,594,593,26.65810414,
axes2,Saturación sin AW,595,594,26.65810409,
axes2,Saturación sin AW,596,595,26.65810405,
axes2,Saturación sin AW,597,596,26.658104,
axes2,Saturación sin AW,598,597,26.65810396,
axes2,Saturación sin AW,599,598,26.65810392,
axes2,Saturación sin AW,600,599,26.65810388,
axes2,Saturación sin AW,601,600,26.65810385,
axes2,Saturación sin AW,602,601,26.65810381,
axes2,Saturación sin AW,603,602,26.65810378,
axes2,Saturación sin AW,604,603,26.65810375,
axes2,Saturación sin AW,605,604,26.65810372,
axes2,Saturación sin AW,606,605,26.65810369,
axes2,Saturación sin AW,607,606,26.65810367,
axes2,Saturación sin AW,608,607,26.65810364,
axes2,Saturación sin AW,609,608,26.65810362,
axes2,Saturación sin AW,610,609,26.6581036,
axes2,Saturación sin AW,611,610,26.65810358,
axes2,Saturación sin AW,612,611,26.65810356,
axes2,Saturación sin AW,613,612,26.65810354,
axes2,Saturación sin AW,614,613,26.65810353,
axes2,Saturación sin AW,615,614,26.65810351,
axes2,Saturación sin AW,616,615,26.6581035,
axes2,Saturación sin AW,617,616,26.65810349,
axes2,Saturación sin AW,618,617,26.65810347,
axes2,Saturación sin AW,619,618,26.65810346,
axes2,Saturación sin AW,620,619,26.65810346,
axes2,Saturación sin AW,621,620,26.65810345,
axes2,Saturación sin AW,622,621,26.65810344,
axes2,Saturación sin AW,623,622,26.65810343,
axes2,Saturación sin AW,624,623,26.65810343,
axes2,Saturación sin AW,625,624,26.65810342,
axes2,Saturación sin AW,626,625,26.65810342,
axes2,Saturación sin AW,627,626,26.65810342,
axes2,Saturación sin AW,628,627,26.65810341,
axes2,Saturación sin AW,629,628,26.65810341,
axes2,Saturación sin AW,630,629,26.65810341,
axes2,Saturación sin AW,631,630,26.65810341,
axes2,Saturación sin AW,632,631,26.65810341,
axes2,Saturación sin AW,633,632,26.65810341,
axes2,Saturación sin AW,634,633,26.65810342,
axes2,Saturación sin AW,635,634,26.65810342,
axes2,Saturación sin AW,636,635,26.65810342,
axes2,Saturación sin AW,637,636,26.65810342,
axes2,Saturación sin AW,638,637,26.65810343,
axes2,Saturación sin AW,639,638,26.65810343,
axes2,Saturación sin AW,640,639,26.65810344,
axes2,Saturación sin AW,641,640,26.65810344,
axes2,Saturación sin AW,642,641,26.65810345,
axes2,Saturación sin AW,643,642,26.65810346,
axes2,Saturación sin AW,644,643,26.65810346,
axes2,Saturación sin AW,645,644,26.65810347,
axes2,Saturación sin AW,646,645,26.65810348,
axes2,Saturación sin AW,647,646,26.65810349,
axes2,Saturación sin AW,648,647,26.6581035,
axes2,Saturación sin AW,649,648,26.6581035,
axes2,Saturación sin AW,650,649,26.65810351,
axes2,Saturación sin AW,651,650,26.65810352,
axes2,Saturación sin AW,652,651,26.65810353,
axes2,Saturación sin AW,653,652,26.65810354,
axes2,Saturación sin AW,654,653,26.65810355,
axes2,Saturación sin AW,655,654,26.65810357,
axes2,Saturación sin AW,656,655,26.65810358,
axes2,Saturación sin AW,657,656,26.65810359,
axes2,Saturación sin AW,658,657,26.6581036,
axes2,Saturación sin AW,659,658,26.65810361,
axes2,Saturación sin AW,660,659,26.65810362,
axes2,Saturación sin AW,661,660,26.65810364,
axes2,Saturación sin AW,662,661,26.65810365,
axes2,Saturación sin AW,663,662,26.65810366,
axes2,Saturación sin AW,664,663,26.65810367,
axes2,Saturación sin AW,665,664,26.65810369,
axes2,Saturación sin AW,666,665,26.6581037,
axes2,Saturación sin AW,667,666,26.65810371,
axes2,Saturación sin AW,668,667,26.65810373,
axes2,Saturación sin AW,669,668,26.65810374,
axes2,Saturación sin AW,670,669,26.65810375,
axes2,Saturación sin AW,671,670,26.65810377,
axes2,Saturación sin AW,672,671,26.65810378,
axes2,Saturación sin AW,673,672,26.6581038,
axes2,Saturación sin AW,674,673,26.65810381,
axes2,Saturación sin AW,675,674,26.65810382,
axes2,Saturación sin AW,676,675,26.65810384,
axes2,Saturación sin AW,677,676,26.65810385,
axes2,Saturación sin AW,678,677,26.65810387,
axes2,Saturación sin AW,679,678,26.65810388,
axes2,Saturación sin AW,680,679,26.6581039,
axes2,Saturación sin AW,681,680,26.65810391,
axes2,Saturación sin AW,682,681,26.65810393,
axes2,Saturación sin AW,683,682,26.65810394,
axes2,Saturación sin AW,684,683,26.65810396,
axes2,Saturación sin AW,685,684,26.65810397,
axes2,Saturación sin AW,686,685,26.65810399,
axes2,Saturación sin AW,687,686,26.658104,
axes2,Saturación sin AW,688,687,26.65810402,
axes2,Saturación sin AW,689,688,26.65810403,
axes2,Saturación sin AW,690,689,26.65810405,
axes2,Saturación sin AW,691,690,26.65810406,
axes2,Saturación sin AW,692,691,26.65810408,
axes2,Saturación sin AW,693,692,26.65810409,
axes2,Saturación sin AW,694,693,26.65810411,
axes2,Saturación sin AW,695,694,26.65810413,
axes2,Saturación sin AW,696,695,26.65810414,
axes2,Saturación sin AW,697,696,26.65810416,
axes2,Saturación sin AW,698,697,26.65810417,
axes2,Saturación sin AW,699,698,26.65810419,
axes2,Saturación sin AW,700,699,26.6581042,
axes2,Saturación sin AW,701,700,26.65810422,
axes2,Saturación sin AW,702,701,26.65810423,
axes2,Saturación sin AW,703,702,26.65810425,
axes2,Saturación sin AW,704,703,26.65810427,
axes2,Saturación sin AW,705,704,26.65810428,
axes2,Saturación sin AW,706,705,26.6581043,
axes2,Saturación sin AW,707,706,26.65810431,
axes2,Saturación sin AW,708,707,26.65810433,
axes2,Saturación sin AW,709,708,26.65810434,
axes2,Saturación sin AW,710,709,26.65810436,
axes2,Saturación sin AW,711,710,26.65810437,
axes2,Saturación sin AW,712,711,26.65810439,
axes2,Saturación sin AW,713,712,26.6581044,
axes2,Saturación sin AW,714,713,26.65810442,
axes2,Saturación sin AW,715,714,26.65810443,
axes2,Saturación sin AW,716,715,26.65810445,
axes2,Saturación sin AW,717,716,26.65810446,
axes2,Saturación sin AW,718,717,26.65810448,
axes2,Saturación sin AW,719,718,26.6581045,
axes2,Saturación sin AW,720,719,26.65810451,
axes2,Saturación sin AW,721,720,26.65810453,
axes2,Saturación sin AW,722,721,26.65810454,
axes2,Saturación sin AW,723,722,26.65810456,
axes2,Saturación sin AW,724,723,26.65810457,
axes2,Saturación sin AW,725,724,26.65810459,
axes2,Saturación sin AW,726,725,26.6581046,
axes2,Saturación sin AW,727,726,26.65810462,
axes2,Saturación sin AW,728,727,26.65810463,
axes2,Saturación sin AW,729,728,26.65810464,
axes2,Saturación sin AW,730,729,26.65810466,
axes2,Saturación sin AW,731,730,26.65810467,
axes2,Saturación sin AW,732,731,26.65810469,
axes2,Saturación sin AW,733,732,26.6581047,
axes2,Saturación sin AW,734,733,26.65810472,
axes2,Saturación sin AW,735,734,26.65810473,
axes2,Saturación sin AW,736,735,26.65810475,
axes2,Saturación sin AW,737,736,26.65810476,
axes2,Saturación sin AW,738,737,26.65810478,
axes2,Saturación sin AW,739,738,26.65810479,
axes2,Saturación sin AW,740,739,26.6581048,
axes2,Saturación sin AW,741,740,26.65810482,
axes2,Saturación sin AW,742,741,26.65810483,
axes2,Saturación sin AW,743,742,26.65810485,
axes2,Saturación sin AW,744,743,26.65810486,
axes2,Saturación sin AW,745,744,26.65810487,
axes2,Saturación sin AW,746,745,26.65810489,
axes2,Saturación sin AW,747,746,26.6581049,
axes2,Saturación sin AW,748,747,26.65810492,
axes2,Saturación sin AW,749,748,26.65810493,
axes2,Saturación sin AW,750,749,26.65810494,
axes2,Saturación sin AW,751,750,26.65810496,
axes2,Saturación sin AW,752,751,26.65810497,
axes2,Saturación sin AW,753,752,26.65810498,
axes2,Saturación sin AW,754,753,26.658105,
axes2,Saturación sin AW,755,754,26.65810501,
axes2,Saturación sin AW,756,755,26.65810502,
axes2,Saturación sin AW,757,756,26.65810504,
axes2,Saturación sin AW,758,757,26.65810505,
axes2,Saturación sin AW,759,758,26.65810506,
axes2,Saturación sin AW,760,759,26.65810508,
axes2,Saturación sin AW,761,760,26.65810509,
axes2,Saturación sin AW,762,761,26.6581051,
axes2,Saturación sin AW,763,762,26.65810512,
axes2,Saturación sin AW,764,763,26.65810513,
axes2,Saturación sin AW,765,764,26.65810514,
axes2,Saturación sin AW,766,765,26.65810516,
axes2,Saturación sin AW,767,766,26.65810517,
axes2,Saturación sin AW,768,767,26.65810518,
axes2,Saturación sin AW,769,768,26.65810519,
axes2,Saturación sin AW,770,769,26.65810521,
axes2,Saturación sin AW,771,770,26.65810522,
axes2,Saturación sin AW,772,771,26.65810523,
axes2,Saturación sin AW,773,772,26.65810524,
axes2,Saturación sin AW,774,773,26.65810526,
axes2,Saturación sin AW,775,774,26.65810527,
axes2,Saturación sin AW,776,775,26.65810528,
axes2,Saturación sin AW,777,776,26.65810529,
axes2,Saturación sin AW,778,777,26.65810531,
axes2,Saturación sin AW,779,778,26.65810532,
axes2,Saturación sin AW,780,779,26.65810533,
axes2,Saturación sin AW,781,780,26.65810534,
axes2,Saturación sin AW,782,781,26.65810535,
axes2,Saturación sin AW,783,782,26.65810536,
axes2,Saturación sin AW,784,783,26.65810538,
axes2,Saturación sin AW,785,784,26.65810539,
axes2,Saturación sin AW,786,785,26.6581054,
axes2,Saturación sin AW,787,786,26.65810541,
axes2,Saturación sin AW,788,787,26.65810542,
axes2,Saturación sin AW,789,788,26.65810543,
axes2,Saturación sin AW,790,789,26.65810545,
axes2,Saturación sin AW,791,790,26.65810546,
axes2,Saturación sin AW,792,791,26.65810547,
axes2,Saturación sin AW,793,792,26.65810548,
axes2,Saturación sin AW,794,793,26.65810549,
axes2,Saturación sin AW,795,794,26.6581055,
axes2,Saturación sin AW,796,795,26.65810551,
axes2,Saturación sin AW,797,796,26.65810553,
axes2,Saturación sin AW,798,797,26.65810554,
axes2,Saturación sin AW,799,798,26.65810555,
axes2,Saturación sin AW,800,799,26.65810556,
axes2,Saturación sin AW,801,800,26.65810557,
axes2,Saturación sin AW,802,801,26.65810558,
axes2,Saturación sin AW,803,802,26.65810559,
axes2,Saturación sin AW,804,803,26.6581056,
axes2,Saturación sin AW,805,804,26.65810561,
axes2,Saturación sin AW,806,805,26.65810562,
axes2,Saturación sin AW,807,806,26.65810563,
axes2,Saturación sin AW,808,807,26.65810564,
axes2,Saturación sin AW,809,808,26.65810565,
axes2,Saturación sin AW,810,809,26.65810566,
axes2,Saturación sin AW,811,810,26.65810567,
axes2,Saturación sin AW,812,811,26.65810568,
axes2,Saturación sin AW,813,812,26.6581057,
axes2,Saturación sin AW,814,813,26.65810571,
axes2,Saturación sin AW,815,814,26.65810572,
axes2,Saturación sin AW,816,815,26.65810573,
axes2,Saturación sin AW,817,816,26.65810574,
axes2,Saturación sin AW,818,817,26.65810575,
axes2,Saturación sin AW,819,818,26.65810576,
axes2,Saturación sin AW,820,819,26.65810577,
axes2,Saturación sin AW,821,820,26.65810578,
axes2,Saturación sin AW,822,821,26.65810579,
axes2,Saturación sin AW,823,822,26.65810579,
axes2,Saturación sin AW,824,823,26.6581058,
axes2,Saturación sin AW,825,824,26.65810581,
axes2,Saturación sin AW,826,825,26.65810582,
axes2,Saturación sin AW,827,826,26.65810583,
axes2,Saturación sin AW,828,827,26.65810584,
axes2,Saturación sin AW,829,828,26.65810585,
axes2,Saturación sin AW,830,829,26.65810586,
axes2,Saturación sin AW,831,830,26.65810587,
axes2,Saturación sin AW,832,831,26.65810588,
axes2,Saturación sin AW,833,832,26.65810589,
axes2,Saturación sin AW,834,833,26.6581059,
axes2,Saturación sin AW,835,834,26.65810591,
axes2,Saturación sin AW,836,835,26.65810592,
axes2,Saturación sin AW,837,836,26.65810593,
axes2,Saturación sin AW,838,837,26.65810593,
axes2,Saturación sin AW,839,838,26.65810594,
axes2,Saturación sin AW,840,839,26.65810595,
axes2,Saturación sin AW,841,840,26.65810596,
axes2,Saturación sin AW,842,841,26.65810597,
axes2,Saturación sin AW,843,842,26.65810598,
axes2,Saturación sin AW,844,843,26.65810599,
axes2,Saturación sin AW,845,844,26.658106,
axes2,Saturación sin AW,846,845,26.65810601,
axes2,Saturación sin AW,847,846,26.65810601,
axes2,Saturación sin AW,848,847,26.65810602,
axes2,Saturación sin AW,849,848,26.65810603,
axes2,Saturación sin AW,850,849,26.65810604,
axes2,Saturación sin AW,851,850,26.65810605,
axes2,Saturación sin AW,852,851,26.65810606,
axes2,Saturación sin AW,853,852,26.65810606,
axes2,Saturación sin AW,854,853,26.65810607,
axes2,Saturación sin AW,855,854,26.65810608,
axes2,Saturación sin AW,856,855,26.65810609,
axes2,Saturación sin AW,857,856,26.6581061,
axes2,Saturación sin AW,858,857,26.65810611,
axes2,Saturación sin AW,859,858,26.65810611,
axes2,Saturación sin AW,860,859,26.65810612,
axes2,Saturación sin AW,861,860,26.65810613,
axes2,Saturación sin AW,862,861,26.65810614,
axes2,Saturación sin AW,863,862,26.65810615,
axes2,Saturación sin AW,864,863,26.65810615,
axes2,Saturación sin AW,865,864,26.65810616,
axes2,Saturación sin AW,866,865,26.65810617,
axes2,Saturación sin AW,867,866,26.65810618,
axes2,Saturación sin AW,868,867,26.65810618,
axes2,Saturación sin AW,869,868,26.65810619,
axes2,Saturación sin AW,870,869,26.6581062,
axes2,Saturación sin AW,871,870,26.65810621,
axes2,Saturación sin AW,872,871,26.65810621,
axes2,Saturación sin AW,873,872,26.65810622,
axes2,Saturación sin AW,874,873,26.65810623,
axes2,Saturación sin AW,875,874,26.65810624,
axes2,Saturación sin AW,876,875,26.65810624,
axes2,Saturación sin AW,877,876,26.65810625,
axes2,Saturación sin AW,878,877,26.65810626,
axes2,Saturación sin AW,879,878,26.65810627,
axes2,Saturación sin AW,880,879,26.65810627,
axes2,Saturación sin AW,881,880,26.65810628,
axes2,Saturación sin AW,882,881,26.65810629,
axes2,Saturación sin AW,883,882,26.6581063,
axes2,Saturación sin AW,884,883,26.6581063,
axes2,Saturación sin AW,885,884,26.65810631,
axes2,Saturación sin AW,886,885,26.65810632,
axes2,Saturación sin AW,887,886,26.65810632,
axes2,Saturación sin AW,888,887,26.65810633,
axes2,Saturación sin AW,889,888,26.65810634,
axes2,Saturación sin AW,890,889,26.65810634,
axes2,Saturación sin AW,891,890,26.65810635,
axes2,Saturación sin AW,892,891,26.65810636,
axes2,Saturación sin AW,893,892,26.65810636,
axes2,Saturación sin AW,894,893,26.65810637,
axes2,Saturación sin AW,895,894,26.65810638,
axes2,Saturación sin AW,896,895,26.65810638,
axes2,Saturación sin AW,897,896,26.65810639,
axes2,Saturación sin AW,898,897,26.6581064,
axes2,Saturación sin AW,899,898,26.6581064,
axes2,Saturación sin AW,900,899,26.65810641,
axes2,Saturación sin AW,901,900,26.65810642,
axes2,Saturación sin AW,902,901,26.65810642,
axes2,Saturación sin AW,903,902,26.65810643,
axes2,Saturación sin AW,904,903,26.65810644,
axes2,Saturación sin AW,905,904,26.65810644,
axes2,Saturación sin AW,906,905,26.65810645,
axes2,Saturación sin AW,907,906,26.65810646,
axes2,Saturación sin AW,908,907,26.65810646,
axes2,Saturación sin AW,909,908,26.65810647,
axes2,Saturación sin AW,910,909,26.65810647,
axes2,Saturación sin AW,911,910,26.65810648,
axes2,Saturación sin AW,912,911,26.65810649,
axes2,Saturación sin AW,913,912,26.65810649,
axes2,Saturación sin AW,914,913,26.6581065,
axes2,Saturación sin AW,915,914,26.6581065,
axes2,Saturación sin AW,916,915,26.65810651,
axes2,Saturación sin AW,917,916,26.65810652,
axes2,Saturación sin AW,918,917,26.65810652,
axes2,Saturación sin AW,919,918,26.65810653,
axes2,Saturación sin AW,920,919,26.65810653,
axes2,Saturación sin AW,921,920,26.65810654,
axes2,Saturación sin AW,922,921,26.65810655,
axes2,Saturación sin AW,923,922,26.65810655,
axes2,Saturación sin AW,924,923,26.65810656,
axes2,Saturación sin AW,925,924,26.65810656,
axes2,Saturación sin AW,926,925,26.65810657,
axes2,Saturación sin AW,927,926,26.65810657,
axes2,Saturación sin AW,928,927,26.65810658,
axes2,Saturación sin AW,929,928,26.65810659,
axes2,Saturación sin AW,930,929,26.65810659,
axes2,Saturación sin AW,931,930,26.6581066,
axes2,Saturación sin AW,932,931,26.6581066,
axes2,Saturación sin AW,933,932,26.65810661,
axes2,Saturación sin AW,934,933,26.65810661,
axes2,Saturación sin AW,935,934,26.65810662,
axes2,Saturación sin AW,936,935,26.65810662,
axes2,Saturación sin AW,937,936,26.65810663,
axes2,Saturación sin AW,938,937,26.65810663,
axes2,Saturación sin AW,939,938,26.65810664,
axes2,Saturación sin AW,940,939,26.65810665,
axes2,Saturación sin AW,941,940,26.65810665,
axes2,Saturación sin AW,942,941,26.65810666,
axes2,Saturación sin AW,943,942,26.65810666,
axes2,Saturación sin AW,944,943,26.65810667,
axes2,Saturación sin AW,945,944,26.65810667,
axes2,Saturación sin AW,946,945,26.65810668,
axes2,Saturación sin AW,947,946,26.65810668,
axes2,Saturación sin AW,948,947,26.65810669,
axes2,Saturación sin AW,949,948,26.65810669,
axes2,Saturación sin AW,950,949,26.6581067,
axes2,Saturación sin AW,951,950,26.6581067,
axes2,Saturación sin AW,952,951,26.65810671,
axes2,Saturación sin AW,953,952,26.65810671,
axes2,Saturación sin AW,954,953,26.65810672,
axes2,Saturación sin AW,955,954,26.65810672,
axes2,Saturación sin AW,956,955,26.65810673,
axes2,Saturación sin AW,957,956,26.65810673,
axes2,Saturación sin AW,958,957,26.65810674,
axes2,Saturación sin AW,959,958,26.65810674,
axes2,Saturación sin AW,960,959,26.65810674,
axes2,Saturación sin AW,961,960,26.65810675,
axes2,Saturación sin AW,962,961,26.65810675,
axes2,Saturación sin AW,963,962,26.65810676,
axes2,Saturación sin AW,964,963,26.65810676,
axes2,Saturación sin AW,965,964,26.65810677,
axes2,Saturación sin AW,966,965,26.65810677,
axes2,Saturación sin AW,967,966,26.65810678,
axes2,Saturación sin AW,968,967,26.65810678,
axes2,Saturación sin AW,969,968,26.65810679,
axes2,Saturación sin AW,970,969,26.65810679,
axes2,Saturación sin AW,971,970,26.6581068,
axes2,Saturación sin AW,972,971,26.6581068,
axes2,Saturación sin AW,973,972,26.6581068,
axes2,Saturación sin AW,974,973,26.65810681,
axes2,Saturación sin AW,975,974,26.65810681,
axes2,Saturación sin AW,976,975,26.65810682,
axes2,Saturación sin AW,977,976,26.65810682,
axes2,Saturación sin AW,978,977,26.65810683,
axes2,Saturación sin AW,979,978,26.65810683,
axes2,Saturación sin AW,980,979,26.65810683,
axes2,Saturación sin AW,981,980,26.65810684,
axes2,Saturación sin AW,982,981,26.65810684,
axes2,Saturación sin AW,983,982,26.65810685,
axes2,Saturación sin AW,984,983,26.65810685,
axes2,Saturación sin AW,985,984,26.65810686,
axes2,Saturación sin AW,986,985,26.65810686,
axes2,Saturación sin AW,987,986,26.65810686,
axes2,Saturación sin AW,988,987,26.65810687,
axes2,Saturación sin AW,989,988,26.65810687,
axes2,Saturación sin AW,990,989,26.65810688,
axes2,Saturación sin AW,991,990,26.65810688,
axes2,Saturación sin AW,992,991,26.65810688,
axes2,Saturación sin AW,993,992,26.65810689,
axes2,Saturación sin AW,994,993,26.65810689,
axes2,Saturación sin AW,995,994,26.6581069,
axes2,Saturación sin AW,996,995,26.6581069,
axes2,Saturación sin AW,997,996,26.6581069,
axes2,Saturación sin AW,998,997,26.65810691,
axes2,Saturación sin AW,999,998,26.65810691,
axes2,Saturación sin AW,1000,999,26.65810692,
axes2,Saturación sin AW,1001,1000,26.65810692,
axes2,Saturación sin AW,1002,1001,26.65810692,
axes2,Saturación sin AW,1003,1002,26.65810693,
axes2,Saturación sin AW,1004,1003,26.65810693,
axes2,Saturación sin AW,1005,1004,26.65810693,
axes2,Saturación sin AW,1006,1005,26.65810694,
axes2,Saturación sin AW,1007,1006,26.65810694,
axes2,Saturación sin AW,1008,1007,26.65810695,
axes2,Saturación sin AW,1009,1008,26.65810695,
axes2,Saturación sin AW,1010,1009,26.65810695,
axes2,Saturación sin AW,1011,1010,26.65810696,
axes2,Saturación sin AW,1012,1011,26.65810696,
axes2,Saturación sin AW,1013,1012,26.65810696,
axes2,Saturación sin AW,1014,1013,26.65810697,
axes2,Saturación sin AW,1015,1014,26.65810697,
axes2,Saturación sin AW,1016,1015,26.65810697,
axes2,Saturación sin AW,1017,1016,26.65810698,
axes2,Saturación sin AW,1018,1017,26.65810698,
axes2,Saturación sin AW,1019,1018,26.65810698,
axes2,Saturación sin AW,1020,1019,26.65810699,
axes2,Saturación sin AW,1021,1020,26.65810699,
axes2,Saturación sin AW,1022,1021,26.65810699,
axes2,Saturación sin AW,1023,1022,26.658107,
axes2,Saturación sin AW,1024,1023,26.658107,
axes2,Saturación sin AW,1025,1024,26.658107,
axes2,Saturación sin AW,1026,1025,26.65810701,
axes2,Saturación sin AW,1027,1026,26.65810701,
axes2,Saturación sin AW,1028,1027,26.65810701,
axes2,Saturación sin AW,1029,1028,26.65810702,
axes2,Saturación sin AW,1030,1029,26.65810702,
axes2,Saturación sin AW,1031,1030,26.65810702,
axes2,Saturación sin AW,1032,1031,26.65810703,
axes2,Saturación sin AW,1033,1032,26.65810703,
axes2,Saturación sin AW,1034,1033,26.65810703,
axes2,Saturación sin AW,1035,1034,26.65810704,
axes2,Saturación sin AW,1036,1035,26.65810704,
axes2,Saturación sin AW,1037,1036,26.65810704,
axes2,Saturación sin AW,1038,1037,26.65810705,
axes2,Saturación sin AW,1039,1038,26.65810705,
axes2,Saturación sin AW,1040,1039,26.65810705,
axes2,Saturación sin AW,1041,1040,26.65810706,
axes2,Saturación sin AW,1042,1041,26.65810706,
axes2,Saturación sin AW,1043,1042,26.65810706,
axes2,Saturación sin AW,1044,1043,26.65810707,
axes2,Saturación sin AW,1045,1044,26.65810707,
axes2,Saturación sin AW,1046,1045,26.65810707,
axes2,Saturación sin AW,1047,1046,26.65810707,
axes2,Saturación sin AW,1048,1047,26.65810708,
axes2,Saturación sin AW,1049,1048,26.65810708,
axes2,Saturación sin AW,1050,1049,26.65810708,
axes2,Saturación sin AW,1051,1050,26.65810709,
axes2,Saturación sin AW,1052,1051,26.65810709,
axes2,Saturación sin AW,1053,1052,26.65810709,
axes2,Saturación sin AW,1054,1053,26.65810709,
axes2,Saturación sin AW,1055,1054,26.6581071,
axes2,Saturación sin AW,1056,1055,26.6581071,
axes2,Saturación sin AW,1057,1056,26.6581071,
axes2,Saturación sin AW,1058,1057,26.65810711,
axes2,Saturación sin AW,1059,1058,26.65810711,
axes2,Saturación sin AW,1060,1059,26.65810711,
axes2,Saturación sin AW,1061,1060,26.65810711,
axes2,Saturación sin AW,1062,1061,26.65810712,
axes2,Saturación sin AW,1063,1062,26.65810712,
axes2,Saturación sin AW,1064,1063,26.65810712,
axes2,Saturación sin AW,1065,1064,26.65810713,
axes2,Saturación sin AW,1066,1065,26.65810713,
axes2,Saturación sin AW,1067,1066,26.65810713,
axes2,Saturación sin AW,1068,1067,26.65810713,
axes2,Saturación sin AW,1069,1068,26.65810714,
axes2,Saturación sin AW,1070,1069,26.65810714,
axes2,Saturación sin AW,1071,1070,26.65810714,
axes2,Saturación sin AW,1072,1071,26.65810714,
axes2,Saturación sin AW,1073,1072,26.65810715,
axes2,Saturación sin AW,1074,1073,26.65810715,
axes2,Saturación sin AW,1075,1074,26.65810715,
axes2,Saturación sin AW,1076,1075,26.65810715,
axes2,Saturación sin AW,1077,1076,26.65810716,
axes2,Saturación sin AW,1078,1077,26.65810716,
axes2,Saturación sin AW,1079,1078,26.65810716,
axes2,Saturación sin AW,1080,1079,26.65810716,
axes2,Saturación sin AW,1081,1080,26.65810717,
axes2,Saturación sin AW,1082,1081,26.65810717,
axes2,Saturación sin AW,1083,1082,26.65810717,
axes2,Saturación sin AW,1084,1083,26.65810717,
axes2,Saturación sin AW,1085,1084,26.65810718,
axes2,Saturación sin AW,1086,1085,26.65810718,
axes2,Saturación sin AW,1087,1086,26.65810718,
axes2,Saturación sin AW,1088,1087,26.65810718,
axes2,Saturación sin AW,1089,1088,26.65810719,
axes2,Saturación sin AW,1090,1089,26.65810719,
axes2,Saturación sin AW,1091,1090,26.65810719,
axes2,Saturación sin AW,1092,1091,26.65810719,
axes2,Saturación sin AW,1093,1092,26.6581072,
axes2,Saturación sin AW,1094,1093,26.6581072,
axes2,Saturación sin AW,1095,1094,26.6581072,
axes2,Saturación sin AW,1096,1095,26.6581072,
axes2,Saturación sin AW,1097,1096,26.65810721,
axes2,Saturación sin AW,1098,1097,26.65810721,
axes2,Saturación sin AW,1099,1098,26.65810721,
axes2,Saturación sin AW,1100,1099,26.65810721,
axes2,Saturación sin AW,1101,1100,26.65810721,
axes2,Saturación sin AW,1102,1101,26.65810722,
axes2,Saturación sin AW,1103,1102,26.65810722,
axes2,Saturación sin AW,1104,1103,26.65810722,
axes2,Saturación sin AW,1105,1104,26.65810722,
axes2,Saturación sin AW,1106,1105,26.65810723,
axes2,Saturación sin AW,1107,1106,26.65810723,
axes2,Saturación sin AW,1108,1107,26.65810723,
axes2,Saturación sin AW,1109,1108,26.65810723,
axes2,Saturación sin AW,1110,1109,26.65810723,
axes2,Saturación sin AW,1111,1110,26.65810724,
axes2,Saturación sin AW,1112,1111,26.65810724,
axes2,Saturación sin AW,1113,1112,26.65810724,
axes2,Saturación sin AW,1114,1113,26.65810724,
axes2,Saturación sin AW,1115,1114,26.65810724,
axes2,Saturación sin AW,1116,1115,26.65810725,
axes2,Saturación sin AW,1117,1116,26.65810725,
axes2,Saturación sin AW,1118,1117,26.65810725,
axes2,Saturación sin AW,1119,1118,26.65810725,
axes2,Saturación sin AW,1120,1119,26.65810726,
axes2,Saturación sin AW,1121,1120,26.65810726,
axes2,Saturación sin AW,1122,1121,26.65810726,
axes2,Saturación sin AW,1123,1122,26.65810726,
axes2,Saturación sin AW,1124,1123,26.65810726,
axes2,Saturación sin AW,1125,1124,26.65810727,
axes2,Saturación sin AW,1126,1125,26.65810727,
axes2,Saturación sin AW,1127,1126,26.65810727,
axes2,Saturación sin AW,1128,1127,26.65810727,
axes2,Saturación sin AW,1129,1128,26.65810727,
axes2,Saturación sin AW,1130,1129,26.65810727,
axes2,Saturación sin AW,1131,1130,26.65810728,
axes2,Saturación sin AW,1132,1131,26.65810728,
axes2,Saturación sin AW,1133,1132,26.65810728,
axes2,Saturación sin AW,1134,1133,26.65810728,
axes2,Saturación sin AW,1135,1134,26.65810728,
axes2,Saturación sin AW,1136,1135,26.65810729,
axes2,Saturación sin AW,1137,1136,26.65810729,
axes2,Saturación sin AW,1138,1137,26.65810729,
axes2,Saturación sin AW,1139,1138,26.65810729,
axes2,Saturación sin AW,1140,1139,26.65810729,
axes2,Saturación sin AW,1141,1140,26.6581073,
axes2,Saturación sin AW,1142,1141,26.6581073,
axes2,Saturación sin AW,1143,1142,26.6581073,
axes2,Saturación sin AW,1144,1143,26.6581073,
axes2,Saturación sin AW,1145,1144,26.6581073,
axes2,Saturación sin AW,1146,1145,26.6581073,
axes2,Saturación sin AW,1147,1146,26.65810731,
axes2,Saturación sin AW,1148,1147,26.65810731,
axes2,Saturación sin AW,1149,1148,26.65810731,
axes2,Saturación sin AW,1150,1149,26.65810731,
axes2,Saturación sin AW,1151,1150,26.65810731,
axes2,Saturación sin AW,1152,1151,26.65810731,
axes2,Saturación sin AW,1153,1152,26.65810732,
axes2,Saturación sin AW,1154,1153,26.65810732,
axes2,Saturación sin AW,1155,1154,26.65810732,
axes2,Saturación sin AW,1156,1155,26.65810732,
axes2,Saturación sin AW,1157,1156,26.65810732,
axes2,Saturación sin AW,1158,1157,26.65810732,
axes2,Saturación sin AW,1159,1158,26.65810733,
axes2,Saturación sin AW,1160,1159,26.65810733,
axes2,Saturación sin AW,1161,1160,26.65810733,
axes2,Saturación sin AW,1162,1161,26.65810733,
axes2,Saturación sin AW,1163,1162,26.65810733,
axes2,Saturación sin AW,1164,1163,26.65810733,
axes2,Saturación sin AW,1165,1164,26.65810734,
axes2,Saturación sin AW,1166,1165,26.65810734,
axes2,Saturación sin AW,1167,1166,26.65810734,
axes2,Saturación sin AW,1168,1167,26.65810734,
axes2,Saturación sin AW,1169,1168,26.65810734,
axes2,Saturación sin AW,1170,1169,26.65810734,
axes2,Saturación sin AW,1171,1170,26.65810735,
axes2,Saturación sin AW,1172,1171,26.65810735,
axes2,Saturación sin AW,1173,1172,26.65810735,
axes2,Saturación sin AW,1174,1173,26.65810735,
axes2,Saturación sin AW,1175,1174,26.65810735,
axes2,Saturación sin AW,1176,1175,26.65810735,
axes2,Saturación sin AW,1177,1176,26.65810735,
axes2,Saturación sin AW,1178,1177,26.65810736,
axes2,Saturación sin AW,1179,1178,26.65810736,
axes2,Saturación sin AW,1180,1179,26.65810736,
axes2,Saturación sin AW,1181,1180,26.65810736,
axes2,Saturación sin AW,1182,1181,26.65810736,
axes2,Saturación sin AW,1183,1182,26.65810736,
axes2,Saturación sin AW,1184,1183,26.65810736,
axes2,Saturación sin AW,1185,1184,26.65810737,
axes2,Saturación sin AW,1186,1185,26.65810737,
axes2,Saturación sin AW,1187,1186,26.65810737,
axes2,Saturación sin AW,1188,1187,26.65810737,
axes2,Saturación sin AW,1189,1188,26.65810737,
axes2,Saturación sin AW,1190,1189,26.65810737,
axes2,Saturación sin AW,1191,1190,26.65810737,
axes2,Saturación sin AW,1192,1191,26.65810738,
axes2,Saturación sin AW,1193,1192,26.65810738,
axes2,Saturación sin AW,1194,1193,26.65810738,
axes2,Saturación sin AW,1195,1194,26.65810738,
axes2,Saturación sin AW,1196,1195,26.65810738,
axes2,Saturación sin AW,1197,1196,26.65810738,
axes2,Saturación sin AW,1198,1197,26.65810738,
axes2,Saturación sin AW,1199,1198,26.65810739,
axes2,Saturación sin AW,1200,1199,26.65810739,
axes2,Saturación sin AW,1201,1200,26.65810739,
axes2,Saturación sin AW,1202,1201,26.65810739,
axes2,Saturación sin AW,1203,1202,26.65810739,
axes2,Saturación sin AW,1204,1203,26.65810739,
axes2,Saturación sin AW,1205,1204,26.65810739,
axes2,Saturación sin AW,1206,1205,26.65810739,
axes2,Saturación sin AW,1207,1206,26.6581074,
axes2,Saturación sin AW,1208,1207,26.6581074,
axes2,Saturación sin AW,1209,1208,26.6581074,
axes2,Saturación sin AW,1210,1209,26.6581074,
axes2,Saturación sin AW,1211,1210,26.6581074,
axes2,Saturación sin AW,1212,1211,26.6581074,
axes2,Saturación sin AW,1213,1212,26.6581074,
axes2,Saturación sin AW,1214,1213,26.6581074,
axes2,Saturación sin AW,1215,1214,26.65810741,
axes2,Saturación sin AW,1216,1215,26.65810741,
axes2,Saturación sin AW,1217,1216,26.65810741,
axes2,Saturación sin AW,1218,1217,26.65810741,
axes2,Saturación sin AW,1219,1218,26.65810741,
axes2,Saturación sin AW,1220,1219,26.65810741,
axes2,Saturación sin AW,1221,1220,26.65810741,
axes2,Saturación sin AW,1222,1221,26.65810741,
axes2,Saturación sin AW,1223,1222,26.65810742,
axes2,Saturación sin AW,1224,1223,26.65810742,
axes2,Saturación sin AW,1225,1224,26.65810742,
axes2,Saturación sin AW,1226,1225,26.65810742,
axes2,Saturación sin AW,1227,1226,26.65810742,
axes2,Saturación sin AW,1228,1227,26.65810742,
axes2,Saturación sin AW,1229,1228,26.65810742,
axes2,Saturación sin AW,1230,1229,26.65810742,
axes2,Saturación sin AW,1231,1230,26.65810742,
axes2,Saturación sin AW,1232,1231,26.65810743,
axes2,Saturación sin AW,1233,1232,26.65810743,
axes2,Saturación sin AW,1234,1233,26.65810743,
axes2,Saturación sin AW,1235,1234,26.65810743,
axes2,Saturación sin AW,1236,1235,26.65810743,
axes2,Saturación sin AW,1237,1236,26.65810743,
axes2,Saturación sin AW,1238,1237,26.65810743,
axes2,Saturación sin AW,1239,1238,26.65810743,
axes2,Saturación sin AW,1240,1239,26.65810743,
axes2,Saturación sin AW,1241,1240,26.65810744,
axes2,Saturación sin AW,1242,1241,26.65810744,
axes2,Saturación sin AW,1243,1242,26.65810744,
axes2,Saturación sin AW,1244,1243,26.65810744,
axes2,Saturación sin AW,1245,1244,26.65810744,
axes2,Saturación sin AW,1246,1245,26.65810744,
axes2,Saturación sin AW,1247,1246,26.65810744,
axes2,Saturación sin AW,1248,1247,26.65810744,
axes2,Saturación sin AW,1249,1248,26.65810744,
axes2,Saturación sin AW,1250,1249,26.65810745,
axes2,Saturación sin AW,1251,1250,26.65810745,
axes2,Saturación sin AW,1252,1251,26.65810745,
axes2,Saturación sin AW,1253,1252,26.65810745,
axes2,Saturación sin AW,1254,1253,26.65810745,
axes2,Saturación sin AW,1255,1254,26.65810745,
axes2,Saturación sin AW,1256,1255,26.65810745,
axes2,Saturación sin AW,1257,1256,26.65810745,
axes2,Saturación sin AW,1258,1257,26.65810745,
axes2,Saturación sin AW,1259,1258,26.65810745,
axes2,Saturación sin AW,1260,1259,26.65810746,
axes2,Saturación sin AW,1261,1260,26.65810746,
axes2,Saturación sin AW,1262,1261,26.65810746,
axes2,Saturación sin AW,1263,1262,26.65810746,
axes2,Saturación sin AW,1264,1263,26.65810746,
axes2,Saturación sin AW,1265,1264,26.65810746,
axes2,Saturación sin AW,1266,1265,26.65810746,
axes2,Saturación sin AW,1267,1266,26.65810746,
axes2,Saturación sin AW,1268,1267,26.65810746,
axes2,Saturación sin AW,1269,1268,26.65810746,
axes2,Saturación sin AW,1270,1269,26.65810746,
axes2,Saturación sin AW,1271,1270,26.65810747,
axes2,Saturación sin AW,1272,1271,26.65810747,
axes2,Saturación sin AW,1273,1272,26.65810747,
axes2,Saturación sin AW,1274,1273,26.65810747,
axes2,Saturación sin AW,1275,1274,26.65810747,
axes2,Saturación sin AW,1276,1275,26.65810747,
axes2,Saturación sin AW,1277,1276,26.65810747,
axes2,Saturación sin AW,1278,1277,26.65810747,
axes2,Saturación sin AW,1279,1278,26.65810747,
axes2,Saturación sin AW,1280,1279,26.65810747,
axes2,Saturación sin AW,1281,1280,26.65810747,
axes2,Saturación sin AW,1282,1281,26.65810748,
axes2,Saturación sin AW,1283,1282,26.65810748,
axes2,Saturación sin AW,1284,1283,26.65810748,
axes2,Saturación sin AW,1285,1284,26.65810748,
axes2,Saturación sin AW,1286,1285,26.65810748,
axes2,Saturación sin AW,1287,1286,26.65810748,
axes2,Saturación sin AW,1288,1287,26.65810748,
axes2,Saturación sin AW,1289,1288,26.65810748,
axes2,Saturación sin AW,1290,1289,26.65810748,
axes2,Saturación sin AW,1291,1290,26.65810748,
axes2,Saturación sin AW,1292,1291,26.65810748,
axes2,Saturación sin AW,1293,1292,26.65810748,
axes2,Saturación sin AW,1294,1293,26.65810749,
axes2,Saturación sin AW,1295,1294,26.65810749,
axes2,Saturación sin AW,1296,1295,26.65810749,
axes2,Saturación sin AW,1297,1296,26.65810749,
axes2,Saturación sin AW,1298,1297,26.65810749,
axes2,Saturación sin AW,1299,1298,26.65810749,
axes2,Saturación sin AW,1300,1299,26.65810749,
axes2,Saturación sin AW,1301,1300,26.65810749,
axes2,Saturación sin AW,1302,1301,26.65810749,
axes2,Saturación sin AW,1303,1302,26.65810749,
axes2,Saturación sin AW,1304,1303,26.65810749,
axes2,Saturación sin AW,1305,1304,26.65810749,
axes2,Saturación sin AW,1306,1305,26.65810749,
axes2,Saturación sin AW,1307,1306,26.6581075,
axes2,Saturación sin AW,1308,1307,26.6581075,
axes2,Saturación sin AW,1309,1308,26.6581075,
axes2,Saturación sin AW,1310,1309,26.6581075,
axes2,Saturación sin AW,1311,1310,26.6581075,
axes2,Saturación sin AW,1312,1311,26.6581075,
axes2,Saturación sin AW,1313,1312,26.6581075,
axes2,Saturación sin AW,1314,1313,26.6581075,
axes2,Saturación sin AW,1315,1314,26.6581075,
axes2,Saturación sin AW,1316,1315,26.6581075,
axes2,Saturación sin AW,1317,1316,26.6581075,
axes2,Saturación sin AW,1318,1317,26.6581075,
axes2,Saturación sin AW,1319,1318,26.6581075,
axes2,Saturación sin AW,1320,1319,26.6581075,
axes2,Saturación sin AW,1321,1320,26.65810751,
axes2,Saturación sin AW,1322,1321,26.65810751,
axes2,Saturación sin AW,1323,1322,26.65810751,
axes2,Saturación sin AW,1324,1323,26.65810751,
axes2,Saturación sin AW,1325,1324,26.65810751,
axes2,Saturación sin AW,1326,1325,26.65810751,
axes2,Saturación sin AW,1327,1326,26.65810751,
axes2,Saturación sin AW,1328,1327,26.65810751,
axes2,Saturación sin AW,1329,1328,26.65810751,
axes2,Saturación sin AW,1330,1329,26.65810751,
axes2,Saturación sin AW,1331,1330,26.65810751,
axes2,Saturación sin AW,1332,1331,26.65810751,
axes2,Saturación sin AW,1333,1332,26.65810751,
axes2,Saturación sin AW,1334,1333,26.65810751,
axes2,Saturación sin AW,1335,1334,26.65810751,
axes2,Saturación sin AW,1336,1335,26.65810752,
axes2,Saturación sin AW,1337,1336,26.65810752,
axes2,Saturación sin AW,1338,1337,26.65810752,
axes2,Saturación sin AW,1339,1338,26.65810752,
axes2,Saturación sin AW,1340,1339,26.65810752,
axes2,Saturación sin AW,1341,1340,26.65810752,
axes2,Saturación sin AW,1342,1341,26.65810752,
axes2,Saturación sin AW,1343,1342,26.65810752,
axes2,Saturación sin AW,1344,1343,26.65810752,
axes2,Saturación sin AW,1345,1344,26.65810752,
axes2,Saturación sin AW,1346,1345,26.65810752,
axes2,Saturación sin AW,1347,1346,26.65810752,
axes2,Saturación sin AW,1348,1347,26.65810752,
axes2,Saturación sin AW,1349,1348,26.65810752,
axes2,Saturación sin AW,1350,1349,26.65810752,
axes2,Saturación sin AW,1351,1350,26.65810752,
axes2,Saturación sin AW,1352,1351,26.65810753,
axes2,Saturación sin AW,1353,1352,26.65810753,
axes2,Saturación sin AW,1354,1353,26.65810753,
axes2,Saturación sin AW,1355,1354,26.65810753,
axes2,Saturación sin AW,1356,1355,26.65810753,
axes2,Saturación sin AW,1357,1356,26.65810753,
axes2,Saturación sin AW,1358,1357,26.65810753,
axes2,Saturación sin AW,1359,1358,26.65810753,
axes2,Saturación sin AW,1360,1359,26.65810753,
axes2,Saturación sin AW,1361,1360,26.65810753,
axes2,Saturación sin AW,1362,1361,26.65810753,
axes2,Saturación sin AW,1363,1362,26.65810753,
axes2,Saturación sin AW,1364,1363,26.65810753,
axes2,Saturación sin AW,1365,1364,26.65810753,
axes2,Saturación sin AW,1366,1365,26.65810753,
axes2,Saturación sin AW,1367,1366,26.65810753,
axes2,Saturación sin AW,1368,1367,26.65810753,
axes2,Saturación sin AW,1369,1368,26.65810753,
axes2,Saturación sin AW,1370,1369,26.65810754,
axes2,Saturación sin AW,1371,1370,26.65810754,
axes2,Saturación sin AW,1372,1371,26.65810754,
axes2,Saturación sin AW,1373,1372,26.65810754,
axes2,Saturación sin AW,1374,1373,26.65810754,
axes2,Saturación sin AW,1375,1374,26.65810754,
axes2,Saturación sin AW,1376,1375,26.65810754,
axes2,Saturación sin AW,1377,1376,26.65810754,
axes2,Saturación sin AW,1378,1377,26.65810754,
axes2,Saturación sin AW,1379,1378,26.65810754,
axes2,Saturación sin AW,1380,1379,26.65810754,
axes2,Saturación sin AW,1381,1380,26.65810754,
axes2,Saturación sin AW,1382,1381,26.65810754,
axes2,Saturación sin AW,1383,1382,26.65810754,
axes2,Saturación sin AW,1384,1383,26.65810754,
axes2,Saturación sin AW,1385,1384,26.65810754,
axes2,Saturación sin AW,1386,1385,26.65810754,
axes2,Saturación sin AW,1387,1386,26.65810754,
axes2,Saturación sin AW,1388,1387,26.65810754,
axes2,Saturación sin AW,1389,1388,26.65810755,
axes2,Saturación sin AW,1390,1389,26.65810755,
axes2,Saturación sin AW,1391,1390,26.65810755,
axes2,Saturación sin AW,1392,1391,26.65810755,
axes2,Saturación sin AW,1393,1392,26.65810755,
axes2,Saturación sin AW,1394,1393,26.65810755,
axes2,Saturación sin AW,1395,1394,26.65810755,
axes2,Saturación sin AW,1396,1395,26.65810755,
axes2,Saturación sin AW,1397,1396,26.65810755,
axes2,Saturación sin AW,1398,1397,26.65810755,
axes2,Saturación sin AW,1399,1398,26.65810755,
axes2,Saturación sin AW,1400,1399,26.65810755,
axes2,Saturación sin AW,1401,1400,26.65810755,
axes2,Saturación sin AW,1402,1401,26.65810755,
axes2,Saturación sin AW,1403,1402,26.65810755,
axes2,Saturación sin AW,1404,1403,26.65810755,
axes2,Saturación sin AW,1405,1404,26.65810755,
axes2,Saturación sin AW,1406,1405,26.65810755,
axes2,Saturación sin AW,1407,1406,26.65810755,
axes2,Saturación sin AW,1408,1407,26.65810755,
axes2,Saturación sin AW,1409,1408,26.65810755,
axes2,Saturación sin AW,1410,1409,26.65810755,
axes2,Saturación sin AW,1411,1410,26.65810756,
axes2,Saturación sin AW,1412,1411,26.65810756,
axes2,Saturación sin AW,1413,1412,26.65810756,
axes2,Saturación sin AW,1414,1413,26.65810756,
axes2,Saturación sin AW,1415,1414,26.65810756,
axes2,Saturación sin AW,1416,1415,26.65810756,
axes2,Saturación sin AW,1417,1416,26.65810756,
axes2,Saturación sin AW,1418,1417,26.65810756,
axes2,Saturación sin AW,1419,1418,26.65810756,
axes2,Saturación sin AW,1420,1419,26.65810756,
axes2,Saturación sin AW,1421,1420,26.65810756,
axes2,Saturación sin AW,1422,1421,26.65810756,
axes2,Saturación sin AW,1423,1422,26.65810756,
axes2,Saturación sin AW,1424,1423,26.65810756,
axes2,Saturación sin AW,1425,1424,26.65810756,
axes2,Saturación sin AW,1426,1425,26.65810756,
axes2,Saturación sin AW,1427,1426,26.65810756,
axes2,Saturación sin AW,1428,1427,26.65810756,
axes2,Saturación sin AW,1429,1428,26.65810756,
axes2,Saturación sin AW,1430,1429,26.65810756,
axes2,Saturación sin AW,1431,1430,26.65810756,
axes2,Saturación sin AW,1432,1431,26.65810756,
axes2,Saturación sin AW,1433,1432,26.65810756,
axes2,Saturación sin AW,1434,1433,26.65810756,
axes2,Saturación sin AW,1435,1434,26.65810757,
axes2,Saturación sin AW,1436,1435,26.65810757,
axes2,Saturación sin AW,1437,1436,26.65810757,
axes2,Saturación sin AW,1438,1437,26.65810757,
axes2,Saturación sin AW,1439,1438,26.65810757,
axes2,Saturación sin AW,1440,1439,26.65810757,
axes2,Saturación sin AW,1441,1440,26.65810757,
axes2,Saturación sin AW,1442,1441,26.65810757,
axes2,Saturación sin AW,1443,1442,26.65810757,
axes2,Saturación sin AW,1444,1443,26.65810757,
axes2,Saturación sin AW,1445,1444,26.65810757,
axes2,Saturación sin AW,1446,1445,26.65810757,
axes2,Saturación sin AW,1447,1446,26.65810757,
axes2,Saturación sin AW,1448,1447,26.65810757,
axes2,Saturación sin AW,1449,1448,26.65810757,
axes2,Saturación sin AW,1450,1449,26.65810757,
axes2,Saturación sin AW,1451,1450,26.65810757,
axes2,Saturación sin AW,1452,1451,26.65810757,
axes2,Saturación sin AW,1453,1452,26.65810757,
axes2,Saturación sin AW,1454,1453,26.65810757,
axes2,Saturación sin AW,1455,1454,26.65810757,
axes2,Saturación sin AW,1456,1455,26.65810757,
axes2,Saturación sin AW,1457,1456,26.65810757,
axes2,Saturación sin AW,1458,1457,26.65810757,
axes2,Saturación sin AW,1459,1458,26.65810757,
axes2,Saturación sin AW,1460,1459,26.65810757,
axes2,Saturación sin AW,1461,1460,26.65810757,
axes2,Saturación sin AW,1462,1461,26.65810757,
axes2,Saturación sin AW,1463,1462,26.65810757,
axes2,Saturación sin AW,1464,1463,26.65810758,
axes2,Saturación sin AW,1465,1464,26.65810758,
axes2,Saturación sin AW,1466,1465,26.65810758,
axes2,Saturación sin AW,1467,1466,26.65810758,
axes2,Saturación sin AW,1468,1467,26.65810758,
axes2,Saturación sin AW,1469,1468,26.65810758,
axes2,Saturación sin AW,1470,1469,26.65810758,
axes2,Saturación sin AW,1471,1470,26.65810758,
axes2,Saturación sin AW,1472,1471,26.65810758,
axes2,Saturación sin AW,1473,1472,26.65810758,
axes2,Saturación sin AW,1474,1473,26.65810758,
axes2,Saturación sin AW,1475,1474,26.65810758,
axes2,Saturación sin AW,1476,1475,26.65810758,
axes2,Saturación sin AW,1477,1476,26.65810758,
axes2,Saturación sin AW,1478,1477,26.65810758,
axes2,Saturación sin AW,1479,1478,26.65810758,
axes2,Saturación sin AW,1480,1479,26.65810758,
axes2,Saturación sin AW,1481,1480,26.65810758,
axes2,Saturación sin AW,1482,1481,26.65810758,
axes2,Saturación sin AW,1483,1482,26.65810758,
axes2,Saturación sin AW,1484,1483,26.65810758,
axes2,Saturación sin AW,1485,1484,26.65810758,
axes2,Saturación sin AW,1486,1485,26.65810758,
axes2,Saturación sin AW,1487,1486,26.65810758,
axes2,Saturación sin AW,1488,1487,26.65810758,
axes2,Saturación sin AW,1489,1488,26.65810758,
axes2,Saturación sin AW,1490,1489,26.65810758,
axes2,Saturación sin AW,1491,1490,26.65810758,
axes2,Saturación sin AW,1492,1491,26.65810758,
axes2,Saturación sin AW,1493,1492,26.65810758,
axes2,Saturación sin AW,1494,1493,26.65810758,
axes2,Saturación sin AW,1495,1494,26.65810758,
axes2,Saturación sin AW,1496,1495,26.65810758,
axes2,Saturación sin AW,1497,1496,26.65810759,
axes2,Saturación sin AW,1498,1497,26.65810759,
axes2,Saturación sin AW,1499,1498,26.65810759,
axes2,Saturación sin AW,1500,1499,26.65810759,
axes2,Saturación sin AW,1501,1500,26.65810759,
axes2,Saturación sin AW,1502,1501,26.65810759,
axes2,Saturación sin AW,1503,1502,26.65810759,
axes2,Saturación sin AW,1504,1503,26.65810759,
axes2,Saturación sin AW,1505,1504,26.65810759,
axes2,Saturación sin AW,1506,1505,26.65810759,
axes2,Saturación sin AW,1507,1506,26.65810759,
axes2,Saturación sin AW,1508,1507,26.65810759,
axes2,Saturación sin AW,1509,1508,26.65810759,
axes2,Saturación sin AW,1510,1509,26.65810759,
axes2,Saturación sin AW,1511,1510,26.65810759,
axes2,Saturación sin AW,1512,1511,26.65810759,
axes2,Saturación sin AW,1513,1512,26.65810759,
axes2,Saturación sin AW,1514,1513,26.65810759,
axes2,Saturación sin AW,1515,1514,26.65810759,
axes2,Saturación sin AW,1516,1515,26.65810759,
axes2,Saturación sin AW,1517,1516,26.65810759,
axes2,Saturación sin AW,1518,1517,26.65810759,
axes2,Saturación sin AW,1519,1518,26.65810759,
axes2,Saturación sin AW,1520,1519,26.65810759,
axes2,Saturación sin AW,1521,1520,26.65810759,
axes2,Saturación sin AW,1522,1521,26.65810759,
axes2,Saturación sin AW,1523,1522,26.65810759,
axes2,Saturación sin AW,1524,1523,26.65810759,
axes2,Saturación sin AW,1525,1524,26.65810759,
axes2,Saturación sin AW,1526,1525,26.65810759,
axes2,Saturación sin AW,1527,1526,26.65810759,
axes2,Saturación sin AW,1528,1527,26.65810759,
axes2,Saturación sin AW,1529,1528,26.65810759,
axes2,Saturación sin AW,1530,1529,26.65810759,
axes2,Saturación sin AW,1531,1530,26.65810759,
axes2,Saturación sin AW,1532,1531,26.65810759,
axes2,Saturación sin AW,1533,1532,26.65810759,
axes2,Saturación sin AW,1534,1533,26.65810759,
axes2,Saturación sin AW,1535,1534,26.65810759,
axes2,Saturación sin AW,1536,1535,26.65810759,
axes2,Saturación sin AW,1537,1536,26.6581076,
axes2,Saturación sin AW,1538,1537,26.6581076,
axes2,Saturación sin AW,1539,1538,26.6581076,
axes2,Saturación sin AW,1540,1539,26.6581076,
axes2,Saturación sin AW,1541,1540,26.6581076,
axes2,Saturación sin AW,1542,1541,26.6581076,
axes2,Saturación sin AW,1543,1542,26.6581076,
axes2,Saturación sin AW,1544,1543,26.6581076,
axes2,Saturación sin AW,1545,1544,26.6581076,
axes2,Saturación sin AW,1546,1545,26.6581076,
axes2,Saturación sin AW,1547,1546,26.6581076,
axes2,Saturación sin AW,1548,1547,26.6581076,
axes2,Saturación sin AW,1549,1548,26.6581076,
axes2,Saturación sin AW,1550,1549,26.6581076,
axes2,Saturación sin AW,1551,1550,26.6581076,
axes2,Saturación sin AW,1552,1551,26.6581076,
axes2,Saturación sin AW,1553,1552,26.6581076,
axes2,Saturación sin AW,1554,1553,26.6581076,
axes2,Saturación sin AW,1555,1554,26.6581076,
axes2,Saturación sin AW,1556,1555,26.6581076,
axes2,Saturación sin AW,1557,1556,26.6581076,
axes2,Saturación sin AW,1558,1557,26.6581076,
axes2,Saturación sin AW,1559,1558,26.6581076,
axes2,Saturación sin AW,1560,1559,26.6581076,
axes2,Saturación sin AW,1561,1560,26.6581076,
axes2,Saturación sin AW,1562,1561,26.6581076,
axes2,Saturación sin AW,1563,1562,26.6581076,
axes2,Saturación sin AW,1564,1563,26.6581076,
axes2,Saturación sin AW,1565,1564,26.6581076,
axes2,Saturación sin AW,1566,1565,26.6581076,
axes2,Saturación sin AW,1567,1566,26.6581076,
axes2,Saturación sin AW,1568,1567,26.6581076,
axes2,Saturación sin AW,1569,1568,26.6581076,
axes2,Saturación sin AW,1570,1569,26.6581076,
axes2,Saturación sin AW,1571,1570,26.6581076,
axes2,Saturación sin AW,1572,1571,26.6581076,
axes2,Saturación sin AW,1573,1572,26.6581076,
axes2,Saturación sin AW,1574,1573,26.6581076,
axes2,Saturación sin AW,1575,1574,26.6581076,
axes2,Saturación sin AW,1576,1575,26.6581076,
axes2,Saturación sin AW,1577,1576,26.6581076,
axes2,Saturación sin AW,1578,1577,26.6581076,
axes2,Saturación sin AW,1579,1578,26.6581076,
axes2,Saturación sin AW,1580,1579,26.6581076,
axes2,Saturación sin AW,1581,1580,26.6581076,
axes2,Saturación sin AW,1582,1581,26.6581076,
axes2,Saturación sin AW,1583,1582,26.6581076,
axes2,Saturación sin AW,1584,1583,26.6581076,
axes2,Saturación sin AW,1585,1584,26.6581076,
axes2,Saturación sin AW,1586,1585,26.6581076,
axes2,Saturación sin AW,1587,1586,26.6581076,
axes2,Saturación sin AW,1588,1587,26.6581076,
axes2,Saturación sin AW,1589,1588,26.65810761,
axes2,Saturación sin AW,1590,1589,26.65810761,
axes2,Saturación sin AW,1591,1590,26.65810761,
axes2,Saturación sin AW,1592,1591,26.65810761,
axes2,Saturación sin AW,1593,1592,26.65810761,
axes2,Saturación sin AW,1594,1593,26.65810761,
axes2,Saturación sin AW,1595,1594,26.65810761,
axes2,Saturación sin AW,1596,1595,26.65810761,
axes2,Saturación sin AW,1597,1596,26.65810761,
axes2,Saturación sin AW,1598,1597,26.65810761,
axes2,Saturación sin AW,1599,1598,26.65810761,
axes2,Saturación sin AW,1600,1599,26.65810761,
axes2,Saturación sin AW,1601,1600,26.65810761,
axes2,Saturación sin AW,1602,1601,26.65810761,
axes2,Saturación sin AW,1603,1602,26.65810761,
axes2,Saturación sin AW,1604,1603,26.65810761,
axes2,Saturación sin AW,1605,1604,26.65810761,
axes2,Saturación sin AW,1606,1605,26.65810761,
axes2,Saturación sin AW,1607,1606,26.65810761,
axes2,Saturación sin AW,1608,1607,26.65810761,
axes2,Saturación sin AW,1609,1608,26.65810761,
axes2,Saturación sin AW,1610,1609,26.65810761,
axes2,Saturación sin AW,1611,1610,26.65810761,
axes2,Saturación sin AW,1612,1611,26.65810761,
axes2,Saturación sin AW,1613,1612,26.65810761,
axes2,Saturación sin AW,1614,1613,26.65810761,
axes2,Saturación sin AW,1615,1614,26.65810761,
axes2,Saturación sin AW,1616,1615,26.65810761,
axes2,Saturación sin AW,1617,1616,26.65810761,
axes2,Saturación sin AW,1618,1617,26.65810761,
axes2,Saturación sin AW,1619,1618,26.65810761,
axes2,Saturación sin AW,1620,1619,26.65810761,
axes2,Saturación sin AW,1621,1620,26.65810761,
axes2,Saturación sin AW,1622,1621,26.65810761,
axes2,Saturación sin AW,1623,1622,26.65810761,
axes2,Saturación sin AW,1624,1623,26.65810761,
axes2,Saturación sin AW,1625,1624,26.65810761,
axes2,Saturación sin AW,1626,1625,26.65810761,
axes2,Saturación sin AW,1627,1626,26.65810761,
axes2,Saturación sin AW,1628,1627,26.65810761,
axes2,Saturación sin AW,1629,1628,26.65810761,
axes2,Saturación sin AW,1630,1629,26.65810761,
axes2,Saturación sin AW,1631,1630,26.65810761,
axes2,Saturación sin AW,1632,1631,26.65810761,
axes2,Saturación sin AW,1633,1632,26.65810761,
axes2,Saturación sin AW,1634,1633,26.65810761,
axes2,Saturación sin AW,1635,1634,26.65810761,
axes2,Saturación sin AW,1636,1635,26.65810761,
axes2,Saturación sin AW,1637,1636,26.65810761,
axes2,Saturación sin AW,1638,1637,26.65810761,
axes2,Saturación sin AW,1639,1638,26.65810761,
axes2,Saturación sin AW,1640,1639,26.65810761,
axes2,Saturación sin AW,1641,1640,26.65810761,
axes2,Saturación sin AW,1642,1641,26.65810761,
axes2,Saturación sin AW,1643,1642,26.65810761,
axes2,Saturación sin AW,1644,1643,26.65810761,
axes2,Saturación sin AW,1645,1644,26.65810761,
axes2,Saturación sin AW,1646,1645,26.65810761,
axes2,Saturación sin AW,1647,1646,26.65810761,
axes2,Saturación sin AW,1648,1647,26.65810761,
axes2,Saturación sin AW,1649,1648,26.65810761,
axes2,Saturación sin AW,1650,1649,26.65810761,
axes2,Saturación sin AW,1651,1650,26.65810761,
axes2,Saturación sin AW,1652,1651,26.65810761,
axes2,Saturación sin AW,1653,1652,26.65810761,
axes2,Saturación sin AW,1654,1653,26.65810761,
axes2,Saturación sin AW,1655,1654,26.65810761,
axes2,Saturación sin AW,1656,1655,26.65810761,
axes2,Saturación sin AW,1657,1656,26.65810761,
axes2,Saturación sin AW,1658,1657,26.65810761,
axes2,Saturación sin AW,1659,1658,26.65810761,
axes2,Saturación sin AW,1660,1659,26.65810762,
axes2,Saturación sin AW,1661,1660,26.65810762,
axes2,Saturación sin AW,1662,1661,26.65810762,
axes2,Saturación sin AW,1663,1662,26.65810762,
axes2,Saturación sin AW,1664,1663,26.65810762,
axes2,Saturación sin AW,1665,1664,26.65810762,
axes2,Saturación sin AW,1666,1665,26.65810762,
axes2,Saturación sin AW,1667,1666,26.65810762,
axes2,Saturación sin AW,1668,1667,26.65810762,
axes2,Saturación sin AW,1669,1668,26.65810762,
axes2,Saturación sin AW,1670,1669,26.65810762,
axes2,Saturación sin AW,1671,1670,26.65810762,
axes2,Saturación sin AW,1672,1671,26.65810762,
axes2,Saturación sin AW,1673,1672,26.65810762,
axes2,Saturación sin AW,1674,1673,26.65810762,
axes2,Saturación sin AW,1675,1674,26.65810762,
axes2,Saturación sin AW,1676,1675,26.65810762,
axes2,Saturación sin AW,1677,1676,26.65810762,
axes2,Saturación sin AW,1678,1677,26.65810762,
axes2,Saturación sin AW,1679,1678,26.65810762,
axes2,Saturación sin AW,1680,1679,26.65810762,
axes2,Saturación sin AW,1681,1680,26.65810762,
axes2,Saturación sin AW,1682,1681,26.65810762,
axes2,Saturación sin AW,1683,1682,26.65810762,
axes2,Saturación sin AW,1684,1683,26.65810762,
axes2,Saturación sin AW,1685,1684,26.65810762,
axes2,Saturación sin AW,1686,1685,26.65810762,
axes2,Saturación sin AW,1687,1686,26.65810762,
axes2,Saturación sin AW,1688,1687,26.65810762,
axes2,Saturación sin AW,1689,1688,26.65810762,
axes2,Saturación sin AW,1690,1689,26.65810762,
axes2,Saturación sin AW,1691,1690,26.65810762,
axes2,Saturación sin AW,1692,1691,26.65810762,
axes2,Saturación sin AW,1693,1692,26.65810762,
axes2,Saturación sin AW,1694,1693,26.65810762,
axes2,Saturación sin AW,1695,1694,26.65810762,
axes2,Saturación sin AW,1696,1695,26.65810762,
axes2,Saturación sin AW,1697,1696,26.65810762,
axes2,Saturación sin AW,1698,1697,26.65810762,
axes2,Saturación sin AW,1699,1698,26.65810762,
axes2,Saturación sin AW,1700,1699,26.65810762,
axes2,Saturación sin AW,1701,1700,26.65810762,
axes2,Saturación sin AW,1702,1701,26.65810762,
axes2,Saturación sin AW,1703,1702,26.65810762,
axes2,Saturación sin AW,1704,1703,26.65810762,
axes2,Saturación sin AW,1705,1704,26.65810762,
axes2,Saturación sin AW,1706,1705,26.65810762,
axes2,Saturación sin AW,1707,1706,26.65810762,
axes2,Saturación sin AW,1708,1707,26.65810762,
axes2,Saturación sin AW,1709,1708,26.65810762,
axes2,Saturación sin AW,1710,1709,26.65810762,
axes2,Saturación sin AW,1711,1710,26.65810762,
axes2,Saturación sin AW,1712,1711,26.65810762,
axes2,Saturación sin AW,1713,1712,26.65810762,
axes2,Saturación sin AW,1714,1713,26.65810762,
axes2,Saturación sin AW,1715,1714,26.65810762,
axes2,Saturación sin AW,1716,1715,26.65810762,
axes2,Saturación sin AW,1717,1716,26.65810762,
axes2,Saturación sin AW,1718,1717,26.65810762,
axes2,Saturación sin AW,1719,1718,26.65810762,
axes2,Saturación sin AW,1720,1719,26.65810762,
axes2,Saturación sin AW,1721,1720,26.65810762,
axes2,Saturación sin AW,1722,1721,26.65810762,
axes2,Saturación sin AW,1723,1722,26.65810762,
axes2,Saturación sin AW,1724,1723,26.65810762,
axes2,Saturación sin AW,1725,1724,26.65810762,
axes2,Saturación sin AW,1726,1725,26.65810762,
axes2,Saturación sin AW,1727,1726,26.65810762,
axes2,Saturación sin AW,1728,1727,26.65810762,
axes2,Saturación sin AW,1729,1728,26.65810762,
axes2,Saturación sin AW,1730,1729,26.65810762,
axes2,Saturación sin AW,1731,1730,26.65810762,
axes2,Saturación sin AW,1732,1731,26.65810762,
axes2,Saturación sin AW,1733,1732,26.65810762,
axes2,Saturación sin AW,1734,1733,26.65810762,
axes2,Saturación sin AW,1735,1734,26.65810762,
axes2,Saturación sin AW,1736,1735,26.65810762,
axes2,Saturación sin AW,1737,1736,26.65810762,
axes2,Saturación sin AW,1738,1737,26.65810762,
axes2,Saturación sin AW,1739,1738,26.65810762,
axes2,Saturación sin AW,1740,1739,26.65810762,
axes2,Saturación sin AW,1741,1740,26.65810762,
axes2,Saturación sin AW,1742,1741,26.65810762,
axes2,Saturación sin AW,1743,1742,26.65810762,
axes2,Saturación sin AW,1744,1743,26.65810762,
axes2,Saturación sin AW,1745,1744,26.65810762,
axes2,Saturación sin AW,1746,1745,26.65810762,
axes2,Saturación sin AW,1747,1746,26.65810762,
axes2,Saturación sin AW,1748,1747,26.65810762,
axes2,Saturación sin AW,1749,1748,26.65810762,
axes2,Saturación sin AW,1750,1749,26.65810762,
axes2,Saturación sin AW,1751,1750,26.65810762,
axes2,Saturación sin AW,1752,1751,26.65810762,
axes2,Saturación sin AW,1753,1752,26.65810762,
axes2,Saturación sin AW,1754,1753,26.65810762,
axes2,Saturación sin AW,1755,1754,26.65810762,
axes2,Saturación sin AW,1756,1755,26.65810762,
axes2,Saturación sin AW,1757,1756,26.65810762,
axes2,Saturación sin AW,1758,1757,26.65810762,
axes2,Saturación sin AW,1759,1758,26.65810762,
axes2,Saturación sin AW,1760,1759,26.65810762,
axes2,Saturación sin AW,1761,1760,26.65810762,
axes2,Saturación sin AW,1762,1761,26.65810762,
axes2,Saturación sin AW,1763,1762,26.65810762,
axes2,Saturación sin AW,1764,1763,26.65810762,
axes2,Saturación sin AW,1765,1764,26.65810762,
axes2,Saturación sin AW,1766,1765,26.65810762,
axes2,Saturación sin AW,1767,1766,26.65810762,
axes2,Saturación sin AW,1768,1767,26.65810762,
axes2,Saturación sin AW,1769,1768,26.65810762,
axes2,Saturación sin AW,1770,1769,26.65810762,
axes2,Saturación sin AW,1771,1770,26.65810762,
axes2,Saturación sin AW,1772,1771,26.65810762,
axes2,Saturación sin AW,1773,1772,26.65810762,
axes2,Saturación sin AW,1774,1773,26.65810763,
axes2,Saturación sin AW,1775,1774,26.65810763,
axes2,Saturación sin AW,1776,1775,26.65810763,
axes2,Saturación sin AW,1777,1776,26.65810763,
axes2,Saturación sin AW,1778,1777,26.65810763,
axes2,Saturación sin AW,1779,1778,26.65810763,
axes2,Saturación sin AW,1780,1779,26.65810763,
axes2,Saturación sin AW,1781,1780,26.65810763,
axes2,Saturación sin AW,1782,1781,26.65810763,
axes2,Saturación sin AW,1783,1782,26.65810763,
axes2,Saturación sin AW,1784,1783,26.65810763,
axes2,Saturación sin AW,1785,1784,26.65810763,
axes2,Saturación sin AW,1786,1785,26.65810763,
axes2,Saturación sin AW,1787,1786,26.65810763,
axes2,Saturación sin AW,1788,1787,26.65810763,
axes2,Saturación sin AW,1789,1788,26.65810763,
axes2,Saturación sin AW,1790,1789,26.65810763,
axes2,Saturación sin AW,1791,1790,26.65810763,
axes2,Saturación sin AW,1792,1791,26.65810763,
axes2,Saturación sin AW,1793,1792,26.65810763,
axes2,Saturación sin AW,1794,1793,26.65810763,
axes2,Saturación sin AW,1795,1794,26.65810763,
axes2,Saturación sin AW,1796,1795,26.65810763,
axes2,Saturación sin AW,1797,1796,26.65810763,
axes2,Saturación sin AW,1798,1797,26.65810763,
axes2,Saturación sin AW,1799,1798,26.65810763,
axes2,Saturación sin AW,1800,1799,26.65810763,
axes2,Saturación sin AW,1801,1800,26.65810763,
axes2,PI ideal,1,0,80.09830427,
axes2,PI ideal,2,1,80.52144883,
axes2,PI ideal,3,2,80.9445934,
axes2,PI ideal,4,3,81.36773797,
axes2,PI ideal,5,4,81.79088253,
axes2,PI ideal,6,5,82.2140271,
axes2,PI ideal,7,6,82.63717166,
axes2,PI ideal,8,7,83.06031623,
axes2,PI ideal,9,8,83.48346079,
axes2,PI ideal,10,9,83.90660536,
axes2,PI ideal,11,10,84.32974993,
axes2,PI ideal,12,11,84.75289449,
axes2,PI ideal,13,12,85.17603906,
axes2,PI ideal,14,13,85.59918362,
axes2,PI ideal,15,14,86.02232819,
axes2,PI ideal,16,15,86.44547275,
axes2,PI ideal,17,16,86.86861732,
axes2,PI ideal,18,17,87.29176188,
axes2,PI ideal,19,18,87.71490645,
axes2,PI ideal,20,19,88.13805102,
axes2,PI ideal,21,20,88.56119558,
axes2,PI ideal,22,21,88.98434015,
axes2,PI ideal,23,22,88.13943544,
axes2,PI ideal,24,23,87.2878142,
axes2,PI ideal,25,24,86.42947643,
axes2,PI ideal,26,25,85.56442212,
axes2,PI ideal,27,26,84.69265128,
axes2,PI ideal,28,27,83.81416391,
axes2,PI ideal,29,28,82.92896,
axes2,PI ideal,30,29,82.03703955,
axes2,PI ideal,31,30,81.13840257,
axes2,PI ideal,32,31,80.23304905,
axes2,PI ideal,33,32,79.320979,
axes2,PI ideal,34,33,78.40219241,
axes2,PI ideal,35,34,77.47668928,
axes2,PI ideal,36,35,76.54446962,
axes2,PI ideal,37,36,75.60553342,
axes2,PI ideal,38,37,74.65988068,
axes2,PI ideal,39,38,73.70751141,
axes2,PI ideal,40,39,72.7484256,
axes2,PI ideal,41,40,71.78262325,
axes2,PI ideal,42,41,70.81010437,
axes2,PI ideal,43,42,69.83086894,
axes2,PI ideal,44,43,68.84491698,
axes2,PI ideal,45,44,67.87232317,
axes2,PI ideal,46,45,66.91319413,
axes2,PI ideal,47,46,65.96763646,
axes2,PI ideal,48,47,65.03575678,
axes2,PI ideal,49,48,64.11766169,
axes2,PI ideal,50,49,63.21345781,
axes2,PI ideal,51,50,62.32325175,
axes2,PI ideal,52,51,61.44715011,
axes2,PI ideal,53,52,60.5852595,
axes2,PI ideal,54,53,59.73768654,
axes2,PI ideal,55,54,58.90453784,
axes2,PI ideal,56,55,58.08592,
axes2,PI ideal,57,56,57.28193964,
axes2,PI ideal,58,57,56.49270336,
axes2,PI ideal,59,58,55.71831778,
axes2,PI ideal,60,59,54.95888951,
axes2,PI ideal,61,60,54.21452515,
axes2,PI ideal,62,61,53.48533131,
axes2,PI ideal,63,62,52.77141462,
axes2,PI ideal,64,63,52.07288167,
axes2,PI ideal,65,64,51.38983907,
axes2,PI ideal,66,65,50.72239345,
axes2,PI ideal,67,66,50.07033359,
axes2,PI ideal,68,67,49.43344662,
axes2,PI ideal,69,68,48.81151796,
axes2,PI ideal,70,69,48.20433132,
axes2,PI ideal,71,70,47.61166875,
axes2,PI ideal,72,71,47.0333106,
axes2,PI ideal,73,72,46.4690355,
axes2,PI ideal,74,73,45.91862043,
axes2,PI ideal,75,74,45.38184064,
axes2,PI ideal,76,75,44.85846972,
axes2,PI ideal,77,76,44.34827955,
axes2,PI ideal,78,77,43.85104031,
axes2,PI ideal,79,78,43.36652051,
axes2,PI ideal,80,79,42.89448695,
axes2,PI ideal,81,80,42.43470474,
axes2,PI ideal,82,81,41.98693731,
axes2,PI ideal,83,82,41.55094638,
axes2,PI ideal,84,83,41.126492,
axes2,PI ideal,85,84,40.71333251,
axes2,PI ideal,86,85,40.31122456,
axes2,PI ideal,87,86,39.91992311,
axes2,PI ideal,88,87,39.53918144,
axes2,PI ideal,89,88,39.16875614,
axes2,PI ideal,90,89,38.8084072,
axes2,PI ideal,91,90,38.45789797,
axes2,PI ideal,92,91,38.11699525,
axes2,PI ideal,93,92,37.78546927,
axes2,PI ideal,94,93,37.46309373,
axes2,PI ideal,95,94,37.14964583,
axes2,PI ideal,96,95,36.84490632,
axes2,PI ideal,97,96,36.54865948,
axes2,PI ideal,98,97,36.26069318,
axes2,PI ideal,99,98,35.98079889,
axes2,PI ideal,100,99,35.70877172,
axes2,PI ideal,101,100,35.44441044,
axes2,PI ideal,102,101,35.18751752,
axes2,PI ideal,103,102,34.93789913,
axes2,PI ideal,104,103,34.69536517,
axes2,PI ideal,105,104,34.45972935,
axes2,PI ideal,106,105,34.23080914,
axes2,PI ideal,107,106,34.00842584,
axes2,PI ideal,108,107,33.79240461,
axes2,PI ideal,109,108,33.58257447,
axes2,PI ideal,110,109,33.37876836,
axes2,PI ideal,111,110,33.18082306,
axes2,PI ideal,112,111,32.98857916,
axes2,PI ideal,113,112,32.80188096,
axes2,PI ideal,114,113,32.62057648,
axes2,PI ideal,115,114,32.44451738,
axes2,PI ideal,116,115,32.27355888,
axes2,PI ideal,117,116,32.10755973,
axes2,PI ideal,118,117,31.94638215,
axes2,PI ideal,119,118,31.78989178,
axes2,PI ideal,120,119,31.6379576,
axes2,PI ideal,121,120,31.4904519,
axes2,PI ideal,122,121,31.34725021,
axes2,PI ideal,123,122,31.20823124,
axes2,PI ideal,124,123,31.07327684,
axes2,PI ideal,125,124,30.94227191,
axes2,PI ideal,126,125,30.81510436,
axes2,PI ideal,127,126,30.69166504,
axes2,PI ideal,128,127,30.57184771,
axes2,PI ideal,129,128,30.45554895,
axes2,PI ideal,130,129,30.34266808,
axes2,PI ideal,131,130,30.23310717,
axes2,PI ideal,132,131,30.12677089,
axes2,PI ideal,133,132,30.02356652,
axes2,PI ideal,134,133,29.92340385,
axes2,PI ideal,135,134,29.82619514,
axes2,PI ideal,136,135,29.73185505,
axes2,PI ideal,137,136,29.64030058,
axes2,PI ideal,138,137,29.55145105,
axes2,PI ideal,139,138,29.46522797,
axes2,PI ideal,140,139,29.38155506,
axes2,PI ideal,141,140,29.30035817,
axes2,PI ideal,142,141,29.22156521,
axes2,PI ideal,143,142,29.1451061,
axes2,PI ideal,144,143,29.07091275,
axes2,PI ideal,145,144,28.99891898,
axes2,PI ideal,146,145,28.92906048,
axes2,PI ideal,147,146,28.86127476,
axes2,PI ideal,148,147,28.79550112,
axes2,PI ideal,149,148,28.73168055,
axes2,PI ideal,150,149,28.66975575,
axes2,PI ideal,151,150,28.60967105,
axes2,PI ideal,152,151,28.55137238,
axes2,PI ideal,153,152,28.4948072,
axes2,PI ideal,154,153,28.4399245,
axes2,PI ideal,155,154,28.38667471,
axes2,PI ideal,156,155,28.33500972,
axes2,PI ideal,157,156,28.28488279,
axes2,PI ideal,158,157,28.23624853,
axes2,PI ideal,159,158,28.18906286,
axes2,PI ideal,160,159,28.14328299,
axes2,PI ideal,161,160,28.09886736,
axes2,PI ideal,162,161,28.05577562,
axes2,PI ideal,163,162,28.0139686,
axes2,PI ideal,164,163,27.97340826,
axes2,PI ideal,165,164,27.93405768,
axes2,PI ideal,166,165,27.895881,
axes2,PI ideal,167,166,27.85884342,
axes2,PI ideal,168,167,27.82291116,
axes2,PI ideal,169,168,27.78805143,
axes2,PI ideal,170,169,27.75423238,
axes2,PI ideal,171,170,27.72142312,
axes2,PI ideal,172,171,27.68959364,
axes2,PI ideal,173,172,27.65871485,
axes2,PI ideal,174,173,27.62875847,
axes2,PI ideal,175,174,27.59969708,
axes2,PI ideal,176,175,27.57150406,
axes2,PI ideal,177,176,27.54415357,
axes2,PI ideal,178,177,27.51762055,
axes2,PI ideal,179,178,27.49188064,
axes2,PI ideal,180,179,27.46691024,
axes2,PI ideal,181,180,27.44268642,
axes2,PI ideal,182,181,27.41918695,
axes2,PI ideal,183,182,27.39639023,
axes2,PI ideal,184,183,27.37427533,
axes2,PI ideal,185,184,27.35282191,
axes2,PI ideal,186,185,27.33201024,
axes2,PI ideal,187,186,27.3118212,
axes2,PI ideal,188,187,27.29223619,
axes2,PI ideal,189,188,27.27323721,
axes2,PI ideal,190,189,27.25480676,
axes2,PI ideal,191,190,27.23692787,
axes2,PI ideal,192,191,27.21958407,
axes2,PI ideal,193,192,27.2027594,
axes2,PI ideal,194,193,27.18643834,
axes2,PI ideal,195,194,27.17060586,
axes2,PI ideal,196,195,27.15524735,
axes2,PI ideal,197,196,27.14034867,
axes2,PI ideal,198,197,27.12589606,
axes2,PI ideal,199,198,27.11187621,
axes2,PI ideal,200,199,27.09827617,
axes2,PI ideal,201,200,27.08508339,
axes2,PI ideal,202,201,27.07228571,
axes2,PI ideal,203,202,27.0598713,
axes2,PI ideal,204,203,27.04782871,
axes2,PI ideal,205,204,27.03614682,
axes2,PI ideal,206,205,27.02481484,
axes2,PI ideal,207,206,27.0138223,
axes2,PI ideal,208,207,27.00315906,
axes2,PI ideal,209,208,26.99281525,
axes2,PI ideal,210,209,26.98278133,
axes2,PI ideal,211,210,26.97304801,
axes2,PI ideal,212,211,26.96360631,
axes2,PI ideal,213,212,26.95444749,
axes2,PI ideal,214,213,26.9455631,
axes2,PI ideal,215,214,26.93694491,
axes2,PI ideal,216,215,26.92858496,
axes2,PI ideal,217,216,26.92047552,
axes2,PI ideal,218,217,26.91260909,
axes2,PI ideal,219,218,26.90497839,
axes2,PI ideal,220,219,26.89757637,
axes2,PI ideal,221,220,26.89039617,
axes2,PI ideal,222,221,26.88343117,
axes2,PI ideal,223,222,26.8766749,
axes2,PI ideal,224,223,26.87012112,
axes2,PI ideal,225,224,26.86376378,
axes2,PI ideal,226,225,26.85759697,
axes2,PI ideal,227,226,26.851615,
axes2,PI ideal,228,227,26.84581233,
axes2,PI ideal,229,228,26.84018359,
axes2,PI ideal,230,229,26.83472357,
axes2,PI ideal,231,230,26.82942722,
axes2,PI ideal,232,231,26.82428963,
axes2,PI ideal,233,232,26.81930604,
axes2,PI ideal,234,233,26.81447184,
axes2,PI ideal,235,234,26.80978256,
axes2,PI ideal,236,235,26.80523386,
axes2,PI ideal,237,236,26.80082151,
axes2,PI ideal,238,237,26.79654145,
axes2,PI ideal,239,238,26.79238969,
axes2,PI ideal,240,239,26.7883624,
axes2,PI ideal,241,240,26.78445585,
axes2,PI ideal,242,241,26.78066642,
axes2,PI ideal,243,242,26.77699059,
axes2,PI ideal,244,243,26.77342497,
axes2,PI ideal,245,244,26.76996626,
axes2,PI ideal,246,245,26.76661124,
axes2,PI ideal,247,246,26.76335681,
axes2,PI ideal,248,247,26.76019996,
axes2,PI ideal,249,248,26.75713775,
axes2,PI ideal,250,249,26.75416737,
axes2,PI ideal,251,250,26.75128604,
axes2,PI ideal,252,251,26.7484911,
axes2,PI ideal,253,252,26.74577997,
axes2,PI ideal,254,253,26.74315013,
axes2,PI ideal,255,254,26.74059914,
axes2,PI ideal,256,255,26.73812465,
axes2,PI ideal,257,256,26.73572435,
axes2,PI ideal,258,257,26.73339602,
axes2,PI ideal,259,258,26.73113751,
axes2,PI ideal,260,259,26.72894672,
axes2,PI ideal,261,260,26.72682163,
axes2,PI ideal,262,261,26.72476025,
axes2,PI ideal,263,262,26.72276069,
axes2,PI ideal,264,263,26.72082109,
axes2,PI ideal,265,264,26.71893966,
axes2,PI ideal,266,265,26.71711464,
axes2,PI ideal,267,266,26.71534434,
axes2,PI ideal,268,267,26.71362714,
axes2,PI ideal,269,268,26.71196143,
axes2,PI ideal,270,269,26.71034566,
axes2,PI ideal,271,270,26.70877836,
axes2,PI ideal,272,271,26.70725805,
axes2,PI ideal,273,272,26.70578333,
axes2,PI ideal,274,273,26.70435284,
axes2,PI ideal,275,274,26.70296525,
axes2,PI ideal,276,275,26.70161927,
axes2,PI ideal,277,276,26.70031365,
axes2,PI ideal,278,277,26.69904719,
axes2,PI ideal,279,278,26.69781871,
axes2,PI ideal,280,279,26.69662707,
axes2,PI ideal,281,280,26.69547116,
axes2,PI ideal,282,281,26.69434993,
axes2,PI ideal,283,282,26.69326231,
axes2,PI ideal,284,283,26.69220732,
axes2,PI ideal,285,284,26.69118396,
axes2,PI ideal,286,285,26.6901913,
axes2,PI ideal,287,286,26.68922841,
axes2,PI ideal,288,287,26.68829439,
axes2,PI ideal,289,288,26.68738839,
axes2,PI ideal,290,289,26.68650956,
axes2,PI ideal,291,290,26.68565708,
axes2,PI ideal,292,291,26.68483018,
axes2,PI ideal,293,292,26.68402807,
axes2,PI ideal,294,293,26.68325002,
axes2,PI ideal,295,294,26.68249531,
axes2,PI ideal,296,295,26.68176323,
axes2,PI ideal,297,296,26.68105311,
axes2,PI ideal,298,297,26.68036428,
axes2,PI ideal,299,298,26.67969612,
axes2,PI ideal,300,299,26.67904799,
axes2,PI ideal,301,300,26.67841931,
axes2,PI ideal,302,301,26.67780948,
axes2,PI ideal,303,302,26.67721795,
axes2,PI ideal,304,303,26.67664415,
axes2,PI ideal,305,304,26.67608757,
axes2,PI ideal,306,305,26.67554768,
axes2,PI ideal,307,306,26.67502398,
axes2,PI ideal,308,307,26.67451599,
axes2,PI ideal,309,308,26.67402324,
axes2,PI ideal,310,309,26.67354527,
axes2,PI ideal,311,310,26.67308163,
axes2,PI ideal,312,311,26.67263191,
axes2,PI ideal,313,312,26.67219567,
axes2,PI ideal,314,313,26.67177252,
axes2,PI ideal,315,314,26.67136206,
axes2,PI ideal,316,315,26.67096391,
axes2,PI ideal,317,316,26.67057771,
axes2,PI ideal,318,317,26.67020309,
axes2,PI ideal,319,318,26.66983971,
axes2,PI ideal,320,319,26.66948722,
axes2,PI ideal,321,320,26.66914532,
axes2,PI ideal,322,321,26.66881367,
axes2,PI ideal,323,322,26.66849196,
axes2,PI ideal,324,323,26.66817991,
axes2,PI ideal,325,324,26.66787722,
axes2,PI ideal,326,325,26.66758361,
axes2,PI ideal,327,326,26.66729881,
axes2,PI ideal,328,327,26.66702255,
axes2,PI ideal,329,328,26.66675458,
axes2,PI ideal,330,329,26.66649465,
axes2,PI ideal,331,330,26.66624252,
axes2,PI ideal,332,331,26.66599795,
axes2,PI ideal,333,332,26.66576072,
axes2,PI ideal,334,333,26.66553061,
axes2,PI ideal,335,334,26.6653074,
axes2,PI ideal,336,335,26.66509088,
axes2,PI ideal,337,336,26.66488086,
axes2,PI ideal,338,337,26.66467715,
axes2,PI ideal,339,338,26.66447955,
axes2,PI ideal,340,339,26.66428787,
axes2,PI ideal,341,340,26.66410195,
axes2,PI ideal,342,341,26.6639216,
axes2,PI ideal,343,342,26.66374667,
axes2,PI ideal,344,343,26.66357698,
axes2,PI ideal,345,344,26.66341239,
axes2,PI ideal,346,345,26.66325273,
axes2,PI ideal,347,346,26.66309787,
axes2,PI ideal,348,347,26.66294765,
axes2,PI ideal,349,348,26.66280195,
axes2,PI ideal,350,349,26.66266061,
axes2,PI ideal,351,350,26.66252351,
axes2,PI ideal,352,351,26.66239053,
axes2,PI ideal,353,352,26.66226154,
axes2,PI ideal,354,353,26.66213642,
axes2,PI ideal,355,354,26.66201506,
axes2,PI ideal,356,355,26.66189734,
axes2,PI ideal,357,356,26.66178315,
axes2,PI ideal,358,357,26.66167239,
axes2,PI ideal,359,358,26.66156495,
axes2,PI ideal,360,359,26.66146074,
axes2,PI ideal,361,360,26.66135966,
axes2,PI ideal,362,361,26.66126161,
axes2,PI ideal,363,362,26.6611665,
axes2,PI ideal,364,363,26.66107425,
axes2,PI ideal,365,364,26.66098476,
axes2,PI ideal,366,365,26.66089797,
axes2,PI ideal,367,366,26.66081378,
axes2,PI ideal,368,367,26.66073211,
axes2,PI ideal,369,368,26.6606529,
axes2,PI ideal,370,369,26.66057607,
axes2,PI ideal,371,370,26.66050154,
axes2,PI ideal,372,371,26.66042925,
axes2,PI ideal,373,372,26.66035913,
axes2,PI ideal,374,373,26.66029112,
axes2,PI ideal,375,374,26.66022515,
axes2,PI ideal,376,375,26.66016116,
axes2,PI ideal,377,376,26.66009909,
axes2,PI ideal,378,377,26.66003888,
axes2,PI ideal,379,378,26.65998048,
axes2,PI ideal,380,379,26.65992384,
axes2,PI ideal,381,380,26.6598689,
axes2,PI ideal,382,381,26.65981561,
axes2,PI ideal,383,382,26.65976392,
axes2,PI ideal,384,383,26.65971378,
axes2,PI ideal,385,384,26.65966514,
axes2,PI ideal,386,385,26.65961797,
axes2,PI ideal,387,386,26.65957222,
axes2,PI ideal,388,387,26.65952784,
axes2,PI ideal,389,388,26.65948479,
axes2,PI ideal,390,389,26.65944304,
axes2,PI ideal,391,390,26.65940254,
axes2,PI ideal,392,391,26.65936326,
axes2,PI ideal,393,392,26.65932515,
axes2,PI ideal,394,393,26.6592882,
axes2,PI ideal,395,394,26.65925235,
axes2,PI ideal,396,395,26.65921758,
axes2,PI ideal,397,396,26.65918386,
axes2,PI ideal,398,397,26.65915115,
axes2,PI ideal,399,398,26.65911942,
axes2,PI ideal,400,399,26.65908865,
axes2,PI ideal,401,400,26.6590588,
axes2,PI ideal,402,401,26.65902985,
axes2,PI ideal,403,402,26.65900177,
axes2,PI ideal,404,403,26.65897453,
axes2,PI ideal,405,404,26.65894812,
axes2,PI ideal,406,405,26.65892249,
axes2,PI ideal,407,406,26.65889764,
axes2,PI ideal,408,407,26.65887354,
axes2,PI ideal,409,408,26.65885016,
axes2,PI ideal,410,409,26.65882748,
axes2,PI ideal,411,410,26.65880549,
axes2,PI ideal,412,411,26.65878416,
axes2,PI ideal,413,412,26.65876347,
axes2,PI ideal,414,413,26.6587434,
axes2,PI ideal,415,414,26.65872393,
axes2,PI ideal,416,415,26.65870506,
axes2,PI ideal,417,416,26.65868675,
axes2,PI ideal,418,417,26.65866899,
axes2,PI ideal,419,418,26.65865176,
axes2,PI ideal,420,419,26.65863506,
axes2,PI ideal,421,420,26.65861885,
axes2,PI ideal,422,421,26.65860314,
axes2,PI ideal,423,422,26.6585879,
axes2,PI ideal,424,423,26.65857312,
axes2,PI ideal,425,424,26.65855878,
axes2,PI ideal,426,425,26.65854487,
axes2,PI ideal,427,426,26.65853139,
axes2,PI ideal,428,427,26.65851831,
axes2,PI ideal,429,428,26.65850562,
axes2,PI ideal,430,429,26.65849332,
axes2,PI ideal,431,430,26.65848139,
axes2,PI ideal,432,431,26.65846982,
axes2,PI ideal,433,432,26.65845859,
axes2,PI ideal,434,433,26.65844771,
axes2,PI ideal,435,434,26.65843715,
axes2,PI ideal,436,435,26.65842691,
axes2,PI ideal,437,436,26.65841698,
axes2,PI ideal,438,437,26.65840735,
axes2,PI ideal,439,438,26.65839802,
axes2,PI ideal,440,439,26.65838896,
axes2,PI ideal,441,440,26.65838017,
axes2,PI ideal,442,441,26.65837166,
axes2,PI ideal,443,442,26.6583634,
axes2,PI ideal,444,443,26.65835538,
axes2,PI ideal,445,444,26.65834761,
axes2,PI ideal,446,445,26.65834008,
axes2,PI ideal,447,446,26.65833277,
axes2,PI ideal,448,447,26.65832569,
axes2,PI ideal,449,448,26.65831881,
axes2,PI ideal,450,449,26.65831215,
axes2,PI ideal,451,450,26.65830569,
axes2,PI ideal,452,451,26.65829942,
axes2,PI ideal,453,452,26.65829334,
axes2,PI ideal,454,453,26.65828745,
axes2,PI ideal,455,454,26.65828174,
axes2,PI ideal,456,455,26.65827619,
axes2,PI ideal,457,456,26.65827082,
axes2,PI ideal,458,457,26.65826561,
axes2,PI ideal,459,458,26.65826056,
axes2,PI ideal,460,459,26.65825566,
axes2,PI ideal,461,460,26.65825091,
axes2,PI ideal,462,461,26.6582463,
axes2,PI ideal,463,462,26.65824183,
axes2,PI ideal,464,463,26.6582375,
axes2,PI ideal,465,464,26.6582333,
axes2,PI ideal,466,465,26.65822923,
axes2,PI ideal,467,466,26.65822528,
axes2,PI ideal,468,467,26.65822145,
axes2,PI ideal,469,468,26.65821774,
axes2,PI ideal,470,469,26.65821414,
axes2,PI ideal,471,470,26.65821065,
axes2,PI ideal,472,471,26.65820726,
axes2,PI ideal,473,472,26.65820398,
axes2,PI ideal,474,473,26.6582008,
axes2,PI ideal,475,474,26.65819772,
axes2,PI ideal,476,475,26.65819473,
axes2,PI ideal,477,476,26.65819183,
axes2,PI ideal,478,477,26.65818902,
axes2,PI ideal,479,478,26.6581863,
axes2,PI ideal,480,479,26.65818365,
axes2,PI ideal,481,480,26.65818109,
axes2,PI ideal,482,481,26.65817861,
axes2,PI ideal,483,482,26.65817621,
axes2,PI ideal,484,483,26.65817387,
axes2,PI ideal,485,484,26.65817161,
axes2,PI ideal,486,485,26.65816942,
axes2,PI ideal,487,486,26.65816729,
axes2,PI ideal,488,487,26.65816524,
axes2,PI ideal,489,488,26.65816324,
axes2,PI ideal,490,489,26.6581613,
axes2,PI ideal,491,490,26.65815943,
axes2,PI ideal,492,491,26.65815761,
axes2,PI ideal,493,492,26.65815585,
axes2,PI ideal,494,493,26.65815414,
axes2,PI ideal,495,494,26.65815248,
axes2,PI ideal,496,495,26.65815088,
axes2,PI ideal,497,496,26.65814933,
axes2,PI ideal,498,497,26.65814782,
axes2,PI ideal,499,498,26.65814636,
axes2,PI ideal,500,499,26.65814494,
axes2,PI ideal,501,500,26.65814357,
axes2,PI ideal,502,501,26.65814224,
axes2,PI ideal,503,502,26.65814095,
axes2,PI ideal,504,503,26.65813971,
axes2,PI ideal,505,504,26.6581385,
axes2,PI ideal,506,505,26.65813733,
axes2,PI ideal,507,506,26.65813619,
axes2,PI ideal,508,507,26.65813509,
axes2,PI ideal,509,508,26.65813403,
axes2,PI ideal,510,509,26.65813299,
axes2,PI ideal,511,510,26.65813199,
axes2,PI ideal,512,511,26.65813103,
axes2,PI ideal,513,512,26.65813009,
axes2,PI ideal,514,513,26.65812918,
axes2,PI ideal,515,514,26.6581283,
axes2,PI ideal,516,515,26.65812744,
axes2,PI ideal,517,516,26.65812662,
axes2,PI ideal,518,517,26.65812582,
axes2,PI ideal,519,518,26.65812504,
axes2,PI ideal,520,519,26.65812429,
axes2,PI ideal,521,520,26.65812357,
axes2,PI ideal,522,521,26.65812286,
axes2,PI ideal,523,522,26.65812218,
axes2,PI ideal,524,523,26.65812152,
axes2,PI ideal,525,524,26.65812088,
axes2,PI ideal,526,525,26.65812026,
axes2,PI ideal,527,526,26.65811967,
axes2,PI ideal,528,527,26.65811909,
axes2,PI ideal,529,528,26.65811852,
axes2,PI ideal,530,529,26.65811798,
axes2,PI ideal,531,530,26.65811746,
axes2,PI ideal,532,531,26.65811695,
axes2,PI ideal,533,532,26.65811645,
axes2,PI ideal,534,533,26.65811598,
axes2,PI ideal,535,534,26.65811552,
axes2,PI ideal,536,535,26.65811507,
axes2,PI ideal,537,536,26.65811464,
axes2,PI ideal,538,537,26.65811422,
axes2,PI ideal,539,538,26.65811382,
axes2,PI ideal,540,539,26.65811343,
axes2,PI ideal,541,540,26.65811305,
axes2,PI ideal,542,541,26.65811268,
axes2,PI ideal,543,542,26.65811233,
axes2,PI ideal,544,543,26.65811199,
axes2,PI ideal,545,544,26.65811166,
axes2,PI ideal,546,545,26.65811134,
axes2,PI ideal,547,546,26.65811103,
axes2,PI ideal,548,547,26.65811073,
axes2,PI ideal,549,548,26.65811044,
axes2,PI ideal,550,549,26.65811016,
axes2,PI ideal,551,550,26.65810989,
axes2,PI ideal,552,551,26.65810963,
axes2,PI ideal,553,552,26.65810938,
axes2,PI ideal,554,553,26.65810914,
axes2,PI ideal,555,554,26.6581089,
axes2,PI ideal,556,555,26.65810868,
axes2,PI ideal,557,556,26.65810846,
axes2,PI ideal,558,557,26.65810825,
axes2,PI ideal,559,558,26.65810804,
axes2,PI ideal,560,559,26.65810785,
axes2,PI ideal,561,560,26.65810766,
axes2,PI ideal,562,561,26.65810747,
axes2,PI ideal,563,562,26.6581073,
axes2,PI ideal,564,563,26.65810712,
axes2,PI ideal,565,564,26.65810696,
axes2,PI ideal,566,565,26.6581068,
axes2,PI ideal,567,566,26.65810665,
axes2,PI ideal,568,567,26.6581065,
axes2,PI ideal,569,568,26.65810636,
axes2,PI ideal,570,569,26.65810622,
axes2,PI ideal,571,570,26.65810609,
axes2,PI ideal,572,571,26.65810596,
axes2,PI ideal,573,572,26.65810584,
axes2,PI ideal,574,573,26.65810572,
axes2,PI ideal,575,574,26.65810561,
axes2,PI ideal,576,575,26.6581055,
axes2,PI ideal,577,576,26.6581054,
axes2,PI ideal,578,577,26.6581053,
axes2,PI ideal,579,578,26.6581052,
axes2,PI ideal,580,579,26.65810511,
axes2,PI ideal,581,580,26.65810502,
axes2,PI ideal,582,581,26.65810493,
axes2,PI ideal,583,582,26.65810485,
axes2,PI ideal,584,583,26.65810477,
axes2,PI ideal,585,584,26.65810469,
axes2,PI ideal,586,585,26.65810462,
axes2,PI ideal,587,586,26.65810455,
axes2,PI ideal,588,587,26.65810448,
axes2,PI ideal,589,588,26.65810442,
axes2,PI ideal,590,589,26.65810436,
axes2,PI ideal,591,590,26.6581043,
axes2,PI ideal,592,591,26.65810424,
axes2,PI ideal,593,592,26.65810419,
axes2,PI ideal,594,593,26.65810414,
axes2,PI ideal,595,594,26.65810409,
axes2,PI ideal,596,595,26.65810405,
axes2,PI ideal,597,596,26.658104,
axes2,PI ideal,598,597,26.65810396,
axes2,PI ideal,599,598,26.65810392,
axes2,PI ideal,600,599,26.65810388,
axes2,PI ideal,601,600,26.65810385,
axes2,PI ideal,602,601,26.65810381,
axes2,PI ideal,603,602,26.65810378,
axes2,PI ideal,604,603,26.65810375,
axes2,PI ideal,605,604,26.65810372,
axes2,PI ideal,606,605,26.65810369,
axes2,PI ideal,607,606,26.65810367,
axes2,PI ideal,608,607,26.65810364,
axes2,PI ideal,609,608,26.65810362,
axes2,PI ideal,610,609,26.6581036,
axes2,PI ideal,611,610,26.65810358,
axes2,PI ideal,612,611,26.65810356,
axes2,PI ideal,613,612,26.65810354,
axes2,PI ideal,614,613,26.65810353,
axes2,PI ideal,615,614,26.65810351,
axes2,PI ideal,616,615,26.6581035,
axes2,PI ideal,617,616,26.65810349,
axes2,PI ideal,618,617,26.65810347,
axes2,PI ideal,619,618,26.65810346,
axes2,PI ideal,620,619,26.65810346,
axes2,PI ideal,621,620,26.65810345,
axes2,PI ideal,622,621,26.65810344,
axes2,PI ideal,623,622,26.65810343,
axes2,PI ideal,624,623,26.65810343,
axes2,PI ideal,625,624,26.65810342,
axes2,PI ideal,626,625,26.65810342,
axes2,PI ideal,627,626,26.65810342,
axes2,PI ideal,628,627,26.65810341,
axes2,PI ideal,629,628,26.65810341,
axes2,PI ideal,630,629,26.65810341,
axes2,PI ideal,631,630,26.65810341,
axes2,PI ideal,632,631,26.65810341,
axes2,PI ideal,633,632,26.65810341,
axes2,PI ideal,634,633,26.65810342,
axes2,PI ideal,635,634,26.65810342,
axes2,PI ideal,636,635,26.65810342,
axes2,PI ideal,637,636,26.65810342,
axes2,PI ideal,638,637,26.65810343,
axes2,PI ideal,639,638,26.65810343,
axes2,PI ideal,640,639,26.65810344,
axes2,PI ideal,641,640,26.65810344,
axes2,PI ideal,642,641,26.65810345,
axes2,PI ideal,643,642,26.65810346,
axes2,PI ideal,644,643,26.65810346,
axes2,PI ideal,645,644,26.65810347,
axes2,PI ideal,646,645,26.65810348,
axes2,PI ideal,647,646,26.65810349,
axes2,PI ideal,648,647,26.6581035,
axes2,PI ideal,649,648,26.6581035,
axes2,PI ideal,650,649,26.65810351,
axes2,PI ideal,651,650,26.65810352,
axes2,PI ideal,652,651,26.65810353,
axes2,PI ideal,653,652,26.65810354,
axes2,PI ideal,654,653,26.65810355,
axes2,PI ideal,655,654,26.65810357,
axes2,PI ideal,656,655,26.65810358,
axes2,PI ideal,657,656,26.65810359,
axes2,PI ideal,658,657,26.6581036,
axes2,PI ideal,659,658,26.65810361,
axes2,PI ideal,660,659,26.65810362,
axes2,PI ideal,661,660,26.65810364,
axes2,PI ideal,662,661,26.65810365,
axes2,PI ideal,663,662,26.65810366,
axes2,PI ideal,664,663,26.65810367,
axes2,PI ideal,665,664,26.65810369,
axes2,PI ideal,666,665,26.6581037,
axes2,PI ideal,667,666,26.65810371,
axes2,PI ideal,668,667,26.65810373,
axes2,PI ideal,669,668,26.65810374,
axes2,PI ideal,670,669,26.65810375,
axes2,PI ideal,671,670,26.65810377,
axes2,PI ideal,672,671,26.65810378,
axes2,PI ideal,673,672,26.6581038,
axes2,PI ideal,674,673,26.65810381,
axes2,PI ideal,675,674,26.65810382,
axes2,PI ideal,676,675,26.65810384,
axes2,PI ideal,677,676,26.65810385,
axes2,PI ideal,678,677,26.65810387,
axes2,PI ideal,679,678,26.65810388,
axes2,PI ideal,680,679,26.6581039,
axes2,PI ideal,681,680,26.65810391,
axes2,PI ideal,682,681,26.65810393,
axes2,PI ideal,683,682,26.65810394,
axes2,PI ideal,684,683,26.65810396,
axes2,PI ideal,685,684,26.65810397,
axes2,PI ideal,686,685,26.65810399,
axes2,PI ideal,687,686,26.658104,
axes2,PI ideal,688,687,26.65810402,
axes2,PI ideal,689,688,26.65810403,
axes2,PI ideal,690,689,26.65810405,
axes2,PI ideal,691,690,26.65810406,
axes2,PI ideal,692,691,26.65810408,
axes2,PI ideal,693,692,26.65810409,
axes2,PI ideal,694,693,26.65810411,
axes2,PI ideal,695,694,26.65810413,
axes2,PI ideal,696,695,26.65810414,
axes2,PI ideal,697,696,26.65810416,
axes2,PI ideal,698,697,26.65810417,
axes2,PI ideal,699,698,26.65810419,
axes2,PI ideal,700,699,26.6581042,
axes2,PI ideal,701,700,26.65810422,
axes2,PI ideal,702,701,26.65810423,
axes2,PI ideal,703,702,26.65810425,
axes2,PI ideal,704,703,26.65810427,
axes2,PI ideal,705,704,26.65810428,
axes2,PI ideal,706,705,26.6581043,
axes2,PI ideal,707,706,26.65810431,
axes2,PI ideal,708,707,26.65810433,
axes2,PI ideal,709,708,26.65810434,
axes2,PI ideal,710,709,26.65810436,
axes2,PI ideal,711,710,26.65810437,
axes2,PI ideal,712,711,26.65810439,
axes2,PI ideal,713,712,26.6581044,
axes2,PI ideal,714,713,26.65810442,
axes2,PI ideal,715,714,26.65810443,
axes2,PI ideal,716,715,26.65810445,
axes2,PI ideal,717,716,26.65810446,
axes2,PI ideal,718,717,26.65810448,
axes2,PI ideal,719,718,26.6581045,
axes2,PI ideal,720,719,26.65810451,
axes2,PI ideal,721,720,26.65810453,
axes2,PI ideal,722,721,26.65810454,
axes2,PI ideal,723,722,26.65810456,
axes2,PI ideal,724,723,26.65810457,
axes2,PI ideal,725,724,26.65810459,
axes2,PI ideal,726,725,26.6581046,
axes2,PI ideal,727,726,26.65810462,
axes2,PI ideal,728,727,26.65810463,
axes2,PI ideal,729,728,26.65810464,
axes2,PI ideal,730,729,26.65810466,
axes2,PI ideal,731,730,26.65810467,
axes2,PI ideal,732,731,26.65810469,
axes2,PI ideal,733,732,26.6581047,
axes2,PI ideal,734,733,26.65810472,
axes2,PI ideal,735,734,26.65810473,
axes2,PI ideal,736,735,26.65810475,
axes2,PI ideal,737,736,26.65810476,
axes2,PI ideal,738,737,26.65810478,
axes2,PI ideal,739,738,26.65810479,
axes2,PI ideal,740,739,26.6581048,
axes2,PI ideal,741,740,26.65810482,
axes2,PI ideal,742,741,26.65810483,
axes2,PI ideal,743,742,26.65810485,
axes2,PI ideal,744,743,26.65810486,
axes2,PI ideal,745,744,26.65810487,
axes2,PI ideal,746,745,26.65810489,
axes2,PI ideal,747,746,26.6581049,
axes2,PI ideal,748,747,26.65810492,
axes2,PI ideal,749,748,26.65810493,
axes2,PI ideal,750,749,26.65810494,
axes2,PI ideal,751,750,26.65810496,
axes2,PI ideal,752,751,26.65810497,
axes2,PI ideal,753,752,26.65810498,
axes2,PI ideal,754,753,26.658105,
axes2,PI ideal,755,754,26.65810501,
axes2,PI ideal,756,755,26.65810502,
axes2,PI ideal,757,756,26.65810504,
axes2,PI ideal,758,757,26.65810505,
axes2,PI ideal,759,758,26.65810506,
axes2,PI ideal,760,759,26.65810508,
axes2,PI ideal,761,760,26.65810509,
axes2,PI ideal,762,761,26.6581051,
axes2,PI ideal,763,762,26.65810512,
axes2,PI ideal,764,763,26.65810513,
axes2,PI ideal,765,764,26.65810514,
axes2,PI ideal,766,765,26.65810516,
axes2,PI ideal,767,766,26.65810517,
axes2,PI ideal,768,767,26.65810518,
axes2,PI ideal,769,768,26.65810519,
axes2,PI ideal,770,769,26.65810521,
axes2,PI ideal,771,770,26.65810522,
axes2,PI ideal,772,771,26.65810523,
axes2,PI ideal,773,772,26.65810524,
axes2,PI ideal,774,773,26.65810526,
axes2,PI ideal,775,774,26.65810527,
axes2,PI ideal,776,775,26.65810528,
axes2,PI ideal,777,776,26.65810529,
axes2,PI ideal,778,777,26.65810531,
axes2,PI ideal,779,778,26.65810532,
axes2,PI ideal,780,779,26.65810533,
axes2,PI ideal,781,780,26.65810534,
axes2,PI ideal,782,781,26.65810535,
axes2,PI ideal,783,782,26.65810536,
axes2,PI ideal,784,783,26.65810538,
axes2,PI ideal,785,784,26.65810539,
axes2,PI ideal,786,785,26.6581054,
axes2,PI ideal,787,786,26.65810541,
axes2,PI ideal,788,787,26.65810542,
axes2,PI ideal,789,788,26.65810543,
axes2,PI ideal,790,789,26.65810545,
axes2,PI ideal,791,790,26.65810546,
axes2,PI ideal,792,791,26.65810547,
axes2,PI ideal,793,792,26.65810548,
axes2,PI ideal,794,793,26.65810549,
axes2,PI ideal,795,794,26.6581055,
axes2,PI ideal,796,795,26.65810551,
axes2,PI ideal,797,796,26.65810553,
axes2,PI ideal,798,797,26.65810554,
axes2,PI ideal,799,798,26.65810555,
axes2,PI ideal,800,799,26.65810556,
axes2,PI ideal,801,800,26.65810557,
axes2,PI ideal,802,801,26.65810558,
axes2,PI ideal,803,802,26.65810559,
axes2,PI ideal,804,803,26.6581056,
axes2,PI ideal,805,804,26.65810561,
axes2,PI ideal,806,805,26.65810562,
axes2,PI ideal,807,806,26.65810563,
axes2,PI ideal,808,807,26.65810564,
axes2,PI ideal,809,808,26.65810565,
axes2,PI ideal,810,809,26.65810566,
axes2,PI ideal,811,810,26.65810567,
axes2,PI ideal,812,811,26.65810568,
axes2,PI ideal,813,812,26.6581057,
axes2,PI ideal,814,813,26.65810571,
axes2,PI ideal,815,814,26.65810572,
axes2,PI ideal,816,815,26.65810573,
axes2,PI ideal,817,816,26.65810574,
axes2,PI ideal,818,817,26.65810575,
axes2,PI ideal,819,818,26.65810576,
axes2,PI ideal,820,819,26.65810577,
axes2,PI ideal,821,820,26.65810578,
axes2,PI ideal,822,821,26.65810579,
axes2,PI ideal,823,822,26.65810579,
axes2,PI ideal,824,823,26.6581058,
axes2,PI ideal,825,824,26.65810581,
axes2,PI ideal,826,825,26.65810582,
axes2,PI ideal,827,826,26.65810583,
axes2,PI ideal,828,827,26.65810584,
axes2,PI ideal,829,828,26.65810585,
axes2,PI ideal,830,829,26.65810586,
axes2,PI ideal,831,830,26.65810587,
axes2,PI ideal,832,831,26.65810588,
axes2,PI ideal,833,832,26.65810589,
axes2,PI ideal,834,833,26.6581059,
axes2,PI ideal,835,834,26.65810591,
axes2,PI ideal,836,835,26.65810592,
axes2,PI ideal,837,836,26.65810593,
axes2,PI ideal,838,837,26.65810593,
axes2,PI ideal,839,838,26.65810594,
axes2,PI ideal,840,839,26.65810595,
axes2,PI ideal,841,840,26.65810596,
axes2,PI ideal,842,841,26.65810597,
axes2,PI ideal,843,842,26.65810598,
axes2,PI ideal,844,843,26.65810599,
axes2,PI ideal,845,844,26.658106,
axes2,PI ideal,846,845,26.65810601,
axes2,PI ideal,847,846,26.65810601,
axes2,PI ideal,848,847,26.65810602,
axes2,PI ideal,849,848,26.65810603,
axes2,PI ideal,850,849,26.65810604,
axes2,PI ideal,851,850,26.65810605,
axes2,PI ideal,852,851,26.65810606,
axes2,PI ideal,853,852,26.65810606,
axes2,PI ideal,854,853,26.65810607,
axes2,PI ideal,855,854,26.65810608,
axes2,PI ideal,856,855,26.65810609,
axes2,PI ideal,857,856,26.6581061,
axes2,PI ideal,858,857,26.65810611,
axes2,PI ideal,859,858,26.65810611,
axes2,PI ideal,860,859,26.65810612,
axes2,PI ideal,861,860,26.65810613,
axes2,PI ideal,862,861,26.65810614,
axes2,PI ideal,863,862,26.65810615,
axes2,PI ideal,864,863,26.65810615,
axes2,PI ideal,865,864,26.65810616,
axes2,PI ideal,866,865,26.65810617,
axes2,PI ideal,867,866,26.65810618,
axes2,PI ideal,868,867,26.65810618,
axes2,PI ideal,869,868,26.65810619,
axes2,PI ideal,870,869,26.6581062,
axes2,PI ideal,871,870,26.65810621,
axes2,PI ideal,872,871,26.65810621,
axes2,PI ideal,873,872,26.65810622,
axes2,PI ideal,874,873,26.65810623,
axes2,PI ideal,875,874,26.65810624,
axes2,PI ideal,876,875,26.65810624,
axes2,PI ideal,877,876,26.65810625,
axes2,PI ideal,878,877,26.65810626,
axes2,PI ideal,879,878,26.65810627,
axes2,PI ideal,880,879,26.65810627,
axes2,PI ideal,881,880,26.65810628,
axes2,PI ideal,882,881,26.65810629,
axes2,PI ideal,883,882,26.6581063,
axes2,PI ideal,884,883,26.6581063,
axes2,PI ideal,885,884,26.65810631,
axes2,PI ideal,886,885,26.65810632,
axes2,PI ideal,887,886,26.65810632,
axes2,PI ideal,888,887,26.65810633,
axes2,PI ideal,889,888,26.65810634,
axes2,PI ideal,890,889,26.65810634,
axes2,PI ideal,891,890,26.65810635,
axes2,PI ideal,892,891,26.65810636,
axes2,PI ideal,893,892,26.65810636,
axes2,PI ideal,894,893,26.65810637,
axes2,PI ideal,895,894,26.65810638,
axes2,PI ideal,896,895,26.65810638,
axes2,PI ideal,897,896,26.65810639,
axes2,PI ideal,898,897,26.6581064,
axes2,PI ideal,899,898,26.6581064,
axes2,PI ideal,900,899,26.65810641,
axes2,PI ideal,901,900,26.65810642,
axes2,PI ideal,902,901,26.65810642,
axes2,PI ideal,903,902,26.65810643,
axes2,PI ideal,904,903,26.65810644,
axes2,PI ideal,905,904,26.65810644,
axes2,PI ideal,906,905,26.65810645,
axes2,PI ideal,907,906,26.65810646,
axes2,PI ideal,908,907,26.65810646,
axes2,PI ideal,909,908,26.65810647,
axes2,PI ideal,910,909,26.65810647,
axes2,PI ideal,911,910,26.65810648,
axes2,PI ideal,912,911,26.65810649,
axes2,PI ideal,913,912,26.65810649,
axes2,PI ideal,914,913,26.6581065,
axes2,PI ideal,915,914,26.6581065,
axes2,PI ideal,916,915,26.65810651,
axes2,PI ideal,917,916,26.65810652,
axes2,PI ideal,918,917,26.65810652,
axes2,PI ideal,919,918,26.65810653,
axes2,PI ideal,920,919,26.65810653,
axes2,PI ideal,921,920,26.65810654,
axes2,PI ideal,922,921,26.65810655,
axes2,PI ideal,923,922,26.65810655,
axes2,PI ideal,924,923,26.65810656,
axes2,PI ideal,925,924,26.65810656,
axes2,PI ideal,926,925,26.65810657,
axes2,PI ideal,927,926,26.65810657,
axes2,PI ideal,928,927,26.65810658,
axes2,PI ideal,929,928,26.65810659,
axes2,PI ideal,930,929,26.65810659,
axes2,PI ideal,931,930,26.6581066,
axes2,PI ideal,932,931,26.6581066,
axes2,PI ideal,933,932,26.65810661,
axes2,PI ideal,934,933,26.65810661,
axes2,PI ideal,935,934,26.65810662,
axes2,PI ideal,936,935,26.65810662,
axes2,PI ideal,937,936,26.65810663,
axes2,PI ideal,938,937,26.65810663,
axes2,PI ideal,939,938,26.65810664,
axes2,PI ideal,940,939,26.65810665,
axes2,PI ideal,941,940,26.65810665,
axes2,PI ideal,942,941,26.65810666,
axes2,PI ideal,943,942,26.65810666,
axes2,PI ideal,944,943,26.65810667,
axes2,PI ideal,945,944,26.65810667,
axes2,PI ideal,946,945,26.65810668,
axes2,PI ideal,947,946,26.65810668,
axes2,PI ideal,948,947,26.65810669,
axes2,PI ideal,949,948,26.65810669,
axes2,PI ideal,950,949,26.6581067,
axes2,PI ideal,951,950,26.6581067,
axes2,PI ideal,952,951,26.65810671,
axes2,PI ideal,953,952,26.65810671,
axes2,PI ideal,954,953,26.65810672,
axes2,PI ideal,955,954,26.65810672,
axes2,PI ideal,956,955,26.65810673,
axes2,PI ideal,957,956,26.65810673,
axes2,PI ideal,958,957,26.65810674,
axes2,PI ideal,959,958,26.65810674,
axes2,PI ideal,960,959,26.65810674,
axes2,PI ideal,961,960,26.65810675,
axes2,PI ideal,962,961,26.65810675,
axes2,PI ideal,963,962,26.65810676,
axes2,PI ideal,964,963,26.65810676,
axes2,PI ideal,965,964,26.65810677,
axes2,PI ideal,966,965,26.65810677,
axes2,PI ideal,967,966,26.65810678,
axes2,PI ideal,968,967,26.65810678,
axes2,PI ideal,969,968,26.65810679,
axes2,PI ideal,970,969,26.65810679,
axes2,PI ideal,971,970,26.6581068,
axes2,PI ideal,972,971,26.6581068,
axes2,PI ideal,973,972,26.6581068,
axes2,PI ideal,974,973,26.65810681,
axes2,PI ideal,975,974,26.65810681,
axes2,PI ideal,976,975,26.65810682,
axes2,PI ideal,977,976,26.65810682,
axes2,PI ideal,978,977,26.65810683,
axes2,PI ideal,979,978,26.65810683,
axes2,PI ideal,980,979,26.65810683,
axes2,PI ideal,981,980,26.65810684,
axes2,PI ideal,982,981,26.65810684,
axes2,PI ideal,983,982,26.65810685,
axes2,PI ideal,984,983,26.65810685,
axes2,PI ideal,985,984,26.65810686,
axes2,PI ideal,986,985,26.65810686,
axes2,PI ideal,987,986,26.65810686,
axes2,PI ideal,988,987,26.65810687,
axes2,PI ideal,989,988,26.65810687,
axes2,PI ideal,990,989,26.65810688,
axes2,PI ideal,991,990,26.65810688,
axes2,PI ideal,992,991,26.65810688,
axes2,PI ideal,993,992,26.65810689,
axes2,PI ideal,994,993,26.65810689,
axes2,PI ideal,995,994,26.6581069,
axes2,PI ideal,996,995,26.6581069,
axes2,PI ideal,997,996,26.6581069,
axes2,PI ideal,998,997,26.65810691,
axes2,PI ideal,999,998,26.65810691,
axes2,PI ideal,1000,999,26.65810692,
axes2,PI ideal,1001,1000,26.65810692,
axes2,PI ideal,1002,1001,26.65810692,
axes2,PI ideal,1003,1002,26.65810693,
axes2,PI ideal,1004,1003,26.65810693,
axes2,PI ideal,1005,1004,26.65810693,
axes2,PI ideal,1006,1005,26.65810694,
axes2,PI ideal,1007,1006,26.65810694,
axes2,PI ideal,1008,1007,26.65810695,
axes2,PI ideal,1009,1008,26.65810695,
axes2,PI ideal,1010,1009,26.65810695,
axes2,PI ideal,1011,1010,26.65810696,
axes2,PI ideal,1012,1011,26.65810696,
axes2,PI ideal,1013,1012,26.65810696,
axes2,PI ideal,1014,1013,26.65810697,
axes2,PI ideal,1015,1014,26.65810697,
axes2,PI ideal,1016,1015,26.65810697,
axes2,PI ideal,1017,1016,26.65810698,
axes2,PI ideal,1018,1017,26.65810698,
axes2,PI ideal,1019,1018,26.65810698,
axes2,PI ideal,1020,1019,26.65810699,
axes2,PI ideal,1021,1020,26.65810699,
axes2,PI ideal,1022,1021,26.65810699,
axes2,PI ideal,1023,1022,26.658107,
axes2,PI ideal,1024,1023,26.658107,
axes2,PI ideal,1025,1024,26.658107,
axes2,PI ideal,1026,1025,26.65810701,
axes2,PI ideal,1027,1026,26.65810701,
axes2,PI ideal,1028,1027,26.65810701,
axes2,PI ideal,1029,1028,26.65810702,
axes2,PI ideal,1030,1029,26.65810702,
axes2,PI ideal,1031,1030,26.65810702,
axes2,PI ideal,1032,1031,26.65810703,
axes2,PI ideal,1033,1032,26.65810703,
axes2,PI ideal,1034,1033,26.65810703,
axes2,PI ideal,1035,1034,26.65810704,
axes2,PI ideal,1036,1035,26.65810704,
axes2,PI ideal,1037,1036,26.65810704,
axes2,PI ideal,1038,1037,26.65810705,
axes2,PI ideal,1039,1038,26.65810705,
axes2,PI ideal,1040,1039,26.65810705,
axes2,PI ideal,1041,1040,26.65810706,
axes2,PI ideal,1042,1041,26.65810706,
axes2,PI ideal,1043,1042,26.65810706,
axes2,PI ideal,1044,1043,26.65810707,
axes2,PI ideal,1045,1044,26.65810707,
axes2,PI ideal,1046,1045,26.65810707,
axes2,PI ideal,1047,1046,26.65810707,
axes2,PI ideal,1048,1047,26.65810708,
axes2,PI ideal,1049,1048,26.65810708,
axes2,PI ideal,1050,1049,26.65810708,
axes2,PI ideal,1051,1050,26.65810709,
axes2,PI ideal,1052,1051,26.65810709,
axes2,PI ideal,1053,1052,26.65810709,
axes2,PI ideal,1054,1053,26.65810709,
axes2,PI ideal,1055,1054,26.6581071,
axes2,PI ideal,1056,1055,26.6581071,
axes2,PI ideal,1057,1056,26.6581071,
axes2,PI ideal,1058,1057,26.65810711,
axes2,PI ideal,1059,1058,26.65810711,
axes2,PI ideal,1060,1059,26.65810711,
axes2,PI ideal,1061,1060,26.65810711,
axes2,PI ideal,1062,1061,26.65810712,
axes2,PI ideal,1063,1062,26.65810712,
axes2,PI ideal,1064,1063,26.65810712,
axes2,PI ideal,1065,1064,26.65810713,
axes2,PI ideal,1066,1065,26.65810713,
axes2,PI ideal,1067,1066,26.65810713,
axes2,PI ideal,1068,1067,26.65810713,
axes2,PI ideal,1069,1068,26.65810714,
axes2,PI ideal,1070,1069,26.65810714,
axes2,PI ideal,1071,1070,26.65810714,
axes2,PI ideal,1072,1071,26.65810714,
axes2,PI ideal,1073,1072,26.65810715,
axes2,PI ideal,1074,1073,26.65810715,
axes2,PI ideal,1075,1074,26.65810715,
axes2,PI ideal,1076,1075,26.65810715,
axes2,PI ideal,1077,1076,26.65810716,
axes2,PI ideal,1078,1077,26.65810716,
axes2,PI ideal,1079,1078,26.65810716,
axes2,PI ideal,1080,1079,26.65810716,
axes2,PI ideal,1081,1080,26.65810717,
axes2,PI ideal,1082,1081,26.65810717,
axes2,PI ideal,1083,1082,26.65810717,
axes2,PI ideal,1084,1083,26.65810717,
axes2,PI ideal,1085,1084,26.65810718,
axes2,PI ideal,1086,1085,26.65810718,
axes2,PI ideal,1087,1086,26.65810718,
axes2,PI ideal,1088,1087,26.65810718,
axes2,PI ideal,1089,1088,26.65810719,
axes2,PI ideal,1090,1089,26.65810719,
axes2,PI ideal,1091,1090,26.65810719,
axes2,PI ideal,1092,1091,26.65810719,
axes2,PI ideal,1093,1092,26.6581072,
axes2,PI ideal,1094,1093,26.6581072,
axes2,PI ideal,1095,1094,26.6581072,
axes2,PI ideal,1096,1095,26.6581072,
axes2,PI ideal,1097,1096,26.65810721,
axes2,PI ideal,1098,1097,26.65810721,
axes2,PI ideal,1099,1098,26.65810721,
axes2,PI ideal,1100,1099,26.65810721,
axes2,PI ideal,1101,1100,26.65810721,
axes2,PI ideal,1102,1101,26.65810722,
axes2,PI ideal,1103,1102,26.65810722,
axes2,PI ideal,1104,1103,26.65810722,
axes2,PI ideal,1105,1104,26.65810722,
axes2,PI ideal,1106,1105,26.65810723,
axes2,PI ideal,1107,1106,26.65810723,
axes2,PI ideal,1108,1107,26.65810723,
axes2,PI ideal,1109,1108,26.65810723,
axes2,PI ideal,1110,1109,26.65810723,
axes2,PI ideal,1111,1110,26.65810724,
axes2,PI ideal,1112,1111,26.65810724,
axes2,PI ideal,1113,1112,26.65810724,
axes2,PI ideal,1114,1113,26.65810724,
axes2,PI ideal,1115,1114,26.65810724,
axes2,PI ideal,1116,1115,26.65810725,
axes2,PI ideal,1117,1116,26.65810725,
axes2,PI ideal,1118,1117,26.65810725,
axes2,PI ideal,1119,1118,26.65810725,
axes2,PI ideal,1120,1119,26.65810726,
axes2,PI ideal,1121,1120,26.65810726,
axes2,PI ideal,1122,1121,26.65810726,
axes2,PI ideal,1123,1122,26.65810726,
axes2,PI ideal,1124,1123,26.65810726,
axes2,PI ideal,1125,1124,26.65810727,
axes2,PI ideal,1126,1125,26.65810727,
axes2,PI ideal,1127,1126,26.65810727,
axes2,PI ideal,1128,1127,26.65810727,
axes2,PI ideal,1129,1128,26.65810727,
axes2,PI ideal,1130,1129,26.65810727,
axes2,PI ideal,1131,1130,26.65810728,
axes2,PI ideal,1132,1131,26.65810728,
axes2,PI ideal,1133,1132,26.65810728,
axes2,PI ideal,1134,1133,26.65810728,
axes2,PI ideal,1135,1134,26.65810728,
axes2,PI ideal,1136,1135,26.65810729,
axes2,PI ideal,1137,1136,26.65810729,
axes2,PI ideal,1138,1137,26.65810729,
axes2,PI ideal,1139,1138,26.65810729,
axes2,PI ideal,1140,1139,26.65810729,
axes2,PI ideal,1141,1140,26.6581073,
axes2,PI ideal,1142,1141,26.6581073,
axes2,PI ideal,1143,1142,26.6581073,
axes2,PI ideal,1144,1143,26.6581073,
axes2,PI ideal,1145,1144,26.6581073,
axes2,PI ideal,1146,1145,26.6581073,
axes2,PI ideal,1147,1146,26.65810731,
axes2,PI ideal,1148,1147,26.65810731,
axes2,PI ideal,1149,1148,26.65810731,
axes2,PI ideal,1150,1149,26.65810731,
axes2,PI ideal,1151,1150,26.65810731,
axes2,PI ideal,1152,1151,26.65810731,
axes2,PI ideal,1153,1152,26.65810732,
axes2,PI ideal,1154,1153,26.65810732,
axes2,PI ideal,1155,1154,26.65810732,
axes2,PI ideal,1156,1155,26.65810732,
axes2,PI ideal,1157,1156,26.65810732,
axes2,PI ideal,1158,1157,26.65810732,
axes2,PI ideal,1159,1158,26.65810733,
axes2,PI ideal,1160,1159,26.65810733,
axes2,PI ideal,1161,1160,26.65810733,
axes2,PI ideal,1162,1161,26.65810733,
axes2,PI ideal,1163,1162,26.65810733,
axes2,PI ideal,1164,1163,26.65810733,
axes2,PI ideal,1165,1164,26.65810734,
axes2,PI ideal,1166,1165,26.65810734,
axes2,PI ideal,1167,1166,26.65810734,
axes2,PI ideal,1168,1167,26.65810734,
axes2,PI ideal,1169,1168,26.65810734,
axes2,PI ideal,1170,1169,26.65810734,
axes2,PI ideal,1171,1170,26.65810735,
axes2,PI ideal,1172,1171,26.65810735,
axes2,PI ideal,1173,1172,26.65810735,
axes2,PI ideal,1174,1173,26.65810735,
axes2,PI ideal,1175,1174,26.65810735,
axes2,PI ideal,1176,1175,26.65810735,
axes2,PI ideal,1177,1176,26.65810735,
axes2,PI ideal,1178,1177,26.65810736,
axes2,PI ideal,1179,1178,26.65810736,
axes2,PI ideal,1180,1179,26.65810736,
axes2,PI ideal,1181,1180,26.65810736,
axes2,PI ideal,1182,1181,26.65810736,
axes2,PI ideal,1183,1182,26.65810736,
axes2,PI ideal,1184,1183,26.65810736,
axes2,PI ideal,1185,1184,26.65810737,
axes2,PI ideal,1186,1185,26.65810737,
axes2,PI ideal,1187,1186,26.65810737,
axes2,PI ideal,1188,1187,26.65810737,
axes2,PI ideal,1189,1188,26.65810737,
axes2,PI ideal,1190,1189,26.65810737,
axes2,PI ideal,1191,1190,26.65810737,
axes2,PI ideal,1192,1191,26.65810738,
axes2,PI ideal,1193,1192,26.65810738,
axes2,PI ideal,1194,1193,26.65810738,
axes2,PI ideal,1195,1194,26.65810738,
axes2,PI ideal,1196,1195,26.65810738,
axes2,PI ideal,1197,1196,26.65810738,
axes2,PI ideal,1198,1197,26.65810738,
axes2,PI ideal,1199,1198,26.65810739,
axes2,PI ideal,1200,1199,26.65810739,
axes2,PI ideal,1201,1200,26.65810739,
axes2,PI ideal,1202,1201,26.65810739,
axes2,PI ideal,1203,1202,26.65810739,
axes2,PI ideal,1204,1203,26.65810739,
axes2,PI ideal,1205,1204,26.65810739,
axes2,PI ideal,1206,1205,26.65810739,
axes2,PI ideal,1207,1206,26.6581074,
axes2,PI ideal,1208,1207,26.6581074,
axes2,PI ideal,1209,1208,26.6581074,
axes2,PI ideal,1210,1209,26.6581074,
axes2,PI ideal,1211,1210,26.6581074,
axes2,PI ideal,1212,1211,26.6581074,
axes2,PI ideal,1213,1212,26.6581074,
axes2,PI ideal,1214,1213,26.6581074,
axes2,PI ideal,1215,1214,26.65810741,
axes2,PI ideal,1216,1215,26.65810741,
axes2,PI ideal,1217,1216,26.65810741,
axes2,PI ideal,1218,1217,26.65810741,
axes2,PI ideal,1219,1218,26.65810741,
axes2,PI ideal,1220,1219,26.65810741,
axes2,PI ideal,1221,1220,26.65810741,
axes2,PI ideal,1222,1221,26.65810741,
axes2,PI ideal,1223,1222,26.65810742,
axes2,PI ideal,1224,1223,26.65810742,
axes2,PI ideal,1225,1224,26.65810742,
axes2,PI ideal,1226,1225,26.65810742,
axes2,PI ideal,1227,1226,26.65810742,
axes2,PI ideal,1228,1227,26.65810742,
axes2,PI ideal,1229,1228,26.65810742,
axes2,PI ideal,1230,1229,26.65810742,
axes2,PI ideal,1231,1230,26.65810742,
axes2,PI ideal,1232,1231,26.65810743,
axes2,PI ideal,1233,1232,26.65810743,
axes2,PI ideal,1234,1233,26.65810743,
axes2,PI ideal,1235,1234,26.65810743,
axes2,PI ideal,1236,1235,26.65810743,
axes2,PI ideal,1237,1236,26.65810743,
axes2,PI ideal,1238,1237,26.65810743,
axes2,PI ideal,1239,1238,26.65810743,
axes2,PI ideal,1240,1239,26.65810743,
axes2,PI ideal,1241,1240,26.65810744,
axes2,PI ideal,1242,1241,26.65810744,
axes2,PI ideal,1243,1242,26.65810744,
axes2,PI ideal,1244,1243,26.65810744,
axes2,PI ideal,1245,1244,26.65810744,
axes2,PI ideal,1246,1245,26.65810744,
axes2,PI ideal,1247,1246,26.65810744,
axes2,PI ideal,1248,1247,26.65810744,
axes2,PI ideal,1249,1248,26.65810744,
axes2,PI ideal,1250,1249,26.65810745,
axes2,PI ideal,1251,1250,26.65810745,
axes2,PI ideal,1252,1251,26.65810745,
axes2,PI ideal,1253,1252,26.65810745,
axes2,PI ideal,1254,1253,26.65810745,
axes2,PI ideal,1255,1254,26.65810745,
axes2,PI ideal,1256,1255,26.65810745,
axes2,PI ideal,1257,1256,26.65810745,
axes2,PI ideal,1258,1257,26.65810745,
axes2,PI ideal,1259,1258,26.65810745,
axes2,PI ideal,1260,1259,26.65810746,
axes2,PI ideal,1261,1260,26.65810746,
axes2,PI ideal,1262,1261,26.65810746,
axes2,PI ideal,1263,1262,26.65810746,
axes2,PI ideal,1264,1263,26.65810746,
axes2,PI ideal,1265,1264,26.65810746,
axes2,PI ideal,1266,1265,26.65810746,
axes2,PI ideal,1267,1266,26.65810746,
axes2,PI ideal,1268,1267,26.65810746,
axes2,PI ideal,1269,1268,26.65810746,
axes2,PI ideal,1270,1269,26.65810746,
axes2,PI ideal,1271,1270,26.65810747,
axes2,PI ideal,1272,1271,26.65810747,
axes2,PI ideal,1273,1272,26.65810747,
axes2,PI ideal,1274,1273,26.65810747,
axes2,PI ideal,1275,1274,26.65810747,
axes2,PI ideal,1276,1275,26.65810747,
axes2,PI ideal,1277,1276,26.65810747,
axes2,PI ideal,1278,1277,26.65810747,
axes2,PI ideal,1279,1278,26.65810747,
axes2,PI ideal,1280,1279,26.65810747,
axes2,PI ideal,1281,1280,26.65810747,
axes2,PI ideal,1282,1281,26.65810748,
axes2,PI ideal,1283,1282,26.65810748,
axes2,PI ideal,1284,1283,26.65810748,
axes2,PI ideal,1285,1284,26.65810748,
axes2,PI ideal,1286,1285,26.65810748,
axes2,PI ideal,1287,1286,26.65810748,
axes2,PI ideal,1288,1287,26.65810748,
axes2,PI ideal,1289,1288,26.65810748,
axes2,PI ideal,1290,1289,26.65810748,
axes2,PI ideal,1291,1290,26.65810748,
axes2,PI ideal,1292,1291,26.65810748,
axes2,PI ideal,1293,1292,26.65810748,
axes2,PI ideal,1294,1293,26.65810749,
axes2,PI ideal,1295,1294,26.65810749,
axes2,PI ideal,1296,1295,26.65810749,
axes2,PI ideal,1297,1296,26.65810749,
axes2,PI ideal,1298,1297,26.65810749,
axes2,PI ideal,1299,1298,26.65810749,
axes2,PI ideal,1300,1299,26.65810749,
axes2,PI ideal,1301,1300,26.65810749,
axes2,PI ideal,1302,1301,26.65810749,
axes2,PI ideal,1303,1302,26.65810749,
axes2,PI ideal,1304,1303,26.65810749,
axes2,PI ideal,1305,1304,26.65810749,
axes2,PI ideal,1306,1305,26.65810749,
axes2,PI ideal,1307,1306,26.6581075,
axes2,PI ideal,1308,1307,26.6581075,
axes2,PI ideal,1309,1308,26.6581075,
axes2,PI ideal,1310,1309,26.6581075,
axes2,PI ideal,1311,1310,26.6581075,
axes2,PI ideal,1312,1311,26.6581075,
axes2,PI ideal,1313,1312,26.6581075,
axes2,PI ideal,1314,1313,26.6581075,
axes2,PI ideal,1315,1314,26.6581075,
axes2,PI ideal,1316,1315,26.6581075,
axes2,PI ideal,1317,1316,26.6581075,
axes2,PI ideal,1318,1317,26.6581075,
axes2,PI ideal,1319,1318,26.6581075,
axes2,PI ideal,1320,1319,26.6581075,
axes2,PI ideal,1321,1320,26.65810751,
axes2,PI ideal,1322,1321,26.65810751,
axes2,PI ideal,1323,1322,26.65810751,
axes2,PI ideal,1324,1323,26.65810751,
axes2,PI ideal,1325,1324,26.65810751,
axes2,PI ideal,1326,1325,26.65810751,
axes2,PI ideal,1327,1326,26.65810751,
axes2,PI ideal,1328,1327,26.65810751,
axes2,PI ideal,1329,1328,26.65810751,
axes2,PI ideal,1330,1329,26.65810751,
axes2,PI ideal,1331,1330,26.65810751,
axes2,PI ideal,1332,1331,26.65810751,
axes2,PI ideal,1333,1332,26.65810751,
axes2,PI ideal,1334,1333,26.65810751,
axes2,PI ideal,1335,1334,26.65810751,
axes2,PI ideal,1336,1335,26.65810752,
axes2,PI ideal,1337,1336,26.65810752,
axes2,PI ideal,1338,1337,26.65810752,
axes2,PI ideal,1339,1338,26.65810752,
axes2,PI ideal,1340,1339,26.65810752,
axes2,PI ideal,1341,1340,26.65810752,
axes2,PI ideal,1342,1341,26.65810752,
axes2,PI ideal,1343,1342,26.65810752,
axes2,PI ideal,1344,1343,26.65810752,
axes2,PI ideal,1345,1344,26.65810752,
axes2,PI ideal,1346,1345,26.65810752,
axes2,PI ideal,1347,1346,26.65810752,
axes2,PI ideal,1348,1347,26.65810752,
axes2,PI ideal,1349,1348,26.65810752,
axes2,PI ideal,1350,1349,26.65810752,
axes2,PI ideal,1351,1350,26.65810752,
axes2,PI ideal,1352,1351,26.65810753,
axes2,PI ideal,1353,1352,26.65810753,
axes2,PI ideal,1354,1353,26.65810753,
axes2,PI ideal,1355,1354,26.65810753,
axes2,PI ideal,1356,1355,26.65810753,
axes2,PI ideal,1357,1356,26.65810753,
axes2,PI ideal,1358,1357,26.65810753,
axes2,PI ideal,1359,1358,26.65810753,
axes2,PI ideal,1360,1359,26.65810753,
axes2,PI ideal,1361,1360,26.65810753,
axes2,PI ideal,1362,1361,26.65810753,
axes2,PI ideal,1363,1362,26.65810753,
axes2,PI ideal,1364,1363,26.65810753,
axes2,PI ideal,1365,1364,26.65810753,
axes2,PI ideal,1366,1365,26.65810753,
axes2,PI ideal,1367,1366,26.65810753,
axes2,PI ideal,1368,1367,26.65810753,
axes2,PI ideal,1369,1368,26.65810753,
axes2,PI ideal,1370,1369,26.65810754,
axes2,PI ideal,1371,1370,26.65810754,
axes2,PI ideal,1372,1371,26.65810754,
axes2,PI ideal,1373,1372,26.65810754,
axes2,PI ideal,1374,1373,26.65810754,
axes2,PI ideal,1375,1374,26.65810754,
axes2,PI ideal,1376,1375,26.65810754,
axes2,PI ideal,1377,1376,26.65810754,
axes2,PI ideal,1378,1377,26.65810754,
axes2,PI ideal,1379,1378,26.65810754,
axes2,PI ideal,1380,1379,26.65810754,
axes2,PI ideal,1381,1380,26.65810754,
axes2,PI ideal,1382,1381,26.65810754,
axes2,PI ideal,1383,1382,26.65810754,
axes2,PI ideal,1384,1383,26.65810754,
axes2,PI ideal,1385,1384,26.65810754,
axes2,PI ideal,1386,1385,26.65810754,
axes2,PI ideal,1387,1386,26.65810754,
axes2,PI ideal,1388,1387,26.65810754,
axes2,PI ideal,1389,1388,26.65810755,
axes2,PI ideal,1390,1389,26.65810755,
axes2,PI ideal,1391,1390,26.65810755,
axes2,PI ideal,1392,1391,26.65810755,
axes2,PI ideal,1393,1392,26.65810755,
axes2,PI ideal,1394,1393,26.65810755,
axes2,PI ideal,1395,1394,26.65810755,
axes2,PI ideal,1396,1395,26.65810755,
axes2,PI ideal,1397,1396,26.65810755,
axes2,PI ideal,1398,1397,26.65810755,
axes2,PI ideal,1399,1398,26.65810755,
axes2,PI ideal,1400,1399,26.65810755,
axes2,PI ideal,1401,1400,26.65810755,
axes2,PI ideal,1402,1401,26.65810755,
axes2,PI ideal,1403,1402,26.65810755,
axes2,PI ideal,1404,1403,26.65810755,
axes2,PI ideal,1405,1404,26.65810755,
axes2,PI ideal,1406,1405,26.65810755,
axes2,PI ideal,1407,1406,26.65810755,
axes2,PI ideal,1408,1407,26.65810755,
axes2,PI ideal,1409,1408,26.65810755,
axes2,PI ideal,1410,1409,26.65810755,
axes2,PI ideal,1411,1410,26.65810756,
axes2,PI ideal,1412,1411,26.65810756,
axes2,PI ideal,1413,1412,26.65810756,
axes2,PI ideal,1414,1413,26.65810756,
axes2,PI ideal,1415,1414,26.65810756,
axes2,PI ideal,1416,1415,26.65810756,
axes2,PI ideal,1417,1416,26.65810756,
axes2,PI ideal,1418,1417,26.65810756,
axes2,PI ideal,1419,1418,26.65810756,
axes2,PI ideal,1420,1419,26.65810756,
axes2,PI ideal,1421,1420,26.65810756,
axes2,PI ideal,1422,1421,26.65810756,
axes2,PI ideal,1423,1422,26.65810756,
axes2,PI ideal,1424,1423,26.65810756,
axes2,PI ideal,1425,1424,26.65810756,
axes2,PI ideal,1426,1425,26.65810756,
axes2,PI ideal,1427,1426,26.65810756,
axes2,PI ideal,1428,1427,26.65810756,
axes2,PI ideal,1429,1428,26.65810756,
axes2,PI ideal,1430,1429,26.65810756,
axes2,PI ideal,1431,1430,26.65810756,
axes2,PI ideal,1432,1431,26.65810756,
axes2,PI ideal,1433,1432,26.65810756,
axes2,PI ideal,1434,1433,26.65810756,
axes2,PI ideal,1435,1434,26.65810757,
axes2,PI ideal,1436,1435,26.65810757,
axes2,PI ideal,1437,1436,26.65810757,
axes2,PI ideal,1438,1437,26.65810757,
axes2,PI ideal,1439,1438,26.65810757,
axes2,PI ideal,1440,1439,26.65810757,
axes2,PI ideal,1441,1440,26.65810757,
axes2,PI ideal,1442,1441,26.65810757,
axes2,PI ideal,1443,1442,26.65810757,
axes2,PI ideal,1444,1443,26.65810757,
axes2,PI ideal,1445,1444,26.65810757,
axes2,PI ideal,1446,1445,26.65810757,
axes2,PI ideal,1447,1446,26.65810757,
axes2,PI ideal,1448,1447,26.65810757,
axes2,PI ideal,1449,1448,26.65810757,
axes2,PI ideal,1450,1449,26.65810757,
axes2,PI ideal,1451,1450,26.65810757,
axes2,PI ideal,1452,1451,26.65810757,
axes2,PI ideal,1453,1452,26.65810757,
axes2,PI ideal,1454,1453,26.65810757,
axes2,PI ideal,1455,1454,26.65810757,
axes2,PI ideal,1456,1455,26.65810757,
axes2,PI ideal,1457,1456,26.65810757,
axes2,PI ideal,1458,1457,26.65810757,
axes2,PI ideal,1459,1458,26.65810757,
axes2,PI ideal,1460,1459,26.65810757,
axes2,PI ideal,1461,1460,26.65810757,
axes2,PI ideal,1462,1461,26.65810757,
axes2,PI ideal,1463,1462,26.65810757,
axes2,PI ideal,1464,1463,26.65810758,
axes2,PI ideal,1465,1464,26.65810758,
axes2,PI ideal,1466,1465,26.65810758,
axes2,PI ideal,1467,1466,26.65810758,
axes2,PI ideal,1468,1467,26.65810758,
axes2,PI ideal,1469,1468,26.65810758,
axes2,PI ideal,1470,1469,26.65810758,
axes2,PI ideal,1471,1470,26.65810758,
axes2,PI ideal,1472,1471,26.65810758,
axes2,PI ideal,1473,1472,26.65810758,
axes2,PI ideal,1474,1473,26.65810758,
axes2,PI ideal,1475,1474,26.65810758,
axes2,PI ideal,1476,1475,26.65810758,
axes2,PI ideal,1477,1476,26.65810758,
axes2,PI ideal,1478,1477,26.65810758,
axes2,PI ideal,1479,1478,26.65810758,
axes2,PI ideal,1480,1479,26.65810758,
axes2,PI ideal,1481,1480,26.65810758,
axes2,PI ideal,1482,1481,26.65810758,
axes2,PI ideal,1483,1482,26.65810758,
axes2,PI ideal,1484,1483,26.65810758,
axes2,PI ideal,1485,1484,26.65810758,
axes2,PI ideal,1486,1485,26.65810758,
axes2,PI ideal,1487,1486,26.65810758,
axes2,PI ideal,1488,1487,26.65810758,
axes2,PI ideal,1489,1488,26.65810758,
axes2,PI ideal,1490,1489,26.65810758,
axes2,PI ideal,1491,1490,26.65810758,
axes2,PI ideal,1492,1491,26.65810758,
axes2,PI ideal,1493,1492,26.65810758,
axes2,PI ideal,1494,1493,26.65810758,
axes2,PI ideal,1495,1494,26.65810758,
axes2,PI ideal,1496,1495,26.65810758,
axes2,PI ideal,1497,1496,26.65810759,
axes2,PI ideal,1498,1497,26.65810759,
axes2,PI ideal,1499,1498,26.65810759,
axes2,PI ideal,1500,1499,26.65810759,
axes2,PI ideal,1501,1500,26.65810759,
axes2,PI ideal,1502,1501,26.65810759,
axes2,PI ideal,1503,1502,26.65810759,
axes2,PI ideal,1504,1503,26.65810759,
axes2,PI ideal,1505,1504,26.65810759,
axes2,PI ideal,1506,1505,26.65810759,
axes2,PI ideal,1507,1506,26.65810759,
axes2,PI ideal,1508,1507,26.65810759,
axes2,PI ideal,1509,1508,26.65810759,
axes2,PI ideal,1510,1509,26.65810759,
axes2,PI ideal,1511,1510,26.65810759,
axes2,PI ideal,1512,1511,26.65810759,
axes2,PI ideal,1513,1512,26.65810759,
axes2,PI ideal,1514,1513,26.65810759,
axes2,PI ideal,1515,1514,26.65810759,
axes2,PI ideal,1516,1515,26.65810759,
axes2,PI ideal,1517,1516,26.65810759,
axes2,PI ideal,1518,1517,26.65810759,
axes2,PI ideal,1519,1518,26.65810759,
axes2,PI ideal,1520,1519,26.65810759,
axes2,PI ideal,1521,1520,26.65810759,
axes2,PI ideal,1522,1521,26.65810759,
axes2,PI ideal,1523,1522,26.65810759,
axes2,PI ideal,1524,1523,26.65810759,
axes2,PI ideal,1525,1524,26.65810759,
axes2,PI ideal,1526,1525,26.65810759,
axes2,PI ideal,1527,1526,26.65810759,
axes2,PI ideal,1528,1527,26.65810759,
axes2,PI ideal,1529,1528,26.65810759,
axes2,PI ideal,1530,1529,26.65810759,
axes2,PI ideal,1531,1530,26.65810759,
axes2,PI ideal,1532,1531,26.65810759,
axes2,PI ideal,1533,1532,26.65810759,
axes2,PI ideal,1534,1533,26.65810759,
axes2,PI ideal,1535,1534,26.65810759,
axes2,PI ideal,1536,1535,26.65810759,
axes2,PI ideal,1537,1536,26.6581076,
axes2,PI ideal,1538,1537,26.6581076,
axes2,PI ideal,1539,1538,26.6581076,
axes2,PI ideal,1540,1539,26.6581076,
axes2,PI ideal,1541,1540,26.6581076,
axes2,PI ideal,1542,1541,26.6581076,
axes2,PI ideal,1543,1542,26.6581076,
axes2,PI ideal,1544,1543,26.6581076,
axes2,PI ideal,1545,1544,26.6581076,
axes2,PI ideal,1546,1545,26.6581076,
axes2,PI ideal,1547,1546,26.6581076,
axes2,PI ideal,1548,1547,26.6581076,
axes2,PI ideal,1549,1548,26.6581076,
axes2,PI ideal,1550,1549,26.6581076,
axes2,PI ideal,1551,1550,26.6581076,
axes2,PI ideal,1552,1551,26.6581076,
axes2,PI ideal,1553,1552,26.6581076,
axes2,PI ideal,1554,1553,26.6581076,
axes2,PI ideal,1555,1554,26.6581076,
axes2,PI ideal,1556,1555,26.6581076,
axes2,PI ideal,1557,1556,26.6581076,
axes2,PI ideal,1558,1557,26.6581076,
axes2,PI ideal,1559,1558,26.6581076,
axes2,PI ideal,1560,1559,26.6581076,
axes2,PI ideal,1561,1560,26.6581076,
axes2,PI ideal,1562,1561,26.6581076,
axes2,PI ideal,1563,1562,26.6581076,
axes2,PI ideal,1564,1563,26.6581076,
axes2,PI ideal,1565,1564,26.6581076,
axes2,PI ideal,1566,1565,26.6581076,
axes2,PI ideal,1567,1566,26.6581076,
axes2,PI ideal,1568,1567,26.6581076,
axes2,PI ideal,1569,1568,26.6581076,
axes2,PI ideal,1570,1569,26.6581076,
axes2,PI ideal,1571,1570,26.6581076,
axes2,PI ideal,1572,1571,26.6581076,
axes2,PI ideal,1573,1572,26.6581076,
axes2,PI ideal,1574,1573,26.6581076,
axes2,PI ideal,1575,1574,26.6581076,
axes2,PI ideal,1576,1575,26.6581076,
axes2,PI ideal,1577,1576,26.6581076,
axes2,PI ideal,1578,1577,26.6581076,
axes2,PI ideal,1579,1578,26.6581076,
axes2,PI ideal,1580,1579,26.6581076,
axes2,PI ideal,1581,1580,26.6581076,
axes2,PI ideal,1582,1581,26.6581076,
axes2,PI ideal,1583,1582,26.6581076,
axes2,PI ideal,1584,1583,26.6581076,
axes2,PI ideal,1585,1584,26.6581076,
axes2,PI ideal,1586,1585,26.6581076,
axes2,PI ideal,1587,1586,26.6581076,
axes2,PI ideal,1588,1587,26.6581076,
axes2,PI ideal,1589,1588,26.65810761,
axes2,PI ideal,1590,1589,26.65810761,
axes2,PI ideal,1591,1590,26.65810761,
axes2,PI ideal,1592,1591,26.65810761,
axes2,PI ideal,1593,1592,26.65810761,
axes2,PI ideal,1594,1593,26.65810761,
axes2,PI ideal,1595,1594,26.65810761,
axes2,PI ideal,1596,1595,26.65810761,
axes2,PI ideal,1597,1596,26.65810761,
axes2,PI ideal,1598,1597,26.65810761,
axes2,PI ideal,1599,1598,26.65810761,
axes2,PI ideal,1600,1599,26.65810761,
axes2,PI ideal,1601,1600,26.65810761,
axes2,PI ideal,1602,1601,26.65810761,
axes2,PI ideal,1603,1602,26.65810761,
axes2,PI ideal,1604,1603,26.65810761,
axes2,PI ideal,1605,1604,26.65810761,
axes2,PI ideal,1606,1605,26.65810761,
axes2,PI ideal,1607,1606,26.65810761,
axes2,PI ideal,1608,1607,26.65810761,
axes2,PI ideal,1609,1608,26.65810761,
axes2,PI ideal,1610,1609,26.65810761,
axes2,PI ideal,1611,1610,26.65810761,
axes2,PI ideal,1612,1611,26.65810761,
axes2,PI ideal,1613,1612,26.65810761,
axes2,PI ideal,1614,1613,26.65810761,
axes2,PI ideal,1615,1614,26.65810761,
axes2,PI ideal,1616,1615,26.65810761,
axes2,PI ideal,1617,1616,26.65810761,
axes2,PI ideal,1618,1617,26.65810761,
axes2,PI ideal,1619,1618,26.65810761,
axes2,PI ideal,1620,1619,26.65810761,
axes2,PI ideal,1621,1620,26.65810761,
axes2,PI ideal,1622,1621,26.65810761,
axes2,PI ideal,1623,1622,26.65810761,
axes2,PI ideal,1624,1623,26.65810761,
axes2,PI ideal,1625,1624,26.65810761,
axes2,PI ideal,1626,1625,26.65810761,
axes2,PI ideal,1627,1626,26.65810761,
axes2,PI ideal,1628,1627,26.65810761,
axes2,PI ideal,1629,1628,26.65810761,
axes2,PI ideal,1630,1629,26.65810761,
axes2,PI ideal,1631,1630,26.65810761,
axes2,PI ideal,1632,1631,26.65810761,
axes2,PI ideal,1633,1632,26.65810761,
axes2,PI ideal,1634,1633,26.65810761,
axes2,PI ideal,1635,1634,26.65810761,
axes2,PI ideal,1636,1635,26.65810761,
axes2,PI ideal,1637,1636,26.65810761,
axes2,PI ideal,1638,1637,26.65810761,
axes2,PI ideal,1639,1638,26.65810761,
axes2,PI ideal,1640,1639,26.65810761,
axes2,PI ideal,1641,1640,26.65810761,
axes2,PI ideal,1642,1641,26.65810761,
axes2,PI ideal,1643,1642,26.65810761,
axes2,PI ideal,1644,1643,26.65810761,
axes2,PI ideal,1645,1644,26.65810761,
axes2,PI ideal,1646,1645,26.65810761,
axes2,PI ideal,1647,1646,26.65810761,
axes2,PI ideal,1648,1647,26.65810761,
axes2,PI ideal,1649,1648,26.65810761,
axes2,PI ideal,1650,1649,26.65810761,
axes2,PI ideal,1651,1650,26.65810761,
axes2,PI ideal,1652,1651,26.65810761,
axes2,PI ideal,1653,1652,26.65810761,
axes2,PI ideal,1654,1653,26.65810761,
axes2,PI ideal,1655,1654,26.65810761,
axes2,PI ideal,1656,1655,26.65810761,
axes2,PI ideal,1657,1656,26.65810761,
axes2,PI ideal,1658,1657,26.65810761,
axes2,PI ideal,1659,1658,26.65810761,
axes2,PI ideal,1660,1659,26.65810762,
axes2,PI ideal,1661,1660,26.65810762,
axes2,PI ideal,1662,1661,26.65810762,
axes2,PI ideal,1663,1662,26.65810762,
axes2,PI ideal,1664,1663,26.65810762,
axes2,PI ideal,1665,1664,26.65810762,
axes2,PI ideal,1666,1665,26.65810762,
axes2,PI ideal,1667,1666,26.65810762,
axes2,PI ideal,1668,1667,26.65810762,
axes2,PI ideal,1669,1668,26.65810762,
axes2,PI ideal,1670,1669,26.65810762,
axes2,PI ideal,1671,1670,26.65810762,
axes2,PI ideal,1672,1671,26.65810762,
axes2,PI ideal,1673,1672,26.65810762,
axes2,PI ideal,1674,1673,26.65810762,
axes2,PI ideal,1675,1674,26.65810762,
axes2,PI ideal,1676,1675,26.65810762,
axes2,PI ideal,1677,1676,26.65810762,
axes2,PI ideal,1678,1677,26.65810762,
axes2,PI ideal,1679,1678,26.65810762,
axes2,PI ideal,1680,1679,26.65810762,
axes2,PI ideal,1681,1680,26.65810762,
axes2,PI ideal,1682,1681,26.65810762,
axes2,PI ideal,1683,1682,26.65810762,
axes2,PI ideal,1684,1683,26.65810762,
axes2,PI ideal,1685,1684,26.65810762,
axes2,PI ideal,1686,1685,26.65810762,
axes2,PI ideal,1687,1686,26.65810762,
axes2,PI ideal,1688,1687,26.65810762,
axes2,PI ideal,1689,1688,26.65810762,
axes2,PI ideal,1690,1689,26.65810762,
axes2,PI ideal,1691,1690,26.65810762,
axes2,PI ideal,1692,1691,26.65810762,
axes2,PI ideal,1693,1692,26.65810762,
axes2,PI ideal,1694,1693,26.65810762,
axes2,PI ideal,1695,1694,26.65810762,
axes2,PI ideal,1696,1695,26.65810762,
axes2,PI ideal,1697,1696,26.65810762,
axes2,PI ideal,1698,1697,26.65810762,
axes2,PI ideal,1699,1698,26.65810762,
axes2,PI ideal,1700,1699,26.65810762,
axes2,PI ideal,1701,1700,26.65810762,
axes2,PI ideal,1702,1701,26.65810762,
axes2,PI ideal,1703,1702,26.65810762,
axes2,PI ideal,1704,1703,26.65810762,
axes2,PI ideal,1705,1704,26.65810762,
axes2,PI ideal,1706,1705,26.65810762,
axes2,PI ideal,1707,1706,26.65810762,
axes2,PI ideal,1708,1707,26.65810762,
axes2,PI ideal,1709,1708,26.65810762,
axes2,PI ideal,1710,1709,26.65810762,
axes2,PI ideal,1711,1710,26.65810762,
axes2,PI ideal,1712,1711,26.65810762,
axes2,PI ideal,1713,1712,26.65810762,
axes2,PI ideal,1714,1713,26.65810762,
axes2,PI ideal,1715,1714,26.65810762,
axes2,PI ideal,1716,1715,26.65810762,
axes2,PI ideal,1717,1716,26.65810762,
axes2,PI ideal,1718,1717,26.65810762,
axes2,PI ideal,1719,1718,26.65810762,
axes2,PI ideal,1720,1719,26.65810762,
axes2,PI ideal,1721,1720,26.65810762,
axes2,PI ideal,1722,1721,26.65810762,
axes2,PI ideal,1723,1722,26.65810762,
axes2,PI ideal,1724,1723,26.65810762,
axes2,PI ideal,1725,1724,26.65810762,
axes2,PI ideal,1726,1725,26.65810762,
axes2,PI ideal,1727,1726,26.65810762,
axes2,PI ideal,1728,1727,26.65810762,
axes2,PI ideal,1729,1728,26.65810762,
axes2,PI ideal,1730,1729,26.65810762,
axes2,PI ideal,1731,1730,26.65810762,
axes2,PI ideal,1732,1731,26.65810762,
axes2,PI ideal,1733,1732,26.65810762,
axes2,PI ideal,1734,1733,26.65810762,
axes2,PI ideal,1735,1734,26.65810762,
axes2,PI ideal,1736,1735,26.65810762,
axes2,PI ideal,1737,1736,26.65810762,
axes2,PI ideal,1738,1737,26.65810762,
axes2,PI ideal,1739,1738,26.65810762,
axes2,PI ideal,1740,1739,26.65810762,
axes2,PI ideal,1741,1740,26.65810762,
axes2,PI ideal,1742,1741,26.65810762,
axes2,PI ideal,1743,1742,26.65810762,
axes2,PI ideal,1744,1743,26.65810762,
axes2,PI ideal,1745,1744,26.65810762,
axes2,PI ideal,1746,1745,26.65810762,
axes2,PI ideal,1747,1746,26.65810762,
axes2,PI ideal,1748,1747,26.65810762,
axes2,PI ideal,1749,1748,26.65810762,
axes2,PI ideal,1750,1749,26.65810762,
axes2,PI ideal,1751,1750,26.65810762,
axes2,PI ideal,1752,1751,26.65810762,
axes2,PI ideal,1753,1752,26.65810762,
axes2,PI ideal,1754,1753,26.65810762,
axes2,PI ideal,1755,1754,26.65810762,
axes2,PI ideal,1756,1755,26.65810762,
axes2,PI ideal,1757,1756,26.65810762,
axes2,PI ideal,1758,1757,26.65810762,
axes2,PI ideal,1759,1758,26.65810762,
axes2,PI ideal,1760,1759,26.65810762,
axes2,PI ideal,1761,1760,26.65810762,
axes2,PI ideal,1762,1761,26.65810762,
axes2,PI ideal,1763,1762,26.65810762,
axes2,PI ideal,1764,1763,26.65810762,
axes2,PI ideal,1765,1764,26.65810762,
axes2,PI ideal,1766,1765,26.65810762,
axes2,PI ideal,1767,1766,26.65810762,
axes2,PI ideal,1768,1767,26.65810762,
axes2,PI ideal,1769,1768,26.65810762,
axes2,PI ideal,1770,1769,26.65810762,
axes2,PI ideal,1771,1770,26.65810762,
axes2,PI ideal,1772,1771,26.65810762,
axes2,PI ideal,1773,1772,26.65810762,
axes2,PI ideal,1774,1773,26.65810763,
axes2,PI ideal,1775,1774,26.65810763,
axes2,PI ideal,1776,1775,26.65810763,
axes2,PI ideal,1777,1776,26.65810763,
axes2,PI ideal,1778,1777,26.65810763,
axes2,PI ideal,1779,1778,26.65810763,
axes2,PI ideal,1780,1779,26.65810763,
axes2,PI ideal,1781,1780,26.65810763,
axes2,PI ideal,1782,1781,26.65810763,
axes2,PI ideal,1783,1782,26.65810763,
axes2,PI ideal,1784,1783,26.65810763,
axes2,PI ideal,1785,1784,26.65810763,
axes2,PI ideal,1786,1785,26.65810763,
axes2,PI ideal,1787,1786,26.65810763,
axes2,PI ideal,1788,1787,26.65810763,
axes2,PI ideal,1789,1788,26.65810763,
axes2,PI ideal,1790,1789,26.65810763,
axes2,PI ideal,1791,1790,26.65810763,
axes2,PI ideal,1792,1791,26.65810763,
axes2,PI ideal,1793,1792,26.65810763,
axes2,PI ideal,1794,1793,26.65810763,
axes2,PI ideal,1795,1794,26.65810763,
axes2,PI ideal,1796,1795,26.65810763,
axes2,PI ideal,1797,1796,26.65810763,
axes2,PI ideal,1798,1797,26.65810763,
axes2,PI ideal,1799,1798,26.65810763,
axes2,PI ideal,1800,1799,26.65810763,
axes2,PI ideal,1801,1800,26.65810763,
axes3,Saturación con AW,1,0,0,
axes3,Saturación con AW,2,1,0.4231445657,
axes3,Saturación con AW,3,2,0.8462891313,
axes3,Saturación con AW,4,3,1.269433697,
axes3,Saturación con AW,5,4,1.692578263,
axes3,Saturación con AW,6,5,2.115722828,
axes3,Saturación con AW,7,6,2.538867394,
axes3,Saturación con AW,8,7,2.96201196,
axes3,Saturación con AW,9,8,3.385156525,
axes3,Saturación con AW,10,9,3.808301091,
axes3,Saturación con AW,11,10,4.231445657,
axes3,Saturación con AW,12,11,4.654590222,
axes3,Saturación con AW,13,12,5.077734788,
axes3,Saturación con AW,14,13,5.500879354,
axes3,Saturación con AW,15,14,5.924023919,
axes3,Saturación con AW,16,15,6.347168485,
axes3,Saturación con AW,17,16,6.770313051,
axes3,Saturación con AW,18,17,7.193457616,
axes3,Saturación con AW,19,18,7.616602182,
axes3,Saturación con AW,20,19,8.039746748,
axes3,Saturación con AW,21,20,8.462891313,
axes3,Saturación con AW,22,21,8.886035879,
axes3,Saturación con AW,23,22,9.309180445,
axes3,Saturación con AW,24,23,9.72562614,
axes3,Saturación con AW,25,24,10.13537287,
axes3,Saturación con AW,26,25,10.53842055,
axes3,Saturación con AW,27,26,10.93476907,
axes3,Saturación con AW,28,27,11.32441836,
axes3,Saturación con AW,29,28,11.70736831,
axes3,Saturación con AW,30,29,12.08361884,
axes3,Saturación con AW,31,30,12.45316986,
axes3,Saturación con AW,32,31,12.81602127,
axes3,Saturación con AW,33,32,13.17217299,
axes3,Saturación con AW,34,33,13.52162493,
axes3,Saturación con AW,35,34,13.864377,
axes3,Saturación con AW,36,35,14.20042912,
axes3,Saturación con AW,37,36,14.52978118,
axes3,Saturación con AW,38,37,14.85243311,
axes3,Saturación con AW,39,38,15.16838483,
axes3,Saturación con AW,40,39,15.47763623,
axes3,Saturación con AW,41,40,15.78018725,
axes3,Saturación con AW,42,41,16.07603779,
axes3,Saturación con AW,43,42,16.36518776,
axes3,Saturación con AW,44,43,16.64763709,
axes3,Saturación con AW,45,44,16.9233857,
axes3,Saturación con AW,46,45,17.19253953,
axes3,Saturación con AW,47,46,17.45520458,
axes3,Saturación con AW,48,47,17.71148681,
axes3,Saturación con AW,49,48,17.9614922,
axes3,Saturación con AW,50,49,18.20532673,
axes3,Saturación con AW,51,50,18.44309638,
axes3,Saturación con AW,52,51,18.67490715,
axes3,Saturación con AW,53,52,18.90086501,
axes3,Saturación con AW,54,53,19.12107598,
axes3,Saturación con AW,55,54,19.33564604,
axes3,Saturación con AW,56,55,19.5446812,
axes3,Saturación con AW,57,56,19.74828745,
axes3,Saturación con AW,58,57,19.94657081,
axes3,Saturación con AW,59,58,20.13963729,
axes3,Saturación con AW,60,59,20.3275929,
axes3,Saturación con AW,61,60,20.51054365,
axes3,Saturación con AW,62,61,20.68859556,
axes3,Saturación con AW,63,62,20.86185467,
axes3,Saturación con AW,64,63,21.03042699,
axes3,Saturación con AW,65,64,21.19441855,
axes3,Saturación con AW,66,65,21.35393539,
axes3,Saturación con AW,67,66,21.50908353,
axes3,Saturación con AW,68,67,21.65996735,
axes3,Saturación con AW,69,68,21.80668952,
axes3,Saturación con AW,70,69,21.94935104,
axes3,Saturación con AW,71,70,22.08805126,
axes3,Saturación con AW,72,71,22.22288782,
axes3,Saturación con AW,73,72,22.35395671,
axes3,Saturación con AW,74,73,22.48135222,
axes3,Saturación con AW,75,74,22.60516699,
axes3,Saturación con AW,76,75,22.72549195,
axes3,Saturación con AW,77,76,22.84241639,
axes3,Saturación con AW,78,77,22.9560279,
axes3,Saturación con AW,79,78,23.0664124,
axes3,Saturación con AW,80,79,23.17365412,
axes3,Saturación con AW,81,80,23.27783564,
axes3,Saturación con AW,82,81,23.37903785,
axes3,Saturación con AW,83,82,23.47733995,
axes3,Saturación con AW,84,83,23.57281948,
axes3,Saturación con AW,85,84,23.66555229,
axes3,Saturación con AW,86,85,23.75561257,
axes3,Saturación con AW,87,86,23.84307281,
axes3,Saturación con AW,88,87,23.92800385,
axes3,Saturación con AW,89,88,24.01047482,
axes3,Saturación con AW,90,89,24.09055322,
axes3,Saturación con AW,91,90,24.16830493,
axes3,Saturación con AW,92,91,24.24379422,
axes3,Saturación con AW,93,92,24.31708378,
axes3,Saturación con AW,94,93,24.38823477,
axes3,Saturación con AW,95,94,24.45730684,
axes3,Saturación con AW,96,95,24.52435813,
axes3,Saturación con AW,97,96,24.58944531,
axes3,Saturación con AW,98,97,24.65262363,
axes3,Saturación con AW,99,98,24.71394692,
axes3,Saturación con AW,100,99,24.77346762,
axes3,Saturación con AW,101,100,24.83123682,
axes3,Saturación con AW,102,101,24.88730426,
axes3,Saturación con AW,103,102,24.94171838,
axes3,Saturación con AW,104,103,24.99452636,
axes3,Saturación con AW,105,104,25.0457741,
axes3,Saturación con AW,106,105,25.09550629,
axes3,Saturación con AW,107,106,25.14376641,
axes3,Saturación con AW,108,107,25.19059677,
axes3,Saturación con AW,109,108,25.23603854,
axes3,Saturación con AW,110,109,25.28013175,
axes3,Saturación con AW,111,110,25.32291535,
axes3,Saturación con AW,112,111,25.36442723,
axes3,Saturación con AW,113,112,25.40470421,
axes3,Saturación con AW,114,113,25.44378213,
axes3,Saturación con AW,115,114,25.48169582,
axes3,Saturación con AW,116,115,25.51847912,
axes3,Saturación con AW,117,116,25.55416496,
axes3,Saturación con AW,118,117,25.58878533,
axes3,Saturación con AW,119,118,25.62237134,
axes3,Saturación con AW,120,119,25.65495322,
axes3,Saturación con AW,121,120,25.68656033,
axes3,Saturación con AW,122,121,25.71722121,
axes3,Saturación con AW,123,122,25.74696362,
axes3,Saturación con AW,124,123,25.77581449,
axes3,Saturación con AW,125,124,25.8038,
axes3,Saturación con AW,126,125,25.8309456,
axes3,Saturación con AW,127,126,25.85727599,
axes3,Saturación con AW,128,127,25.88281518,
axes3,Saturación con AW,129,128,25.90758647,
axes3,Saturación con AW,130,129,25.93161252,
axes3,Saturación con AW,131,130,25.95491531,
axes3,Saturación con AW,132,131,25.97751621,
axes3,Saturación con AW,133,132,25.99943596,
axes3,Saturación con AW,134,133,26.0206947,
axes3,Saturación con AW,135,134,26.04131199,
axes3,Saturación con AW,136,135,26.06130683,
axes3,Saturación con AW,137,136,26.08069766,
axes3,Saturación con AW,138,137,26.09950239,
axes3,Saturación con AW,139,138,26.11773839,
axes3,Saturación con AW,140,139,26.13542256,
axes3,Saturación con AW,141,140,26.15257128,
axes3,Saturación con AW,142,141,26.16920046,
axes3,Saturación con AW,143,142,26.18532554,
axes3,Saturación con AW,144,143,26.20096151,
axes3,Saturación con AW,145,144,26.21612294,
axes3,Saturación con AW,146,145,26.23082394,
axes3,Saturación con AW,147,146,26.24507822,
axes3,Saturación con AW,148,147,26.25889911,
axes3,Saturación con AW,149,148,26.27229951,
axes3,Saturación con AW,150,149,26.28529196,
axes3,Saturación con AW,151,150,26.29788864,
axes3,Saturación con AW,152,151,26.31010136,
axes3,Saturación con AW,153,152,26.32194159,
axes3,Saturación con AW,154,153,26.33342043,
axes3,Saturación con AW,155,154,26.34454871,
axes3,Saturación con AW,156,155,26.35533688,
axes3,Saturación con AW,157,156,26.36579513,
axes3,Saturación con AW,158,157,26.37593331,
axes3,Saturación con AW,159,158,26.38576102,
axes3,Saturación con AW,160,159,26.39528753,
axes3,Saturación con AW,161,160,26.40452186,
axes3,Saturación con AW,162,161,26.41347278,
axes3,Saturación con AW,163,162,26.42214876,
axes3,Saturación con AW,164,163,26.43055805,
axes3,Saturación con AW,165,164,26.43870865,
axes3,Saturación con AW,166,165,26.4466083,
axes3,Saturación con AW,167,166,26.45426454,
axes3,Saturación con AW,168,167,26.46168467,
axes3,Saturación con AW,169,168,26.46887578,
axes3,Saturación con AW,170,169,26.47584474,
axes3,Saturación con AW,171,170,26.48259823,
axes3,Saturación con AW,172,171,26.48914271,
axes3,Saturación con AW,173,172,26.49548447,
axes3,Saturación con AW,174,173,26.5016296,
axes3,Saturación con AW,175,174,26.50758402,
axes3,Saturación con AW,176,175,26.51335345,
axes3,Saturación con AW,177,176,26.51894346,
axes3,Saturación con AW,178,177,26.52435946,
axes3,Saturación con AW,179,178,26.52960667,
axes3,Saturación con AW,180,179,26.53469019,
axes3,Saturación con AW,181,180,26.53961494,
axes3,Saturación con AW,182,181,26.5443857,
axes3,Saturación con AW,183,182,26.54900711,
axes3,Saturación con AW,184,183,26.55348368,
axes3,Saturación con AW,185,184,26.55781977,
axes3,Saturación con AW,186,185,26.56201962,
axes3,Saturación con AW,187,186,26.56608734,
axes3,Saturación con AW,188,187,26.57002691,
axes3,Saturación con AW,189,188,26.57384221,
axes3,Saturación con AW,190,189,26.57753698,
axes3,Saturación con AW,191,190,26.58111488,
axes3,Saturación con AW,192,191,26.58457942,
axes3,Saturación con AW,193,192,26.58793403,
axes3,Saturación con AW,194,193,26.59118204,
axes3,Saturación con AW,195,194,26.59432667,
axes3,Saturación con AW,196,195,26.59737104,
axes3,Saturación con AW,197,196,26.6003182,
axes3,Saturación con AW,198,197,26.60317108,
axes3,Saturación con AW,199,198,26.60593254,
axes3,Saturación con AW,200,199,26.60860535,
axes3,Saturación con AW,201,200,26.61119219,
axes3,Saturación con AW,202,201,26.61369567,
axes3,Saturación con AW,203,202,26.61611832,
axes3,Saturación con AW,204,203,26.61846258,
axes3,Saturación con AW,205,204,26.62073084,
axes3,Saturación con AW,206,205,26.62292541,
axes3,Saturación con AW,207,206,26.62504852,
axes3,Saturación con AW,208,207,26.62710234,
axes3,Saturación con AW,209,208,26.62908897,
axes3,Saturación con AW,210,209,26.63101047,
axes3,Saturación con AW,211,210,26.63286881,
axes3,Saturación con AW,212,211,26.63466592,
axes3,Saturación con AW,213,212,26.63640365,
axes3,Saturación con AW,214,213,26.63808382,
axes3,Saturación con AW,215,214,26.63970817,
axes3,Saturación con AW,216,215,26.64127842,
axes3,Saturación con AW,217,216,26.64279621,
axes3,Saturación con AW,218,217,26.64426314,
axes3,Saturación con AW,219,218,26.64568076,
axes3,Saturación con AW,220,219,26.64705058,
axes3,Saturación con AW,221,220,26.64837406,
axes3,Saturación con AW,222,221,26.64965262,
axes3,Saturación con AW,223,222,26.65088763,
axes3,Saturación con AW,224,223,26.65208042,
axes3,Saturación con AW,225,224,26.65323229,
axes3,Saturación con AW,226,225,26.65434449,
axes3,Saturación con AW,227,226,26.65541823,
axes3,Saturación con AW,228,227,26.6564547,
axes3,Saturación con AW,229,228,26.65745505,
axes3,Saturación con AW,230,229,26.65842037,
axes3,Saturación con AW,231,230,26.65935174,
axes3,Saturación con AW,232,231,26.66025022,
axes3,Saturación con AW,233,232,26.66111681,
axes3,Saturación con AW,234,233,26.6619525,
axes3,Saturación con AW,235,234,26.66275823,
axes3,Saturación con AW,236,235,26.66353493,
axes3,Saturación con AW,237,236,26.6642835,
axes3,Saturación con AW,238,237,26.66500481,
axes3,Saturación con AW,239,238,26.66569969,
axes3,Saturación con AW,240,239,26.66636897,
axes3,Saturación con AW,241,240,26.66701344,
axes3,Saturación con AW,242,241,26.66763386,
axes3,Saturación con AW,243,242,26.66823099,
axes3,Saturación con AW,244,243,26.66880555,
axes3,Saturación con AW,245,244,26.66935824,
axes3,Saturación con AW,246,245,26.66988973,
axes3,Saturación con AW,247,246,26.67040069,
axes3,Saturación con AW,248,247,26.67089176,
axes3,Saturación con AW,249,248,26.67136356,
axes3,Saturación con AW,250,249,26.67181669,
axes3,Saturación con AW,251,250,26.67225173,
axes3,Saturación con AW,252,251,26.67266926,
axes3,Saturación con AW,253,252,26.67306981,
axes3,Saturación con AW,254,253,26.67345392,
axes3,Saturación con AW,255,254,26.67382212,
axes3,Saturación con AW,256,255,26.67417489,
axes3,Saturación con AW,257,256,26.67451272,
axes3,Saturación con AW,258,257,26.67483609,
axes3,Saturación con AW,259,258,26.67514545,
axes3,Saturación con AW,260,259,26.67544125,
axes3,Saturación con AW,261,260,26.67572391,
axes3,Saturación con AW,262,261,26.67599385,
axes3,Saturación con AW,263,262,26.67625147,
axes3,Saturación con AW,264,263,26.67649717,
axes3,Saturación con AW,265,264,26.67673133,
axes3,Saturación con AW,266,265,26.67695431,
axes3,Saturación con AW,267,266,26.67716647,
axes3,Saturación con AW,268,267,26.67736815,
axes3,Saturación con AW,269,268,26.6775597,
axes3,Saturación con AW,270,269,26.67774144,
axes3,Saturación con AW,271,270,26.67791368,
axes3,Saturación con AW,272,271,26.67807673,
axes3,Saturación con AW,273,272,26.67823089,
axes3,Saturación con AW,274,273,26.67837645,
axes3,Saturación con AW,275,274,26.67851368,
axes3,Saturación con AW,276,275,26.67864285,
axes3,Saturación con AW,277,276,26.67876423,
axes3,Saturación con AW,278,277,26.67887807,
axes3,Saturación con AW,279,278,26.67898462,
axes3,Saturación con AW,280,279,26.67908412,
axes3,Saturación con AW,281,280,26.67917679,
axes3,Saturación con AW,282,281,26.67926287,
axes3,Saturación con AW,283,282,26.67934258,
axes3,Saturación con AW,284,283,26.67941611,
axes3,Saturación con AW,285,284,26.67948369,
axes3,Saturación con AW,286,285,26.6795455,
axes3,Saturación con AW,287,286,26.67960174,
axes3,Saturación con AW,288,287,26.67965259,
axes3,Saturación con AW,289,288,26.67969824,
axes3,Saturación con AW,290,289,26.67973887,
axes3,Saturación con AW,291,290,26.67977464,
axes3,Saturación con AW,292,291,26.67980571,
axes3,Saturación con AW,293,292,26.67983226,
axes3,Saturación con AW,294,293,26.67985442,
axes3,Saturación con AW,295,294,26.67987236,
axes3,Saturación con AW,296,295,26.67988622,
axes3,Saturación con AW,297,296,26.67989613,
axes3,Saturación con AW,298,297,26.67990225,
axes3,Saturación con AW,299,298,26.67990469,
axes3,Saturación con AW,300,299,26.67990359,
axes3,Saturación con AW,301,300,26.67989907,
axes3,Saturación con AW,302,301,26.67989125,
axes3,Saturación con AW,303,302,26.67988025,
axes3,Saturación con AW,304,303,26.67986619,
axes3,Saturación con AW,305,304,26.67984916,
axes3,Saturación con AW,306,305,26.67982929,
axes3,Saturación con AW,307,306,26.67980667,
axes3,Saturación con AW,308,307,26.67978141,
axes3,Saturación con AW,309,308,26.67975359,
axes3,Saturación con AW,310,309,26.67972332,
axes3,Saturación con AW,311,310,26.67969068,
axes3,Saturación con AW,312,311,26.67965577,
axes3,Saturación con AW,313,312,26.67961866,
axes3,Saturación con AW,314,313,26.67957945,
axes3,Saturación con AW,315,314,26.6795382,
axes3,Saturación con AW,316,315,26.67949501,
axes3,Saturación con AW,317,316,26.67944994,
axes3,Saturación con AW,318,317,26.67940307,
axes3,Saturación con AW,319,318,26.67935447,
axes3,Saturación con AW,320,319,26.67930421,
axes3,Saturación con AW,321,320,26.67925234,
axes3,Saturación con AW,322,321,26.67919895,
axes3,Saturación con AW,323,322,26.67914409,
axes3,Saturación con AW,324,323,26.67908781,
axes3,Saturación con AW,325,324,26.67903019,
axes3,Saturación con AW,326,325,26.67897127,
axes3,Saturación con AW,327,326,26.67891111,
axes3,Saturación con AW,328,327,26.67884977,
axes3,Saturación con AW,329,328,26.67878729,
axes3,Saturación con AW,330,329,26.67872372,
axes3,Saturación con AW,331,330,26.67865912,
axes3,Saturación con AW,332,331,26.67859352,
axes3,Saturación con AW,333,332,26.67852698,
axes3,Saturación con AW,334,333,26.67845954,
axes3,Saturación con AW,335,334,26.67839124,
axes3,Saturación con AW,336,335,26.67832212,
axes3,Saturación con AW,337,336,26.67825222,
axes3,Saturación con AW,338,337,26.67818158,
axes3,Saturación con AW,339,338,26.67811024,
axes3,Saturación con AW,340,339,26.67803823,
axes3,Saturación con AW,341,340,26.67796559,
axes3,Saturación con AW,342,341,26.67789235,
axes3,Saturación con AW,343,342,26.67781855,
axes3,Saturación con AW,344,343,26.67774421,
axes3,Saturación con AW,345,344,26.67766936,
axes3,Saturación con AW,346,345,26.67759405,
axes3,Saturación con AW,347,346,26.67751829,
axes3,Saturación con AW,348,347,26.6774421,
axes3,Saturación con AW,349,348,26.67736553,
axes3,Saturación con AW,350,349,26.6772886,
axes3,Saturación con AW,351,350,26.67721132,
axes3,Saturación con AW,352,351,26.67713373,
axes3,Saturación con AW,353,352,26.67705584,
axes3,Saturación con AW,354,353,26.67697769,
axes3,Saturación con AW,355,354,26.67689928,
axes3,Saturación con AW,356,355,26.67682065,
axes3,Saturación con AW,357,356,26.67674181,
axes3,Saturación con AW,358,357,26.67666279,
axes3,Saturación con AW,359,358,26.6765836,
axes3,Saturación con AW,360,359,26.67650426,
axes3,Saturación con AW,361,360,26.67642479,
axes3,Saturación con AW,362,361,26.6763452,
axes3,Saturación con AW,363,362,26.67626552,
axes3,Saturación con AW,364,363,26.67618575,
axes3,Saturación con AW,365,364,26.67610592,
axes3,Saturación con AW,366,365,26.67602604,
axes3,Saturación con AW,367,366,26.67594612,
axes3,Saturación con AW,368,367,26.67586618,
axes3,Saturación con AW,369,368,26.67578623,
axes3,Saturación con AW,370,369,26.67570628,
axes3,Saturación con AW,371,370,26.67562635,
axes3,Saturación con AW,372,371,26.67554645,
axes3,Saturación con AW,373,372,26.67546659,
axes3,Saturación con AW,374,373,26.67538678,
axes3,Saturación con AW,375,374,26.67530703,
axes3,Saturación con AW,376,375,26.67522735,
axes3,Saturación con AW,377,376,26.67514776,
axes3,Saturación con AW,378,377,26.67506826,
axes3,Saturación con AW,379,378,26.67498887,
axes3,Saturación con AW,380,379,26.67490958,
axes3,Saturación con AW,381,380,26.67483041,
axes3,Saturación con AW,382,381,26.67475137,
axes3,Saturación con AW,383,382,26.67467247,
axes3,Saturación con AW,384,383,26.67459371,
axes3,Saturación con AW,385,384,26.6745151,
axes3,Saturación con AW,386,385,26.67443665,
axes3,Saturación con AW,387,386,26.67435837,
axes3,Saturación con AW,388,387,26.67428026,
axes3,Saturación con AW,389,388,26.67420232,
axes3,Saturación con AW,390,389,26.67412457,
axes3,Saturación con AW,391,390,26.67404701,
axes3,Saturación con AW,392,391,26.67396965,
axes3,Saturación con AW,393,392,26.67389249,
axes3,Saturación con AW,394,393,26.67381553,
axes3,Saturación con AW,395,394,26.67373878,
axes3,Saturación con AW,396,395,26.67366225,
axes3,Saturación con AW,397,396,26.67358595,
axes3,Saturación con AW,398,397,26.67350986,
axes3,Saturación con AW,399,398,26.67343401,
axes3,Saturación con AW,400,399,26.67335839,
axes3,Saturación con AW,401,400,26.673283,
axes3,Saturación con AW,402,401,26.67320786,
axes3,Saturación con AW,403,402,26.67313296,
axes3,Saturación con AW,404,403,26.67305831,
axes3,Saturación con AW,405,404,26.6729839,
axes3,Saturación con AW,406,405,26.67290976,
axes3,Saturación con AW,407,406,26.67283586,
axes3,Saturación con AW,408,407,26.67276223,
axes3,Saturación con AW,409,408,26.67268886,
axes3,Saturación con AW,410,409,26.67261575,
axes3,Saturación con AW,411,410,26.67254291,
axes3,Saturación con AW,412,411,26.67247034,
axes3,Saturación con AW,413,412,26.67239804,
axes3,Saturación con AW,414,413,26.67232601,
axes3,Saturación con AW,415,414,26.67225425,
axes3,Saturación con AW,416,415,26.67218278,
axes3,Saturación con AW,417,416,26.67211158,
axes3,Saturación con AW,418,417,26.67204065,
axes3,Saturación con AW,419,418,26.67197001,
axes3,Saturación con AW,420,419,26.67189966,
axes3,Saturación con AW,421,420,26.67182958,
axes3,Saturación con AW,422,421,26.67175979,
axes3,Saturación con AW,423,422,26.67169029,
axes3,Saturación con AW,424,423,26.67162107,
axes3,Saturación con AW,425,424,26.67155214,
axes3,Saturación con AW,426,425,26.6714835,
axes3,Saturación con AW,427,426,26.67141515,
axes3,Saturación con AW,428,427,26.67134708,
axes3,Saturación con AW,429,428,26.67127931,
axes3,Saturación con AW,430,429,26.67121183,
axes3,Saturación con AW,431,430,26.67114464,
axes3,Saturación con AW,432,431,26.67107774,
axes3,Saturación con AW,433,432,26.67101114,
axes3,Saturación con AW,434,433,26.67094483,
axes3,Saturación con AW,435,434,26.67087881,
axes3,Saturación con AW,436,435,26.67081308,
axes3,Saturación con AW,437,436,26.67074765,
axes3,Saturación con AW,438,437,26.6706825,
axes3,Saturación con AW,439,438,26.67061766,
axes3,Saturación con AW,440,439,26.6705531,
axes3,Saturación con AW,441,440,26.67048884,
axes3,Saturación con AW,442,441,26.67042487,
axes3,Saturación con AW,443,442,26.6703612,
axes3,Saturación con AW,444,443,26.67029782,
axes3,Saturación con AW,445,444,26.67023473,
axes3,Saturación con AW,446,445,26.67017193,
axes3,Saturación con AW,447,446,26.67010942,
axes3,Saturación con AW,448,447,26.67004721,
axes3,Saturación con AW,449,448,26.66998529,
axes3,Saturación con AW,450,449,26.66992366,
axes3,Saturación con AW,451,450,26.66986231,
axes3,Saturación con AW,452,451,26.66980126,
axes3,Saturación con AW,453,452,26.6697405,
axes3,Saturación con AW,454,453,26.66968003,
axes3,Saturación con AW,455,454,26.66961984,
axes3,Saturación con AW,456,455,26.66955995,
axes3,Saturación con AW,457,456,26.66950034,
axes3,Saturación con AW,458,457,26.66944101,
axes3,Saturación con AW,459,458,26.66938198,
axes3,Saturación con AW,460,459,26.66932322,
axes3,Saturación con AW,461,460,26.66926475,
axes3,Saturación con AW,462,461,26.66920657,
axes3,Saturación con AW,463,462,26.66914867,
axes3,Saturación con AW,464,463,26.66909105,
axes3,Saturación con AW,465,464,26.66903371,
axes3,Saturación con AW,466,465,26.66897666,
axes3,Saturación con AW,467,466,26.66891988,
axes3,Saturación con AW,468,467,26.66886338,
axes3,Saturación con AW,469,468,26.66880716,
axes3,Saturación con AW,470,469,26.66875122,
axes3,Saturación con AW,471,470,26.66869556,
axes3,Saturación con AW,472,471,26.66864017,
axes3,Saturación con AW,473,472,26.66858505,
axes3,Saturación con AW,474,473,26.66853021,
axes3,Saturación con AW,475,474,26.66847564,
axes3,Saturación con AW,476,475,26.66842134,
axes3,Saturación con AW,477,476,26.66836732,
axes3,Saturación con AW,478,477,26.66831356,
axes3,Saturación con AW,479,478,26.66826008,
axes3,Saturación con AW,480,479,26.66820686,
axes3,Saturación con AW,481,480,26.66815391,
axes3,Saturación con AW,482,481,26.66810122,
axes3,Saturación con AW,483,482,26.66804881,
axes3,Saturación con AW,484,483,26.66799665,
axes3,Saturación con AW,485,484,26.66794476,
axes3,Saturación con AW,486,485,26.66789313,
axes3,Saturación con AW,487,486,26.66784176,
axes3,Saturación con AW,488,487,26.66779065,
axes3,Saturación con AW,489,488,26.6677398,
axes3,Saturación con AW,490,489,26.66768921,
axes3,Saturación con AW,491,490,26.66763888,
axes3,Saturación con AW,492,491,26.6675888,
axes3,Saturación con AW,493,492,26.66753898,
axes3,Saturación con AW,494,493,26.66748941,
axes3,Saturación con AW,495,494,26.66744009,
axes3,Saturación con AW,496,495,26.66739103,
axes3,Saturación con AW,497,496,26.66734221,
axes3,Saturación con AW,498,497,26.66729365,
axes3,Saturación con AW,499,498,26.66724533,
axes3,Saturación con AW,500,499,26.66719726,
axes3,Saturación con AW,501,500,26.66714944,
axes3,Saturación con AW,502,501,26.66710186,
axes3,Saturación con AW,503,502,26.66705453,
axes3,Saturación con AW,504,503,26.66700744,
axes3,Saturación con AW,505,504,26.6669606,
axes3,Saturación con AW,506,505,26.66691399,
axes3,Saturación con AW,507,506,26.66686763,
axes3,Saturación con AW,508,507,26.6668215,
axes3,Saturación con AW,509,508,26.66677561,
axes3,Saturación con AW,510,509,26.66672996,
axes3,Saturación con AW,511,510,26.66668454,
axes3,Saturación con AW,512,511,26.66663936,
axes3,Saturación con AW,513,512,26.66659441,
axes3,Saturación con AW,514,513,26.6665497,
axes3,Saturación con AW,515,514,26.66650521,
axes3,Saturación con AW,516,515,26.66646096,
axes3,Saturación con AW,517,516,26.66641694,
axes3,Saturación con AW,518,517,26.66637314,
axes3,Saturación con AW,519,518,26.66632957,
axes3,Saturación con AW,520,519,26.66628623,
axes3,Saturación con AW,521,520,26.66624311,
axes3,Saturación con AW,522,521,26.66620022,
axes3,Saturación con AW,523,522,26.66615754,
axes3,Saturación con AW,524,523,26.6661151,
axes3,Saturación con AW,525,524,26.66607287,
axes3,Saturación con AW,526,525,26.66603086,
axes3,Saturación con AW,527,526,26.66598907,
axes3,Saturación con AW,528,527,26.66594749,
axes3,Saturación con AW,529,528,26.66590614,
axes3,Saturación con AW,530,529,26.665865,
axes3,Saturación con AW,531,530,26.66582407,
axes3,Saturación con AW,532,531,26.66578336,
axes3,Saturación con AW,533,532,26.66574286,
axes3,Saturación con AW,534,533,26.66570257,
axes3,Saturación con AW,535,534,26.66566249,
axes3,Saturación con AW,536,535,26.66562262,
axes3,Saturación con AW,537,536,26.66558296,
axes3,Saturación con AW,538,537,26.66554351,
axes3,Saturación con AW,539,538,26.66550426,
axes3,Saturación con AW,540,539,26.66546522,
axes3,Saturación con AW,541,540,26.66542638,
axes3,Saturación con AW,542,541,26.66538774,
axes3,Saturación con AW,543,542,26.66534931,
axes3,Saturación con AW,544,543,26.66531108,
axes3,Saturación con AW,545,544,26.66527305,
axes3,Saturación con AW,546,545,26.66523522,
axes3,Saturación con AW,547,546,26.66519758,
axes3,Saturación con AW,548,547,26.66516015,
axes3,Saturación con AW,549,548,26.6651229,
axes3,Saturación con AW,550,549,26.66508586,
axes3,Saturación con AW,551,550,26.66504901,
axes3,Saturación con AW,552,551,26.66501235,
axes3,Saturación con AW,553,552,26.66497588,
axes3,Saturación con AW,554,553,26.66493961,
axes3,Saturación con AW,555,554,26.66490353,
axes3,Saturación con AW,556,555,26.66486763,
axes3,Saturación con AW,557,556,26.66483192,
axes3,Saturación con AW,558,557,26.66479641,
axes3,Saturación con AW,559,558,26.66476107,
axes3,Saturación con AW,560,559,26.66472593,
axes3,Saturación con AW,561,560,26.66469096,
axes3,Saturación con AW,562,561,26.66465619,
axes3,Saturación con AW,563,562,26.66462159,
axes3,Saturación con AW,564,563,26.66458718,
axes3,Saturación con AW,565,564,26.66455294,
axes3,Saturación con AW,566,565,26.66451889,
axes3,Saturación con AW,567,566,26.66448502,
axes3,Saturación con AW,568,567,26.66445132,
axes3,Saturación con AW,569,568,26.6644178,
axes3,Saturación con AW,570,569,26.66438446,
axes3,Saturación con AW,571,570,26.66435129,
axes3,Saturación con AW,572,571,26.6643183,
axes3,Saturación con AW,573,572,26.66428548,
axes3,Saturación con AW,574,573,26.66425284,
axes3,Saturación con AW,575,574,26.66422036,
axes3,Saturación con AW,576,575,26.66418806,
axes3,Saturación con AW,577,576,26.66415593,
axes3,Saturación con AW,578,577,26.66412396,
axes3,Saturación con AW,579,578,26.66409217,
axes3,Saturación con AW,580,579,26.66406054,
axes3,Saturación con AW,581,580,26.66402908,
axes3,Saturación con AW,582,581,26.66399778,
axes3,Saturación con AW,583,582,26.66396665,
axes3,Saturación con AW,584,583,26.66393568,
axes3,Saturación con AW,585,584,26.66390488,
axes3,Saturación con AW,586,585,26.66387424,
axes3,Saturación con AW,587,586,26.66384376,
axes3,Saturación con AW,588,587,26.66381344,
axes3,Saturación con AW,589,588,26.66378328,
axes3,Saturación con AW,590,589,26.66375328,
axes3,Saturación con AW,591,590,26.66372344,
axes3,Saturación con AW,592,591,26.66369375,
axes3,Saturación con AW,593,592,26.66366423,
axes3,Saturación con AW,594,593,26.66363485,
axes3,Saturación con AW,595,594,26.66360563,
axes3,Saturación con AW,596,595,26.66357657,
axes3,Saturación con AW,597,596,26.66354766,
axes3,Saturación con AW,598,597,26.6635189,
axes3,Saturación con AW,599,598,26.6634903,
axes3,Saturación con AW,600,599,26.66346184,
axes3,Saturación con AW,601,600,26.66343354,
axes3,Saturación con AW,602,601,26.66340538,
axes3,Saturación con AW,603,602,26.66337737,
axes3,Saturación con AW,604,603,26.66334951,
axes3,Saturación con AW,605,604,26.6633218,
axes3,Saturación con AW,606,605,26.66329424,
axes3,Saturación con AW,607,606,26.66326681,
axes3,Saturación con AW,608,607,26.66323954,
axes3,Saturación con AW,609,608,26.66321241,
axes3,Saturación con AW,610,609,26.66318542,
axes3,Saturación con AW,611,610,26.66315857,
axes3,Saturación con AW,612,611,26.66313187,
axes3,Saturación con AW,613,612,26.6631053,
axes3,Saturación con AW,614,613,26.66307888,
axes3,Saturación con AW,615,614,26.6630526,
axes3,Saturación con AW,616,615,26.66302645,
axes3,Saturación con AW,617,616,26.66300044,
axes3,Saturación con AW,618,617,26.66297457,
axes3,Saturación con AW,619,618,26.66294884,
axes3,Saturación con AW,620,619,26.66292324,
axes3,Saturación con AW,621,620,26.66289778,
axes3,Saturación con AW,622,621,26.66287245,
axes3,Saturación con AW,623,622,26.66284726,
axes3,Saturación con AW,624,623,26.6628222,
axes3,Saturación con AW,625,624,26.66279727,
axes3,Saturación con AW,626,625,26.66277247,
axes3,Saturación con AW,627,626,26.66274781,
axes3,Saturación con AW,628,627,26.66272327,
axes3,Saturación con AW,629,628,26.66269887,
axes3,Saturación con AW,630,629,26.66267459,
axes3,Saturación con AW,631,630,26.66265044,
axes3,Saturación con AW,632,631,26.66262642,
axes3,Saturación con AW,633,632,26.66260253,
axes3,Saturación con AW,634,633,26.66257876,
axes3,Saturación con AW,635,634,26.66255512,
axes3,Saturación con AW,636,635,26.6625316,
axes3,Saturación con AW,637,636,26.66250821,
axes3,Saturación con AW,638,637,26.66248494,
axes3,Saturación con AW,639,638,26.66246179,
axes3,Saturación con AW,640,639,26.66243876,
axes3,Saturación con AW,641,640,26.66241586,
axes3,Saturación con AW,642,641,26.66239308,
axes3,Saturación con AW,643,642,26.66237042,
axes3,Saturación con AW,644,643,26.66234788,
axes3,Saturación con AW,645,644,26.66232545,
axes3,Saturación con AW,646,645,26.66230315,
axes3,Saturación con AW,647,646,26.66228096,
axes3,Saturación con AW,648,647,26.6622589,
axes3,Saturación con AW,649,648,26.66223694,
axes3,Saturación con AW,650,649,26.66221511,
axes3,Saturación con AW,651,650,26.66219339,
axes3,Saturación con AW,652,651,26.66217178,
axes3,Saturación con AW,653,652,26.66215029,
axes3,Saturación con AW,654,653,26.66212891,
axes3,Saturación con AW,655,654,26.66210765,
axes3,Saturación con AW,656,655,26.66208649,
axes3,Saturación con AW,657,656,26.66206545,
axes3,Saturación con AW,658,657,26.66204452,
axes3,Saturación con AW,659,658,26.6620237,
axes3,Saturación con AW,660,659,26.66200299,
axes3,Saturación con AW,661,660,26.66198239,
axes3,Saturación con AW,662,661,26.6619619,
axes3,Saturación con AW,663,662,26.66194152,
axes3,Saturación con AW,664,663,26.66192125,
axes3,Saturación con AW,665,664,26.66190108,
axes3,Saturación con AW,666,665,26.66188102,
axes3,Saturación con AW,667,666,26.66186106,
axes3,Saturación con AW,668,667,26.66184121,
axes3,Saturación con AW,669,668,26.66182147,
axes3,Saturación con AW,670,669,26.66180183,
axes3,Saturación con AW,671,670,26.66178229,
axes3,Saturación con AW,672,671,26.66176286,
axes3,Saturación con AW,673,672,26.66174353,
axes3,Saturación con AW,674,673,26.6617243,
axes3,Saturación con AW,675,674,26.66170517,
axes3,Saturación con AW,676,675,26.66168615,
axes3,Saturación con AW,677,676,26.66166722,
axes3,Saturación con AW,678,677,26.6616484,
axes3,Saturación con AW,679,678,26.66162968,
axes3,Saturación con AW,680,679,26.66161105,
axes3,Saturación con AW,681,680,26.66159252,
axes3,Saturación con AW,682,681,26.66157409,
axes3,Saturación con AW,683,682,26.66155576,
axes3,Saturación con AW,684,683,26.66153752,
axes3,Saturación con AW,685,684,26.66151939,
axes3,Saturación con AW,686,685,26.66150134,
axes3,Saturación con AW,687,686,26.66148339,
axes3,Saturación con AW,688,687,26.66146554,
axes3,Saturación con AW,689,688,26.66144778,
axes3,Saturación con AW,690,689,26.66143012,
axes3,Saturación con AW,691,690,26.66141255,
axes3,Saturación con AW,692,691,26.66139507,
axes3,Saturación con AW,693,692,26.66137768,
axes3,Saturación con AW,694,693,26.66136039,
axes3,Saturación con AW,695,694,26.66134319,
axes3,Saturación con AW,696,695,26.66132608,
axes3,Saturación con AW,697,696,26.66130906,
axes3,Saturación con AW,698,697,26.66129213,
axes3,Saturación con AW,699,698,26.66127528,
axes3,Saturación con AW,700,699,26.66125853,
axes3,Saturación con AW,701,700,26.66124187,
axes3,Saturación con AW,702,701,26.66122529,
axes3,Saturación con AW,703,702,26.6612088,
axes3,Saturación con AW,704,703,26.6611924,
axes3,Saturación con AW,705,704,26.66117609,
axes3,Saturación con AW,706,705,26.66115986,
axes3,Saturación con AW,707,706,26.66114372,
axes3,Saturación con AW,708,707,26.66112766,
axes3,Saturación con AW,709,708,26.66111169,
axes3,Saturación con AW,710,709,26.6610958,
axes3,Saturación con AW,711,710,26.66108,
axes3,Saturación con AW,712,711,26.66106428,
axes3,Saturación con AW,713,712,26.66104864,
axes3,Saturación con AW,714,713,26.66103309,
axes3,Saturación con AW,715,714,26.66101762,
axes3,Saturación con AW,716,715,26.66100223,
axes3,Saturación con AW,717,716,26.66098692,
axes3,Saturación con AW,718,717,26.66097169,
axes3,Saturación con AW,719,718,26.66095655,
axes3,Saturación con AW,720,719,26.66094148,
axes3,Saturación con AW,721,720,26.66092649,
axes3,Saturación con AW,722,721,26.66091158,
axes3,Saturación con AW,723,722,26.66089676,
axes3,Saturación con AW,724,723,26.660882,
axes3,Saturación con AW,725,724,26.66086733,
axes3,Saturación con AW,726,725,26.66085274,
axes3,Saturación con AW,727,726,26.66083822,
axes3,Saturación con AW,728,727,26.66082378,
axes3,Saturación con AW,729,728,26.66080941,
axes3,Saturación con AW,730,729,26.66079512,
axes3,Saturación con AW,731,730,26.66078091,
axes3,Saturación con AW,732,731,26.66076677,
axes3,Saturación con AW,733,732,26.66075271,
axes3,Saturación con AW,734,733,26.66073872,
axes3,Saturación con AW,735,734,26.66072481,
axes3,Saturación con AW,736,735,26.66071096,
axes3,Saturación con AW,737,736,26.6606972,
axes3,Saturación con AW,738,737,26.6606835,
axes3,Saturación con AW,739,738,26.66066988,
axes3,Saturación con AW,740,739,26.66065633,
axes3,Saturación con AW,741,740,26.66064285,
axes3,Saturación con AW,742,741,26.66062944,
axes3,Saturación con AW,743,742,26.6606161,
axes3,Saturación con AW,744,743,26.66060284,
axes3,Saturación con AW,745,744,26.66058964,
axes3,Saturación con AW,746,745,26.66057651,
axes3,Saturación con AW,747,746,26.66056346,
axes3,Saturación con AW,748,747,26.66055047,
axes3,Saturación con AW,749,748,26.66053755,
axes3,Saturación con AW,750,749,26.6605247,
axes3,Saturación con AW,751,750,26.66051191,
axes3,Saturación con AW,752,751,26.6604992,
axes3,Saturación con AW,753,752,26.66048655,
axes3,Saturación con AW,754,753,26.66047397,
axes3,Saturación con AW,755,754,26.66046145,
axes3,Saturación con AW,756,755,26.66044901,
axes3,Saturación con AW,757,756,26.66043662,
axes3,Saturación con AW,758,757,26.66042431,
axes3,Saturación con AW,759,758,26.66041205,
axes3,Saturación con AW,760,759,26.66039987,
axes3,Saturación con AW,761,760,26.66038774,
axes3,Saturación con AW,762,761,26.66037568,
axes3,Saturación con AW,763,762,26.66036369,
axes3,Saturación con AW,764,763,26.66035176,
axes3,Saturación con AW,765,764,26.66033989,
axes3,Saturación con AW,766,765,26.66032808,
axes3,Saturación con AW,767,766,26.66031634,
axes3,Saturación con AW,768,767,26.66030466,
axes3,Saturación con AW,769,768,26.66029304,
axes3,Saturación con AW,770,769,26.66028148,
axes3,Saturación con AW,771,770,26.66026998,
axes3,Saturación con AW,772,771,26.66025855,
axes3,Saturación con AW,773,772,26.66024717,
axes3,Saturación con AW,774,773,26.66023586,
axes3,Saturación con AW,775,774,26.6602246,
axes3,Saturación con AW,776,775,26.66021341,
axes3,Saturación con AW,777,776,26.66020227,
axes3,Saturación con AW,778,777,26.66019119,
axes3,Saturación con AW,779,778,26.66018017,
axes3,Saturación con AW,780,779,26.66016921,
axes3,Saturación con AW,781,780,26.66015831,
axes3,Saturación con AW,782,781,26.66014746,
axes3,Saturación con AW,783,782,26.66013667,
axes3,Saturación con AW,784,783,26.66012594,
axes3,Saturación con AW,785,784,26.66011527,
axes3,Saturación con AW,786,785,26.66010465,
axes3,Saturación con AW,787,786,26.66009409,
axes3,Saturación con AW,788,787,26.66008358,
axes3,Saturación con AW,789,788,26.66007313,
axes3,Saturación con AW,790,789,26.66006274,
axes3,Saturación con AW,791,790,26.6600524,
axes3,Saturación con AW,792,791,26.66004211,
axes3,Saturación con AW,793,792,26.66003188,
axes3,Saturación con AW,794,793,26.66002171,
axes3,Saturación con AW,795,794,26.66001158,
axes3,Saturación con AW,796,795,26.66000151,
axes3,Saturación con AW,797,796,26.6599915,
axes3,Saturación con AW,798,797,26.65998153,
axes3,Saturación con AW,799,798,26.65997162,
axes3,Saturación con AW,800,799,26.65996176,
axes3,Saturación con AW,801,800,26.65995196,
axes3,Saturación con AW,802,801,26.6599422,
axes3,Saturación con AW,803,802,26.6599325,
axes3,Saturación con AW,804,803,26.65992285,
axes3,Saturación con AW,805,804,26.65991325,
axes3,Saturación con AW,806,805,26.6599037,
axes3,Saturación con AW,807,806,26.6598942,
axes3,Saturación con AW,808,807,26.65988475,
axes3,Saturación con AW,809,808,26.65987535,
axes3,Saturación con AW,810,809,26.65986601,
axes3,Saturación con AW,811,810,26.65985671,
axes3,Saturación con AW,812,811,26.65984746,
axes3,Saturación con AW,813,812,26.65983825,
axes3,Saturación con AW,814,813,26.6598291,
axes3,Saturación con AW,815,814,26.65982,
axes3,Saturación con AW,816,815,26.65981094,
axes3,Saturación con AW,817,816,26.65980193,
axes3,Saturación con AW,818,817,26.65979297,
axes3,Saturación con AW,819,818,26.65978406,
axes3,Saturación con AW,820,819,26.65977519,
axes3,Saturación con AW,821,820,26.65976637,
axes3,Saturación con AW,822,821,26.6597576,
axes3,Saturación con AW,823,822,26.65974887,
axes3,Saturación con AW,824,823,26.65974019,
axes3,Saturación con AW,825,824,26.65973156,
axes3,Saturación con AW,826,825,26.65972297,
axes3,Saturación con AW,827,826,26.65971443,
axes3,Saturación con AW,828,827,26.65970593,
axes3,Saturación con AW,829,828,26.65969748,
axes3,Saturación con AW,830,829,26.65968907,
axes3,Saturación con AW,831,830,26.65968071,
axes3,Saturación con AW,832,831,26.65967239,
axes3,Saturación con AW,833,832,26.65966411,
axes3,Saturación con AW,834,833,26.65965588,
axes3,Saturación con AW,835,834,26.65964769,
axes3,Saturación con AW,836,835,26.65963955,
axes3,Saturación con AW,837,836,26.65963144,
axes3,Saturación con AW,838,837,26.65962338,
axes3,Saturación con AW,839,838,26.65961537,
axes3,Saturación con AW,840,839,26.65960739,
axes3,Saturación con AW,841,840,26.65959946,
axes3,Saturación con AW,842,841,26.65959157,
axes3,Saturación con AW,843,842,26.65958372,
axes3,Saturación con AW,844,843,26.65957592,
axes3,Saturación con AW,845,844,26.65956815,
axes3,Saturación con AW,846,845,26.65956043,
axes3,Saturación con AW,847,846,26.65955274,
axes3,Saturación con AW,848,847,26.6595451,
axes3,Saturación con AW,849,848,26.6595375,
axes3,Saturación con AW,850,849,26.65952994,
axes3,Saturación con AW,851,850,26.65952241,
axes3,Saturación con AW,852,851,26.65951493,
axes3,Saturación con AW,853,852,26.65950749,
axes3,Saturación con AW,854,853,26.65950009,
axes3,Saturación con AW,855,854,26.65949272,
axes3,Saturación con AW,856,855,26.6594854,
axes3,Saturación con AW,857,856,26.65947811,
axes3,Saturación con AW,858,857,26.65947086,
axes3,Saturación con AW,859,858,26.65946365,
axes3,Saturación con AW,860,859,26.65945648,
axes3,Saturación con AW,861,860,26.65944935,
axes3,Saturación con AW,862,861,26.65944225,
axes3,Saturación con AW,863,862,26.65943519,
axes3,Saturación con AW,864,863,26.65942817,
axes3,Saturación con AW,865,864,26.65942119,
axes3,Saturación con AW,866,865,26.65941424,
axes3,Saturación con AW,867,866,26.65940733,
axes3,Saturación con AW,868,867,26.65940046,
axes3,Saturación con AW,869,868,26.65939362,
axes3,Saturación con AW,870,869,26.65938682,
axes3,Saturación con AW,871,870,26.65938005,
axes3,Saturación con AW,872,871,26.65937332,
axes3,Saturación con AW,873,872,26.65936663,
axes3,Saturación con AW,874,873,26.65935997,
axes3,Saturación con AW,875,874,26.65935335,
axes3,Saturación con AW,876,875,26.65934676,
axes3,Saturación con AW,877,876,26.65934021,
axes3,Saturación con AW,878,877,26.65933369,
axes3,Saturación con AW,879,878,26.6593272,
axes3,Saturación con AW,880,879,26.65932075,
axes3,Saturación con AW,881,880,26.65931434,
axes3,Saturación con AW,882,881,26.65930795,
axes3,Saturación con AW,883,882,26.65930161,
axes3,Saturación con AW,884,883,26.65929529,
axes3,Saturación con AW,885,884,26.65928901,
axes3,Saturación con AW,886,885,26.65928276,
axes3,Saturación con AW,887,886,26.65927655,
axes3,Saturación con AW,888,887,26.65927037,
axes3,Saturación con AW,889,888,26.65926422,
axes3,Saturación con AW,890,889,26.6592581,
axes3,Saturación con AW,891,890,26.65925201,
axes3,Saturación con AW,892,891,26.65924596,
axes3,Saturación con AW,893,892,26.65923994,
axes3,Saturación con AW,894,893,26.65923395,
axes3,Saturación con AW,895,894,26.659228,
axes3,Saturación con AW,896,895,26.65922207,
axes3,Saturación con AW,897,896,26.65921618,
axes3,Saturación con AW,898,897,26.65921031,
axes3,Saturación con AW,899,898,26.65920448,
axes3,Saturación con AW,900,899,26.65919868,
axes3,Saturación con AW,901,900,26.65919291,
axes3,Saturación con AW,902,901,26.65918717,
axes3,Saturación con AW,903,902,26.65918146,
axes3,Saturación con AW,904,903,26.65917578,
axes3,Saturación con AW,905,904,26.65917013,
axes3,Saturación con AW,906,905,26.65916451,
axes3,Saturación con AW,907,906,26.65915893,
axes3,Saturación con AW,908,907,26.65915337,
axes3,Saturación con AW,909,908,26.65914783,
axes3,Saturación con AW,910,909,26.65914233,
axes3,Saturación con AW,911,910,26.65913686,
axes3,Saturación con AW,912,911,26.65913142,
axes3,Saturación con AW,913,912,26.659126,
axes3,Saturación con AW,914,913,26.65912062,
axes3,Saturación con AW,915,914,26.65911526,
axes3,Saturación con AW,916,915,26.65910993,
axes3,Saturación con AW,917,916,26.65910463,
axes3,Saturación con AW,918,917,26.65909936,
axes3,Saturación con AW,919,918,26.65909411,
axes3,Saturación con AW,920,919,26.6590889,
axes3,Saturación con AW,921,920,26.65908371,
axes3,Saturación con AW,922,921,26.65907854,
axes3,Saturación con AW,923,922,26.65907341,
axes3,Saturación con AW,924,923,26.6590683,
axes3,Saturación con AW,925,924,26.65906322,
axes3,Saturación con AW,926,925,26.65905817,
axes3,Saturación con AW,927,926,26.65905314,
axes3,Saturación con AW,928,927,26.65904814,
axes3,Saturación con AW,929,928,26.65904316,
axes3,Saturación con AW,930,929,26.65903822,
axes3,Saturación con AW,931,930,26.65903329,
axes3,Saturación con AW,932,931,26.6590284,
axes3,Saturación con AW,933,932,26.65902353,
axes3,Saturación con AW,934,933,26.65901869,
axes3,Saturación con AW,935,934,26.65901387,
axes3,Saturación con AW,936,935,26.65900907,
axes3,Saturación con AW,937,936,26.65900431,
axes3,Saturación con AW,938,937,26.65899956,
axes3,Saturación con AW,939,938,26.65899485,
axes3,Saturación con AW,940,939,26.65899016,
axes3,Saturación con AW,941,940,26.65898549,
axes3,Saturación con AW,942,941,26.65898085,
axes3,Saturación con AW,943,942,26.65897623,
axes3,Saturación con AW,944,943,26.65897163,
axes3,Saturación con AW,945,944,26.65896706,
axes3,Saturación con AW,946,945,26.65896252,
axes3,Saturación con AW,947,946,26.658958,
axes3,Saturación con AW,948,947,26.6589535,
axes3,Saturación con AW,949,948,26.65894903,
axes3,Saturación con AW,950,949,26.65894458,
axes3,Saturación con AW,951,950,26.65894015,
axes3,Saturación con AW,952,951,26.65893575,
axes3,Saturación con AW,953,952,26.65893137,
axes3,Saturación con AW,954,953,26.65892701,
axes3,Saturación con AW,955,954,26.65892268,
axes3,Saturación con AW,956,955,26.65891837,
axes3,Saturación con AW,957,956,26.65891408,
axes3,Saturación con AW,958,957,26.65890981,
axes3,Saturación con AW,959,958,26.65890557,
axes3,Saturación con AW,960,959,26.65890135,
axes3,Saturación con AW,961,960,26.65889715,
axes3,Saturación con AW,962,961,26.65889298,
axes3,Saturación con AW,963,962,26.65888882,
axes3,Saturación con AW,964,963,26.65888469,
axes3,Saturación con AW,965,964,26.65888058,
axes3,Saturación con AW,966,965,26.6588765,
axes3,Saturación con AW,967,966,26.65887243,
axes3,Saturación con AW,968,967,26.65886838,
axes3,Saturación con AW,969,968,26.65886436,
axes3,Saturación con AW,970,969,26.65886036,
axes3,Saturación con AW,971,970,26.65885638,
axes3,Saturación con AW,972,971,26.65885242,
axes3,Saturación con AW,973,972,26.65884848,
axes3,Saturación con AW,974,973,26.65884456,
axes3,Saturación con AW,975,974,26.65884066,
axes3,Saturación con AW,976,975,26.65883679,
axes3,Saturación con AW,977,976,26.65883293,
axes3,Saturación con AW,978,977,26.65882909,
axes3,Saturación con AW,979,978,26.65882528,
axes3,Saturación con AW,980,979,26.65882148,
axes3,Saturación con AW,981,980,26.65881771,
axes3,Saturación con AW,982,981,26.65881395,
axes3,Saturación con AW,983,982,26.65881022,
axes3,Saturación con AW,984,983,26.6588065,
axes3,Saturación con AW,985,984,26.65880281,
axes3,Saturación con AW,986,985,26.65879913,
axes3,Saturación con AW,987,986,26.65879547,
axes3,Saturación con AW,988,987,26.65879183,
axes3,Saturación con AW,989,988,26.65878822,
axes3,Saturación con AW,990,989,26.65878462,
axes3,Saturación con AW,991,990,26.65878104,
axes3,Saturación con AW,992,991,26.65877747,
axes3,Saturación con AW,993,992,26.65877393,
axes3,Saturación con AW,994,993,26.65877041,
axes3,Saturación con AW,995,994,26.6587669,
axes3,Saturación con AW,996,995,26.65876342,
axes3,Saturación con AW,997,996,26.65875995,
axes3,Saturación con AW,998,997,26.6587565,
axes3,Saturación con AW,999,998,26.65875307,
axes3,Saturación con AW,1000,999,26.65874965,
axes3,Saturación con AW,1001,1000,26.65874626,
axes3,Saturación con AW,1002,1001,26.65874288,
axes3,Saturación con AW,1003,1002,26.65873952,
axes3,Saturación con AW,1004,1003,26.65873618,
axes3,Saturación con AW,1005,1004,26.65873285,
axes3,Saturación con AW,1006,1005,26.65872955,
axes3,Saturación con AW,1007,1006,26.65872626,
axes3,Saturación con AW,1008,1007,26.65872299,
axes3,Saturación con AW,1009,1008,26.65871973,
axes3,Saturación con AW,1010,1009,26.65871649,
axes3,Saturación con AW,1011,1010,26.65871327,
axes3,Saturación con AW,1012,1011,26.65871007,
axes3,Saturación con AW,1013,1012,26.65870689,
axes3,Saturación con AW,1014,1013,26.65870372,
axes3,Saturación con AW,1015,1014,26.65870056,
axes3,Saturación con AW,1016,1015,26.65869743,
axes3,Saturación con AW,1017,1016,26.65869431,
axes3,Saturación con AW,1018,1017,26.65869121,
axes3,Saturación con AW,1019,1018,26.65868812,
axes3,Saturación con AW,1020,1019,26.65868505,
axes3,Saturación con AW,1021,1020,26.658682,
axes3,Saturación con AW,1022,1021,26.65867896,
axes3,Saturación con AW,1023,1022,26.65867594,
axes3,Saturación con AW,1024,1023,26.65867293,
axes3,Saturación con AW,1025,1024,26.65866994,
axes3,Saturación con AW,1026,1025,26.65866697,
axes3,Saturación con AW,1027,1026,26.65866401,
axes3,Saturación con AW,1028,1027,26.65866107,
axes3,Saturación con AW,1029,1028,26.65865814,
axes3,Saturación con AW,1030,1029,26.65865523,
axes3,Saturación con AW,1031,1030,26.65865233,
axes3,Saturación con AW,1032,1031,26.65864945,
axes3,Saturación con AW,1033,1032,26.65864659,
axes3,Saturación con AW,1034,1033,26.65864374,
axes3,Saturación con AW,1035,1034,26.6586409,
axes3,Saturación con AW,1036,1035,26.65863808,
axes3,Saturación con AW,1037,1036,26.65863527,
axes3,Saturación con AW,1038,1037,26.65863248,
axes3,Saturación con AW,1039,1038,26.65862971,
axes3,Saturación con AW,1040,1039,26.65862695,
axes3,Saturación con AW,1041,1040,26.6586242,
axes3,Saturación con AW,1042,1041,26.65862147,
axes3,Saturación con AW,1043,1042,26.65861875,
axes3,Saturación con AW,1044,1043,26.65861605,
axes3,Saturación con AW,1045,1044,26.65861336,
axes3,Saturación con AW,1046,1045,26.65861068,
axes3,Saturación con AW,1047,1046,26.65860802,
axes3,Saturación con AW,1048,1047,26.65860538,
axes3,Saturación con AW,1049,1048,26.65860274,
axes3,Saturación con AW,1050,1049,26.65860013,
axes3,Saturación con AW,1051,1050,26.65859752,
axes3,Saturación con AW,1052,1051,26.65859493,
axes3,Saturación con AW,1053,1052,26.65859235,
axes3,Saturación con AW,1054,1053,26.65858979,
axes3,Saturación con AW,1055,1054,26.65858724,
axes3,Saturación con AW,1056,1055,26.6585847,
axes3,Saturación con AW,1057,1056,26.65858218,
axes3,Saturación con AW,1058,1057,26.65857967,
axes3,Saturación con AW,1059,1058,26.65857717,
axes3,Saturación con AW,1060,1059,26.65857469,
axes3,Saturación con AW,1061,1060,26.65857222,
axes3,Saturación con AW,1062,1061,26.65856976,
axes3,Saturación con AW,1063,1062,26.65856732,
axes3,Saturación con AW,1064,1063,26.65856489,
axes3,Saturación con AW,1065,1064,26.65856247,
axes3,Saturación con AW,1066,1065,26.65856006,
axes3,Saturación con AW,1067,1066,26.65855767,
axes3,Saturación con AW,1068,1067,26.65855529,
axes3,Saturación con AW,1069,1068,26.65855292,
axes3,Saturación con AW,1070,1069,26.65855057,
axes3,Saturación con AW,1071,1070,26.65854823,
axes3,Saturación con AW,1072,1071,26.6585459,
axes3,Saturación con AW,1073,1072,26.65854358,
axes3,Saturación con AW,1074,1073,26.65854127,
axes3,Saturación con AW,1075,1074,26.65853898,
axes3,Saturación con AW,1076,1075,26.6585367,
axes3,Saturación con AW,1077,1076,26.65853443,
axes3,Saturación con AW,1078,1077,26.65853217,
axes3,Saturación con AW,1079,1078,26.65852993,
axes3,Saturación con AW,1080,1079,26.65852769,
axes3,Saturación con AW,1081,1080,26.65852547,
axes3,Saturación con AW,1082,1081,26.65852326,
axes3,Saturación con AW,1083,1082,26.65852106,
axes3,Saturación con AW,1084,1083,26.65851888,
axes3,Saturación con AW,1085,1084,26.6585167,
axes3,Saturación con AW,1086,1085,26.65851454,
axes3,Saturación con AW,1087,1086,26.65851239,
axes3,Saturación con AW,1088,1087,26.65851025,
axes3,Saturación con AW,1089,1088,26.65850812,
axes3,Saturación con AW,1090,1089,26.658506,
axes3,Saturación con AW,1091,1090,26.65850389,
axes3,Saturación con AW,1092,1091,26.6585018,
axes3,Saturación con AW,1093,1092,26.65849971,
axes3,Saturación con AW,1094,1093,26.65849764,
axes3,Saturación con AW,1095,1094,26.65849558,
axes3,Saturación con AW,1096,1095,26.65849352,
axes3,Saturación con AW,1097,1096,26.65849148,
axes3,Saturación con AW,1098,1097,26.65848945,
axes3,Saturación con AW,1099,1098,26.65848743,
axes3,Saturación con AW,1100,1099,26.65848543,
axes3,Saturación con AW,1101,1100,26.65848343,
axes3,Saturación con AW,1102,1101,26.65848144,
axes3,Saturación con AW,1103,1102,26.65847946,
axes3,Saturación con AW,1104,1103,26.6584775,
axes3,Saturación con AW,1105,1104,26.65847554,
axes3,Saturación con AW,1106,1105,26.65847359,
axes3,Saturación con AW,1107,1106,26.65847166,
axes3,Saturación con AW,1108,1107,26.65846973,
axes3,Saturación con AW,1109,1108,26.65846782,
axes3,Saturación con AW,1110,1109,26.65846591,
axes3,Saturación con AW,1111,1110,26.65846402,
axes3,Saturación con AW,1112,1111,26.65846213,
axes3,Saturación con AW,1113,1112,26.65846026,
axes3,Saturación con AW,1114,1113,26.65845839,
axes3,Saturación con AW,1115,1114,26.65845654,
axes3,Saturación con AW,1116,1115,26.65845469,
axes3,Saturación con AW,1117,1116,26.65845286,
axes3,Saturación con AW,1118,1117,26.65845103,
axes3,Saturación con AW,1119,1118,26.65844922,
axes3,Saturación con AW,1120,1119,26.65844741,
axes3,Saturación con AW,1121,1120,26.65844561,
axes3,Saturación con AW,1122,1121,26.65844383,
axes3,Saturación con AW,1123,1122,26.65844205,
axes3,Saturación con AW,1124,1123,26.65844028,
axes3,Saturación con AW,1125,1124,26.65843852,
axes3,Saturación con AW,1126,1125,26.65843677,
axes3,Saturación con AW,1127,1126,26.65843503,
axes3,Saturación con AW,1128,1127,26.6584333,
axes3,Saturación con AW,1129,1128,26.65843158,
axes3,Saturación con AW,1130,1129,26.65842986,
axes3,Saturación con AW,1131,1130,26.65842816,
axes3,Saturación con AW,1132,1131,26.65842646,
axes3,Saturación con AW,1133,1132,26.65842478,
axes3,Saturación con AW,1134,1133,26.6584231,
axes3,Saturación con AW,1135,1134,26.65842143,
axes3,Saturación con AW,1136,1135,26.65841977,
axes3,Saturación con AW,1137,1136,26.65841812,
axes3,Saturación con AW,1138,1137,26.65841648,
axes3,Saturación con AW,1139,1138,26.65841484,
axes3,Saturación con AW,1140,1139,26.65841322,
axes3,Saturación con AW,1141,1140,26.6584116,
axes3,Saturación con AW,1142,1141,26.65841,
axes3,Saturación con AW,1143,1142,26.6584084,
axes3,Saturación con AW,1144,1143,26.65840681,
axes3,Saturación con AW,1145,1144,26.65840522,
axes3,Saturación con AW,1146,1145,26.65840365,
axes3,Saturación con AW,1147,1146,26.65840208,
axes3,Saturación con AW,1148,1147,26.65840053,
axes3,Saturación con AW,1149,1148,26.65839898,
axes3,Saturación con AW,1150,1149,26.65839744,
axes3,Saturación con AW,1151,1150,26.65839591,
axes3,Saturación con AW,1152,1151,26.65839438,
axes3,Saturación con AW,1153,1152,26.65839286,
axes3,Saturación con AW,1154,1153,26.65839136,
axes3,Saturación con AW,1155,1154,26.65838986,
axes3,Saturación con AW,1156,1155,26.65838836,
axes3,Saturación con AW,1157,1156,26.65838688,
axes3,Saturación con AW,1158,1157,26.6583854,
axes3,Saturación con AW,1159,1158,26.65838393,
axes3,Saturación con AW,1160,1159,26.65838247,
axes3,Saturación con AW,1161,1160,26.65838102,
axes3,Saturación con AW,1162,1161,26.65837957,
axes3,Saturación con AW,1163,1162,26.65837813,
axes3,Saturación con AW,1164,1163,26.6583767,
axes3,Saturación con AW,1165,1164,26.65837528,
axes3,Saturación con AW,1166,1165,26.65837386,
axes3,Saturación con AW,1167,1166,26.65837246,
axes3,Saturación con AW,1168,1167,26.65837106,
axes3,Saturación con AW,1169,1168,26.65836966,
axes3,Saturación con AW,1170,1169,26.65836828,
axes3,Saturación con AW,1171,1170,26.6583669,
axes3,Saturación con AW,1172,1171,26.65836553,
axes3,Saturación con AW,1173,1172,26.65836416,
axes3,Saturación con AW,1174,1173,26.65836281,
axes3,Saturación con AW,1175,1174,26.65836146,
axes3,Saturación con AW,1176,1175,26.65836011,
axes3,Saturación con AW,1177,1176,26.65835878,
axes3,Saturación con AW,1178,1177,26.65835745,
axes3,Saturación con AW,1179,1178,26.65835613,
axes3,Saturación con AW,1180,1179,26.65835482,
axes3,Saturación con AW,1181,1180,26.65835351,
axes3,Saturación con AW,1182,1181,26.65835221,
axes3,Saturación con AW,1183,1182,26.65835091,
axes3,Saturación con AW,1184,1183,26.65834963,
axes3,Saturación con AW,1185,1184,26.65834835,
axes3,Saturación con AW,1186,1185,26.65834707,
axes3,Saturación con AW,1187,1186,26.65834581,
axes3,Saturación con AW,1188,1187,26.65834455,
axes3,Saturación con AW,1189,1188,26.6583433,
axes3,Saturación con AW,1190,1189,26.65834205,
axes3,Saturación con AW,1191,1190,26.65834081,
axes3,Saturación con AW,1192,1191,26.65833958,
axes3,Saturación con AW,1193,1192,26.65833835,
axes3,Saturación con AW,1194,1193,26.65833713,
axes3,Saturación con AW,1195,1194,26.65833592,
axes3,Saturación con AW,1196,1195,26.65833471,
axes3,Saturación con AW,1197,1196,26.65833351,
axes3,Saturación con AW,1198,1197,26.65833231,
axes3,Saturación con AW,1199,1198,26.65833112,
axes3,Saturación con AW,1200,1199,26.65832994,
axes3,Saturación con AW,1201,1200,26.65832877,
axes3,Saturación con AW,1202,1201,26.6583276,
axes3,Saturación con AW,1203,1202,26.65832643,
axes3,Saturación con AW,1204,1203,26.65832528,
axes3,Saturación con AW,1205,1204,26.65832413,
axes3,Saturación con AW,1206,1205,26.65832298,
axes3,Saturación con AW,1207,1206,26.65832184,
axes3,Saturación con AW,1208,1207,26.65832071,
axes3,Saturación con AW,1209,1208,26.65831958,
axes3,Saturación con AW,1210,1209,26.65831846,
axes3,Saturación con AW,1211,1210,26.65831735,
axes3,Saturación con AW,1212,1211,26.65831624,
axes3,Saturación con AW,1213,1212,26.65831513,
axes3,Saturación con AW,1214,1213,26.65831404,
axes3,Saturación con AW,1215,1214,26.65831295,
axes3,Saturación con AW,1216,1215,26.65831186,
axes3,Saturación con AW,1217,1216,26.65831078,
axes3,Saturación con AW,1218,1217,26.65830971,
axes3,Saturación con AW,1219,1218,26.65830864,
axes3,Saturación con AW,1220,1219,26.65830757,
axes3,Saturación con AW,1221,1220,26.65830652,
axes3,Saturación con AW,1222,1221,26.65830546,
axes3,Saturación con AW,1223,1222,26.65830442,
axes3,Saturación con AW,1224,1223,26.65830338,
axes3,Saturación con AW,1225,1224,26.65830234,
axes3,Saturación con AW,1226,1225,26.65830131,
axes3,Saturación con AW,1227,1226,26.65830029,
axes3,Saturación con AW,1228,1227,26.65829927,
axes3,Saturación con AW,1229,1228,26.65829826,
axes3,Saturación con AW,1230,1229,26.65829725,
axes3,Saturación con AW,1231,1230,26.65829624,
axes3,Saturación con AW,1232,1231,26.65829525,
axes3,Saturación con AW,1233,1232,26.65829425,
axes3,Saturación con AW,1234,1233,26.65829327,
axes3,Saturación con AW,1235,1234,26.65829229,
axes3,Saturación con AW,1236,1235,26.65829131,
axes3,Saturación con AW,1237,1236,26.65829034,
axes3,Saturación con AW,1238,1237,26.65828937,
axes3,Saturación con AW,1239,1238,26.65828841,
axes3,Saturación con AW,1240,1239,26.65828745,
axes3,Saturación con AW,1241,1240,26.6582865,
axes3,Saturación con AW,1242,1241,26.65828556,
axes3,Saturación con AW,1243,1242,26.65828462,
axes3,Saturación con AW,1244,1243,26.65828368,
axes3,Saturación con AW,1245,1244,26.65828275,
axes3,Saturación con AW,1246,1245,26.65828182,
axes3,Saturación con AW,1247,1246,26.6582809,
axes3,Saturación con AW,1248,1247,26.65827999,
axes3,Saturación con AW,1249,1248,26.65827907,
axes3,Saturación con AW,1250,1249,26.65827817,
axes3,Saturación con AW,1251,1250,26.65827727,
axes3,Saturación con AW,1252,1251,26.65827637,
axes3,Saturación con AW,1253,1252,26.65827548,
axes3,Saturación con AW,1254,1253,26.65827459,
axes3,Saturación con AW,1255,1254,26.65827371,
axes3,Saturación con AW,1256,1255,26.65827283,
axes3,Saturación con AW,1257,1256,26.65827195,
axes3,Saturación con AW,1258,1257,26.65827108,
axes3,Saturación con AW,1259,1258,26.65827022,
axes3,Saturación con AW,1260,1259,26.65826936,
axes3,Saturación con AW,1261,1260,26.65826851,
axes3,Saturación con AW,1262,1261,26.65826765,
axes3,Saturación con AW,1263,1262,26.65826681,
axes3,Saturación con AW,1264,1263,26.65826597,
axes3,Saturación con AW,1265,1264,26.65826513,
axes3,Saturación con AW,1266,1265,26.6582643,
axes3,Saturación con AW,1267,1266,26.65826347,
axes3,Saturación con AW,1268,1267,26.65826264,
axes3,Saturación con AW,1269,1268,26.65826182,
axes3,Saturación con AW,1270,1269,26.65826101,
axes3,Saturación con AW,1271,1270,26.6582602,
axes3,Saturación con AW,1272,1271,26.65825939,
axes3,Saturación con AW,1273,1272,26.65825859,
axes3,Saturación con AW,1274,1273,26.65825779,
axes3,Saturación con AW,1275,1274,26.65825699,
axes3,Saturación con AW,1276,1275,26.6582562,
axes3,Saturación con AW,1277,1276,26.65825542,
axes3,Saturación con AW,1278,1277,26.65825464,
axes3,Saturación con AW,1279,1278,26.65825386,
axes3,Saturación con AW,1280,1279,26.65825309,
axes3,Saturación con AW,1281,1280,26.65825232,
axes3,Saturación con AW,1282,1281,26.65825155,
axes3,Saturación con AW,1283,1282,26.65825079,
axes3,Saturación con AW,1284,1283,26.65825003,
axes3,Saturación con AW,1285,1284,26.65824928,
axes3,Saturación con AW,1286,1285,26.65824853,
axes3,Saturación con AW,1287,1286,26.65824779,
axes3,Saturación con AW,1288,1287,26.65824705,
axes3,Saturación con AW,1289,1288,26.65824631,
axes3,Saturación con AW,1290,1289,26.65824557,
axes3,Saturación con AW,1291,1290,26.65824485,
axes3,Saturación con AW,1292,1291,26.65824412,
axes3,Saturación con AW,1293,1292,26.6582434,
axes3,Saturación con AW,1294,1293,26.65824268,
axes3,Saturación con AW,1295,1294,26.65824197,
axes3,Saturación con AW,1296,1295,26.65824126,
axes3,Saturación con AW,1297,1296,26.65824055,
axes3,Saturación con AW,1298,1297,26.65823985,
axes3,Saturación con AW,1299,1298,26.65823915,
axes3,Saturación con AW,1300,1299,26.65823845,
axes3,Saturación con AW,1301,1300,26.65823776,
axes3,Saturación con AW,1302,1301,26.65823707,
axes3,Saturación con AW,1303,1302,26.65823639,
axes3,Saturación con AW,1304,1303,26.65823571,
axes3,Saturación con AW,1305,1304,26.65823503,
axes3,Saturación con AW,1306,1305,26.65823435,
axes3,Saturación con AW,1307,1306,26.65823368,
axes3,Saturación con AW,1308,1307,26.65823302,
axes3,Saturación con AW,1309,1308,26.65823235,
axes3,Saturación con AW,1310,1309,26.65823169,
axes3,Saturación con AW,1311,1310,26.65823104,
axes3,Saturación con AW,1312,1311,26.65823039,
axes3,Saturación con AW,1313,1312,26.65822974,
axes3,Saturación con AW,1314,1313,26.65822909,
axes3,Saturación con AW,1315,1314,26.65822845,
axes3,Saturación con AW,1316,1315,26.65822781,
axes3,Saturación con AW,1317,1316,26.65822717,
axes3,Saturación con AW,1318,1317,26.65822654,
axes3,Saturación con AW,1319,1318,26.65822591,
axes3,Saturación con AW,1320,1319,26.65822529,
axes3,Saturación con AW,1321,1320,26.65822467,
axes3,Saturación con AW,1322,1321,26.65822405,
axes3,Saturación con AW,1323,1322,26.65822343,
axes3,Saturación con AW,1324,1323,26.65822282,
axes3,Saturación con AW,1325,1324,26.65822221,
axes3,Saturación con AW,1326,1325,26.6582216,
axes3,Saturación con AW,1327,1326,26.658221,
axes3,Saturación con AW,1328,1327,26.6582204,
axes3,Saturación con AW,1329,1328,26.6582198,
axes3,Saturación con AW,1330,1329,26.65821921,
axes3,Saturación con AW,1331,1330,26.65821862,
axes3,Saturación con AW,1332,1331,26.65821803,
axes3,Saturación con AW,1333,1332,26.65821745,
axes3,Saturación con AW,1334,1333,26.65821687,
axes3,Saturación con AW,1335,1334,26.65821629,
axes3,Saturación con AW,1336,1335,26.65821572,
axes3,Saturación con AW,1337,1336,26.65821515,
axes3,Saturación con AW,1338,1337,26.65821458,
axes3,Saturación con AW,1339,1338,26.65821401,
axes3,Saturación con AW,1340,1339,26.65821345,
axes3,Saturación con AW,1341,1340,26.65821289,
axes3,Saturación con AW,1342,1341,26.65821233,
axes3,Saturación con AW,1343,1342,26.65821178,
axes3,Saturación con AW,1344,1343,26.65821123,
axes3,Saturación con AW,1345,1344,26.65821068,
axes3,Saturación con AW,1346,1345,26.65821014,
axes3,Saturación con AW,1347,1346,26.65820959,
axes3,Saturación con AW,1348,1347,26.65820905,
axes3,Saturación con AW,1349,1348,26.65820852,
axes3,Saturación con AW,1350,1349,26.65820798,
axes3,Saturación con AW,1351,1350,26.65820745,
axes3,Saturación con AW,1352,1351,26.65820693,
axes3,Saturación con AW,1353,1352,26.6582064,
axes3,Saturación con AW,1354,1353,26.65820588,
axes3,Saturación con AW,1355,1354,26.65820536,
axes3,Saturación con AW,1356,1355,26.65820484,
axes3,Saturación con AW,1357,1356,26.65820433,
axes3,Saturación con AW,1358,1357,26.65820382,
axes3,Saturación con AW,1359,1358,26.65820331,
axes3,Saturación con AW,1360,1359,26.6582028,
axes3,Saturación con AW,1361,1360,26.6582023,
axes3,Saturación con AW,1362,1361,26.6582018,
axes3,Saturación con AW,1363,1362,26.6582013,
axes3,Saturación con AW,1364,1363,26.6582008,
axes3,Saturación con AW,1365,1364,26.65820031,
axes3,Saturación con AW,1366,1365,26.65819982,
axes3,Saturación con AW,1367,1366,26.65819933,
axes3,Saturación con AW,1368,1367,26.65819885,
axes3,Saturación con AW,1369,1368,26.65819837,
axes3,Saturación con AW,1370,1369,26.65819789,
axes3,Saturación con AW,1371,1370,26.65819741,
axes3,Saturación con AW,1372,1371,26.65819693,
axes3,Saturación con AW,1373,1372,26.65819646,
axes3,Saturación con AW,1374,1373,26.65819599,
axes3,Saturación con AW,1375,1374,26.65819553,
axes3,Saturación con AW,1376,1375,26.65819506,
axes3,Saturación con AW,1377,1376,26.6581946,
axes3,Saturación con AW,1378,1377,26.65819414,
axes3,Saturación con AW,1379,1378,26.65819368,
axes3,Saturación con AW,1380,1379,26.65819323,
axes3,Saturación con AW,1381,1380,26.65819277,
axes3,Saturación con AW,1382,1381,26.65819232,
axes3,Saturación con AW,1383,1382,26.65819187,
axes3,Saturación con AW,1384,1383,26.65819143,
axes3,Saturación con AW,1385,1384,26.65819099,
axes3,Saturación con AW,1386,1385,26.65819055,
axes3,Saturación con AW,1387,1386,26.65819011,
axes3,Saturación con AW,1388,1387,26.65818967,
axes3,Saturación con AW,1389,1388,26.65818924,
axes3,Saturación con AW,1390,1389,26.65818881,
axes3,Saturación con AW,1391,1390,26.65818838,
axes3,Saturación con AW,1392,1391,26.65818795,
axes3,Saturación con AW,1393,1392,26.65818752,
axes3,Saturación con AW,1394,1393,26.6581871,
axes3,Saturación con AW,1395,1394,26.65818668,
axes3,Saturación con AW,1396,1395,26.65818626,
axes3,Saturación con AW,1397,1396,26.65818585,
axes3,Saturación con AW,1398,1397,26.65818543,
axes3,Saturación con AW,1399,1398,26.65818502,
axes3,Saturación con AW,1400,1399,26.65818461,
axes3,Saturación con AW,1401,1400,26.65818421,
axes3,Saturación con AW,1402,1401,26.6581838,
axes3,Saturación con AW,1403,1402,26.6581834,
axes3,Saturación con AW,1404,1403,26.658183,
axes3,Saturación con AW,1405,1404,26.6581826,
axes3,Saturación con AW,1406,1405,26.6581822,
axes3,Saturación con AW,1407,1406,26.65818181,
axes3,Saturación con AW,1408,1407,26.65818142,
axes3,Saturación con AW,1409,1408,26.65818103,
axes3,Saturación con AW,1410,1409,26.65818064,
axes3,Saturación con AW,1411,1410,26.65818025,
axes3,Saturación con AW,1412,1411,26.65817987,
axes3,Saturación con AW,1413,1412,26.65817949,
axes3,Saturación con AW,1414,1413,26.65817911,
axes3,Saturación con AW,1415,1414,26.65817873,
axes3,Saturación con AW,1416,1415,26.65817835,
axes3,Saturación con AW,1417,1416,26.65817798,
axes3,Saturación con AW,1418,1417,26.65817761,
axes3,Saturación con AW,1419,1418,26.65817724,
axes3,Saturación con AW,1420,1419,26.65817687,
axes3,Saturación con AW,1421,1420,26.6581765,
axes3,Saturación con AW,1422,1421,26.65817614,
axes3,Saturación con AW,1423,1422,26.65817577,
axes3,Saturación con AW,1424,1423,26.65817541,
axes3,Saturación con AW,1425,1424,26.65817506,
axes3,Saturación con AW,1426,1425,26.6581747,
axes3,Saturación con AW,1427,1426,26.65817434,
axes3,Saturación con AW,1428,1427,26.65817399,
axes3,Saturación con AW,1429,1428,26.65817364,
axes3,Saturación con AW,1430,1429,26.65817329,
axes3,Saturación con AW,1431,1430,26.65817294,
axes3,Saturación con AW,1432,1431,26.6581726,
axes3,Saturación con AW,1433,1432,26.65817226,
axes3,Saturación con AW,1434,1433,26.65817191,
axes3,Saturación con AW,1435,1434,26.65817157,
axes3,Saturación con AW,1436,1435,26.65817124,
axes3,Saturación con AW,1437,1436,26.6581709,
axes3,Saturación con AW,1438,1437,26.65817056,
axes3,Saturación con AW,1439,1438,26.65817023,
axes3,Saturación con AW,1440,1439,26.6581699,
axes3,Saturación con AW,1441,1440,26.65816957,
axes3,Saturación con AW,1442,1441,26.65816924,
axes3,Saturación con AW,1443,1442,26.65816892,
axes3,Saturación con AW,1444,1443,26.65816859,
axes3,Saturación con AW,1445,1444,26.65816827,
axes3,Saturación con AW,1446,1445,26.65816795,
axes3,Saturación con AW,1447,1446,26.65816763,
axes3,Saturación con AW,1448,1447,26.65816731,
axes3,Saturación con AW,1449,1448,26.658167,
axes3,Saturación con AW,1450,1449,26.65816669,
axes3,Saturación con AW,1451,1450,26.65816637,
axes3,Saturación con AW,1452,1451,26.65816606,
axes3,Saturación con AW,1453,1452,26.65816575,
axes3,Saturación con AW,1454,1453,26.65816545,
axes3,Saturación con AW,1455,1454,26.65816514,
axes3,Saturación con AW,1456,1455,26.65816484,
axes3,Saturación con AW,1457,1456,26.65816453,
axes3,Saturación con AW,1458,1457,26.65816423,
axes3,Saturación con AW,1459,1458,26.65816393,
axes3,Saturación con AW,1460,1459,26.65816364,
axes3,Saturación con AW,1461,1460,26.65816334,
axes3,Saturación con AW,1462,1461,26.65816304,
axes3,Saturación con AW,1463,1462,26.65816275,
axes3,Saturación con AW,1464,1463,26.65816246,
axes3,Saturación con AW,1465,1464,26.65816217,
axes3,Saturación con AW,1466,1465,26.65816188,
axes3,Saturación con AW,1467,1466,26.6581616,
axes3,Saturación con AW,1468,1467,26.65816131,
axes3,Saturación con AW,1469,1468,26.65816103,
axes3,Saturación con AW,1470,1469,26.65816074,
axes3,Saturación con AW,1471,1470,26.65816046,
axes3,Saturación con AW,1472,1471,26.65816018,
axes3,Saturación con AW,1473,1472,26.65815991,
axes3,Saturación con AW,1474,1473,26.65815963,
axes3,Saturación con AW,1475,1474,26.65815935,
axes3,Saturación con AW,1476,1475,26.65815908,
axes3,Saturación con AW,1477,1476,26.65815881,
axes3,Saturación con AW,1478,1477,26.65815854,
axes3,Saturación con AW,1479,1478,26.65815827,
axes3,Saturación con AW,1480,1479,26.658158,
axes3,Saturación con AW,1481,1480,26.65815773,
axes3,Saturación con AW,1482,1481,26.65815747,
axes3,Saturación con AW,1483,1482,26.65815721,
axes3,Saturación con AW,1484,1483,26.65815694,
axes3,Saturación con AW,1485,1484,26.65815668,
axes3,Saturación con AW,1486,1485,26.65815642,
axes3,Saturación con AW,1487,1486,26.65815617,
axes3,Saturación con AW,1488,1487,26.65815591,
axes3,Saturación con AW,1489,1488,26.65815565,
axes3,Saturación con AW,1490,1489,26.6581554,
axes3,Saturación con AW,1491,1490,26.65815515,
axes3,Saturación con AW,1492,1491,26.6581549,
axes3,Saturación con AW,1493,1492,26.65815465,
axes3,Saturación con AW,1494,1493,26.6581544,
axes3,Saturación con AW,1495,1494,26.65815415,
axes3,Saturación con AW,1496,1495,26.6581539,
axes3,Saturación con AW,1497,1496,26.65815366,
axes3,Saturación con AW,1498,1497,26.65815342,
axes3,Saturación con AW,1499,1498,26.65815317,
axes3,Saturación con AW,1500,1499,26.65815293,
axes3,Saturación con AW,1501,1500,26.65815269,
axes3,Saturación con AW,1502,1501,26.65815246,
axes3,Saturación con AW,1503,1502,26.65815222,
axes3,Saturación con AW,1504,1503,26.65815198,
axes3,Saturación con AW,1505,1504,26.65815175,
axes3,Saturación con AW,1506,1505,26.65815151,
axes3,Saturación con AW,1507,1506,26.65815128,
axes3,Saturación con AW,1508,1507,26.65815105,
axes3,Saturación con AW,1509,1508,26.65815082,
axes3,Saturación con AW,1510,1509,26.65815059,
axes3,Saturación con AW,1511,1510,26.65815037,
axes3,Saturación con AW,1512,1511,26.65815014,
axes3,Saturación con AW,1513,1512,26.65814992,
axes3,Saturación con AW,1514,1513,26.65814969,
axes3,Saturación con AW,1515,1514,26.65814947,
axes3,Saturación con AW,1516,1515,26.65814925,
axes3,Saturación con AW,1517,1516,26.65814903,
axes3,Saturación con AW,1518,1517,26.65814881,
axes3,Saturación con AW,1519,1518,26.65814859,
axes3,Saturación con AW,1520,1519,26.65814837,
axes3,Saturación con AW,1521,1520,26.65814816,
axes3,Saturación con AW,1522,1521,26.65814795,
axes3,Saturación con AW,1523,1522,26.65814773,
axes3,Saturación con AW,1524,1523,26.65814752,
axes3,Saturación con AW,1525,1524,26.65814731,
axes3,Saturación con AW,1526,1525,26.6581471,
axes3,Saturación con AW,1527,1526,26.65814689,
axes3,Saturación con AW,1528,1527,26.65814668,
axes3,Saturación con AW,1529,1528,26.65814648,
axes3,Saturación con AW,1530,1529,26.65814627,
axes3,Saturación con AW,1531,1530,26.65814607,
axes3,Saturación con AW,1532,1531,26.65814586,
axes3,Saturación con AW,1533,1532,26.65814566,
axes3,Saturación con AW,1534,1533,26.65814546,
axes3,Saturación con AW,1535,1534,26.65814526,
axes3,Saturación con AW,1536,1535,26.65814506,
axes3,Saturación con AW,1537,1536,26.65814486,
axes3,Saturación con AW,1538,1537,26.65814467,
axes3,Saturación con AW,1539,1538,26.65814447,
axes3,Saturación con AW,1540,1539,26.65814428,
axes3,Saturación con AW,1541,1540,26.65814408,
axes3,Saturación con AW,1542,1541,26.65814389,
axes3,Saturación con AW,1543,1542,26.6581437,
axes3,Saturación con AW,1544,1543,26.65814351,
axes3,Saturación con AW,1545,1544,26.65814332,
axes3,Saturación con AW,1546,1545,26.65814313,
axes3,Saturación con AW,1547,1546,26.65814294,
axes3,Saturación con AW,1548,1547,26.65814275,
axes3,Saturación con AW,1549,1548,26.65814257,
axes3,Saturación con AW,1550,1549,26.65814238,
axes3,Saturación con AW,1551,1550,26.6581422,
axes3,Saturación con AW,1552,1551,26.65814202,
axes3,Saturación con AW,1553,1552,26.65814184,
axes3,Saturación con AW,1554,1553,26.65814165,
axes3,Saturación con AW,1555,1554,26.65814147,
axes3,Saturación con AW,1556,1555,26.6581413,
axes3,Saturación con AW,1557,1556,26.65814112,
axes3,Saturación con AW,1558,1557,26.65814094,
axes3,Saturación con AW,1559,1558,26.65814076,
axes3,Saturación con AW,1560,1559,26.65814059,
axes3,Saturación con AW,1561,1560,26.65814041,
axes3,Saturación con AW,1562,1561,26.65814024,
axes3,Saturación con AW,1563,1562,26.65814007,
axes3,Saturación con AW,1564,1563,26.6581399,
axes3,Saturación con AW,1565,1564,26.65813973,
axes3,Saturación con AW,1566,1565,26.65813956,
axes3,Saturación con AW,1567,1566,26.65813939,
axes3,Saturación con AW,1568,1567,26.65813922,
axes3,Saturación con AW,1569,1568,26.65813905,
axes3,Saturación con AW,1570,1569,26.65813889,
axes3,Saturación con AW,1571,1570,26.65813872,
axes3,Saturación con AW,1572,1571,26.65813856,
axes3,Saturación con AW,1573,1572,26.65813839,
axes3,Saturación con AW,1574,1573,26.65813823,
axes3,Saturación con AW,1575,1574,26.65813807,
axes3,Saturación con AW,1576,1575,26.65813791,
axes3,Saturación con AW,1577,1576,26.65813775,
axes3,Saturación con AW,1578,1577,26.65813759,
axes3,Saturación con AW,1579,1578,26.65813743,
axes3,Saturación con AW,1580,1579,26.65813727,
axes3,Saturación con AW,1581,1580,26.65813712,
axes3,Saturación con AW,1582,1581,26.65813696,
axes3,Saturación con AW,1583,1582,26.65813681,
axes3,Saturación con AW,1584,1583,26.65813665,
axes3,Saturación con AW,1585,1584,26.6581365,
axes3,Saturación con AW,1586,1585,26.65813634,
axes3,Saturación con AW,1587,1586,26.65813619,
axes3,Saturación con AW,1588,1587,26.65813604,
axes3,Saturación con AW,1589,1588,26.65813589,
axes3,Saturación con AW,1590,1589,26.65813574,
axes3,Saturación con AW,1591,1590,26.65813559,
axes3,Saturación con AW,1592,1591,26.65813545,
axes3,Saturación con AW,1593,1592,26.6581353,
axes3,Saturación con AW,1594,1593,26.65813515,
axes3,Saturación con AW,1595,1594,26.65813501,
axes3,Saturación con AW,1596,1595,26.65813486,
axes3,Saturación con AW,1597,1596,26.65813472,
axes3,Saturación con AW,1598,1597,26.65813458,
axes3,Saturación con AW,1599,1598,26.65813443,
axes3,Saturación con AW,1600,1599,26.65813429,
axes3,Saturación con AW,1601,1600,26.65813415,
axes3,Saturación con AW,1602,1601,26.65813401,
axes3,Saturación con AW,1603,1602,26.65813387,
axes3,Saturación con AW,1604,1603,26.65813373,
axes3,Saturación con AW,1605,1604,26.65813359,
axes3,Saturación con AW,1606,1605,26.65813346,
axes3,Saturación con AW,1607,1606,26.65813332,
axes3,Saturación con AW,1608,1607,26.65813318,
axes3,Saturación con AW,1609,1608,26.65813305,
axes3,Saturación con AW,1610,1609,26.65813291,
axes3,Saturación con AW,1611,1610,26.65813278,
axes3,Saturación con AW,1612,1611,26.65813265,
axes3,Saturación con AW,1613,1612,26.65813252,
axes3,Saturación con AW,1614,1613,26.65813238,
axes3,Saturación con AW,1615,1614,26.65813225,
axes3,Saturación con AW,1616,1615,26.65813212,
axes3,Saturación con AW,1617,1616,26.65813199,
axes3,Saturación con AW,1618,1617,26.65813186,
axes3,Saturación con AW,1619,1618,26.65813174,
axes3,Saturación con AW,1620,1619,26.65813161,
axes3,Saturación con AW,1621,1620,26.65813148,
axes3,Saturación con AW,1622,1621,26.65813136,
axes3,Saturación con AW,1623,1622,26.65813123,
axes3,Saturación con AW,1624,1623,26.65813111,
axes3,Saturación con AW,1625,1624,26.65813098,
axes3,Saturación con AW,1626,1625,26.65813086,
axes3,Saturación con AW,1627,1626,26.65813074,
axes3,Saturación con AW,1628,1627,26.65813061,
axes3,Saturación con AW,1629,1628,26.65813049,
axes3,Saturación con AW,1630,1629,26.65813037,
axes3,Saturación con AW,1631,1630,26.65813025,
axes3,Saturación con AW,1632,1631,26.65813013,
axes3,Saturación con AW,1633,1632,26.65813001,
axes3,Saturación con AW,1634,1633,26.65812989,
axes3,Saturación con AW,1635,1634,26.65812978,
axes3,Saturación con AW,1636,1635,26.65812966,
axes3,Saturación con AW,1637,1636,26.65812954,
axes3,Saturación con AW,1638,1637,26.65812943,
axes3,Saturación con AW,1639,1638,26.65812931,
axes3,Saturación con AW,1640,1639,26.6581292,
axes3,Saturación con AW,1641,1640,26.65812908,
axes3,Saturación con AW,1642,1641,26.65812897,
axes3,Saturación con AW,1643,1642,26.65812886,
axes3,Saturación con AW,1644,1643,26.65812874,
axes3,Saturación con AW,1645,1644,26.65812863,
axes3,Saturación con AW,1646,1645,26.65812852,
axes3,Saturación con AW,1647,1646,26.65812841,
axes3,Saturación con AW,1648,1647,26.6581283,
axes3,Saturación con AW,1649,1648,26.65812819,
axes3,Saturación con AW,1650,1649,26.65812808,
axes3,Saturación con AW,1651,1650,26.65812798,
axes3,Saturación con AW,1652,1651,26.65812787,
axes3,Saturación con AW,1653,1652,26.65812776,
axes3,Saturación con AW,1654,1653,26.65812765,
axes3,Saturación con AW,1655,1654,26.65812755,
axes3,Saturación con AW,1656,1655,26.65812744,
axes3,Saturación con AW,1657,1656,26.65812734,
axes3,Saturación con AW,1658,1657,26.65812723,
axes3,Saturación con AW,1659,1658,26.65812713,
axes3,Saturación con AW,1660,1659,26.65812703,
axes3,Saturación con AW,1661,1660,26.65812692,
axes3,Saturación con AW,1662,1661,26.65812682,
axes3,Saturación con AW,1663,1662,26.65812672,
axes3,Saturación con AW,1664,1663,26.65812662,
axes3,Saturación con AW,1665,1664,26.65812652,
axes3,Saturación con AW,1666,1665,26.65812642,
axes3,Saturación con AW,1667,1666,26.65812632,
axes3,Saturación con AW,1668,1667,26.65812622,
axes3,Saturación con AW,1669,1668,26.65812612,
axes3,Saturación con AW,1670,1669,26.65812603,
axes3,Saturación con AW,1671,1670,26.65812593,
axes3,Saturación con AW,1672,1671,26.65812583,
axes3,Saturación con AW,1673,1672,26.65812574,
axes3,Saturación con AW,1674,1673,26.65812564,
axes3,Saturación con AW,1675,1674,26.65812554,
axes3,Saturación con AW,1676,1675,26.65812545,
axes3,Saturación con AW,1677,1676,26.65812536,
axes3,Saturación con AW,1678,1677,26.65812526,
axes3,Saturación con AW,1679,1678,26.65812517,
axes3,Saturación con AW,1680,1679,26.65812508,
axes3,Saturación con AW,1681,1680,26.65812498,
axes3,Saturación con AW,1682,1681,26.65812489,
axes3,Saturación con AW,1683,1682,26.6581248,
axes3,Saturación con AW,1684,1683,26.65812471,
axes3,Saturación con AW,1685,1684,26.65812462,
axes3,Saturación con AW,1686,1685,26.65812453,
axes3,Saturación con AW,1687,1686,26.65812444,
axes3,Saturación con AW,1688,1687,26.65812435,
axes3,Saturación con AW,1689,1688,26.65812426,
axes3,Saturación con AW,1690,1689,26.65812418,
axes3,Saturación con AW,1691,1690,26.65812409,
axes3,Saturación con AW,1692,1691,26.658124,
axes3,Saturación con AW,1693,1692,26.65812391,
axes3,Saturación con AW,1694,1693,26.65812383,
axes3,Saturación con AW,1695,1694,26.65812374,
axes3,Saturación con AW,1696,1695,26.65812366,
axes3,Saturación con AW,1697,1696,26.65812357,
axes3,Saturación con AW,1698,1697,26.65812349,
axes3,Saturación con AW,1699,1698,26.6581234,
axes3,Saturación con AW,1700,1699,26.65812332,
axes3,Saturación con AW,1701,1700,26.65812324,
axes3,Saturación con AW,1702,1701,26.65812316,
axes3,Saturación con AW,1703,1702,26.65812307,
axes3,Saturación con AW,1704,1703,26.65812299,
axes3,Saturación con AW,1705,1704,26.65812291,
axes3,Saturación con AW,1706,1705,26.65812283,
axes3,Saturación con AW,1707,1706,26.65812275,
axes3,Saturación con AW,1708,1707,26.65812267,
axes3,Saturación con AW,1709,1708,26.65812259,
axes3,Saturación con AW,1710,1709,26.65812251,
axes3,Saturación con AW,1711,1710,26.65812243,
axes3,Saturación con AW,1712,1711,26.65812235,
axes3,Saturación con AW,1713,1712,26.65812228,
axes3,Saturación con AW,1714,1713,26.6581222,
axes3,Saturación con AW,1715,1714,26.65812212,
axes3,Saturación con AW,1716,1715,26.65812205,
axes3,Saturación con AW,1717,1716,26.65812197,
axes3,Saturación con AW,1718,1717,26.65812189,
axes3,Saturación con AW,1719,1718,26.65812182,
axes3,Saturación con AW,1720,1719,26.65812174,
axes3,Saturación con AW,1721,1720,26.65812167,
axes3,Saturación con AW,1722,1721,26.65812159,
axes3,Saturación con AW,1723,1722,26.65812152,
axes3,Saturación con AW,1724,1723,26.65812145,
axes3,Saturación con AW,1725,1724,26.65812137,
axes3,Saturación con AW,1726,1725,26.6581213,
axes3,Saturación con AW,1727,1726,26.65812123,
axes3,Saturación con AW,1728,1727,26.65812116,
axes3,Saturación con AW,1729,1728,26.65812109,
axes3,Saturación con AW,1730,1729,26.65812101,
axes3,Saturación con AW,1731,1730,26.65812094,
axes3,Saturación con AW,1732,1731,26.65812087,
axes3,Saturación con AW,1733,1732,26.6581208,
axes3,Saturación con AW,1734,1733,26.65812073,
axes3,Saturación con AW,1735,1734,26.65812066,
axes3,Saturación con AW,1736,1735,26.6581206,
axes3,Saturación con AW,1737,1736,26.65812053,
axes3,Saturación con AW,1738,1737,26.65812046,
axes3,Saturación con AW,1739,1738,26.65812039,
axes3,Saturación con AW,1740,1739,26.65812032,
axes3,Saturación con AW,1741,1740,26.65812026,
axes3,Saturación con AW,1742,1741,26.65812019,
axes3,Saturación con AW,1743,1742,26.65812012,
axes3,Saturación con AW,1744,1743,26.65812006,
axes3,Saturación con AW,1745,1744,26.65811999,
axes3,Saturación con AW,1746,1745,26.65811993,
axes3,Saturación con AW,1747,1746,26.65811986,
axes3,Saturación con AW,1748,1747,26.6581198,
axes3,Saturación con AW,1749,1748,26.65811973,
axes3,Saturación con AW,1750,1749,26.65811967,
axes3,Saturación con AW,1751,1750,26.6581196,
axes3,Saturación con AW,1752,1751,26.65811954,
axes3,Saturación con AW,1753,1752,26.65811948,
axes3,Saturación con AW,1754,1753,26.65811942,
axes3,Saturación con AW,1755,1754,26.65811935,
axes3,Saturación con AW,1756,1755,26.65811929,
axes3,Saturación con AW,1757,1756,26.65811923,
axes3,Saturación con AW,1758,1757,26.65811917,
axes3,Saturación con AW,1759,1758,26.65811911,
axes3,Saturación con AW,1760,1759,26.65811905,
axes3,Saturación con AW,1761,1760,26.65811899,
axes3,Saturación con AW,1762,1761,26.65811893,
axes3,Saturación con AW,1763,1762,26.65811887,
axes3,Saturación con AW,1764,1763,26.65811881,
axes3,Saturación con AW,1765,1764,26.65811875,
axes3,Saturación con AW,1766,1765,26.65811869,
axes3,Saturación con AW,1767,1766,26.65811863,
axes3,Saturación con AW,1768,1767,26.65811857,
axes3,Saturación con AW,1769,1768,26.65811852,
axes3,Saturación con AW,1770,1769,26.65811846,
axes3,Saturación con AW,1771,1770,26.6581184,
axes3,Saturación con AW,1772,1771,26.65811834,
axes3,Saturación con AW,1773,1772,26.65811829,
axes3,Saturación con AW,1774,1773,26.65811823,
axes3,Saturación con AW,1775,1774,26.65811817,
axes3,Saturación con AW,1776,1775,26.65811812,
axes3,Saturación con AW,1777,1776,26.65811806,
axes3,Saturación con AW,1778,1777,26.65811801,
axes3,Saturación con AW,1779,1778,26.65811795,
axes3,Saturación con AW,1780,1779,26.6581179,
axes3,Saturación con AW,1781,1780,26.65811784,
axes3,Saturación con AW,1782,1781,26.65811779,
axes3,Saturación con AW,1783,1782,26.65811774,
axes3,Saturación con AW,1784,1783,26.65811768,
axes3,Saturación con AW,1785,1784,26.65811763,
axes3,Saturación con AW,1786,1785,26.65811758,
axes3,Saturación con AW,1787,1786,26.65811752,
axes3,Saturación con AW,1788,1787,26.65811747,
axes3,Saturación con AW,1789,1788,26.65811742,
axes3,Saturación con AW,1790,1789,26.65811737,
axes3,Saturación con AW,1791,1790,26.65811732,
axes3,Saturación con AW,1792,1791,26.65811727,
axes3,Saturación con AW,1793,1792,26.65811722,
axes3,Saturación con AW,1794,1793,26.65811716,
axes3,Saturación con AW,1795,1794,26.65811711,
axes3,Saturación con AW,1796,1795,26.65811706,
axes3,Saturación con AW,1797,1796,26.65811701,
axes3,Saturación con AW,1798,1797,26.65811696,
axes3,Saturación con AW,1799,1798,26.65811692,
axes3,Saturación con AW,1800,1799,26.65811687,
axes3,Saturación con AW,1801,1800,26.65811682,
axes3,Saturación sin AW,1,0,0,
axes3,Saturación sin AW,2,1,0.4231445657,
axes3,Saturación sin AW,3,2,0.8462891313,
axes3,Saturación sin AW,4,3,1.269433697,
axes3,Saturación sin AW,5,4,1.692578263,
axes3,Saturación sin AW,6,5,2.115722828,
axes3,Saturación sin AW,7,6,2.538867394,
axes3,Saturación sin AW,8,7,2.96201196,
axes3,Saturación sin AW,9,8,3.385156525,
axes3,Saturación sin AW,10,9,3.808301091,
axes3,Saturación sin AW,11,10,4.231445657,
axes3,Saturación sin AW,12,11,4.654590222,
axes3,Saturación sin AW,13,12,5.077734788,
axes3,Saturación sin AW,14,13,5.500879354,
axes3,Saturación sin AW,15,14,5.924023919,
axes3,Saturación sin AW,16,15,6.347168485,
axes3,Saturación sin AW,17,16,6.770313051,
axes3,Saturación sin AW,18,17,7.193457616,
axes3,Saturación sin AW,19,18,7.616602182,
axes3,Saturación sin AW,20,19,8.039746748,
axes3,Saturación sin AW,21,20,8.462891313,
axes3,Saturación sin AW,22,21,8.886035879,
axes3,Saturación sin AW,23,22,9.309180445,
axes3,Saturación sin AW,24,23,9.72562614,
axes3,Saturación sin AW,25,24,10.13537287,
axes3,Saturación sin AW,26,25,10.53842055,
axes3,Saturación sin AW,27,26,10.93476907,
axes3,Saturación sin AW,28,27,11.32441836,
axes3,Saturación sin AW,29,28,11.70736831,
axes3,Saturación sin AW,30,29,12.08361884,
axes3,Saturación sin AW,31,30,12.45316986,
axes3,Saturación sin AW,32,31,12.81602127,
axes3,Saturación sin AW,33,32,13.17217299,
axes3,Saturación sin AW,34,33,13.52162493,
axes3,Saturación sin AW,35,34,13.864377,
axes3,Saturación sin AW,36,35,14.20042912,
axes3,Saturación sin AW,37,36,14.52978118,
axes3,Saturación sin AW,38,37,14.85243311,
axes3,Saturación sin AW,39,38,15.16838483,
axes3,Saturación sin AW,40,39,15.47763623,
axes3,Saturación sin AW,41,40,15.78018725,
axes3,Saturación sin AW,42,41,16.07603779,
axes3,Saturación sin AW,43,42,16.36518776,
axes3,Saturación sin AW,44,43,16.64763709,
axes3,Saturación sin AW,45,44,16.9233857,
axes3,Saturación sin AW,46,45,17.19253953,
axes3,Saturación sin AW,47,46,17.45520458,
axes3,Saturación sin AW,48,47,17.71148681,
axes3,Saturación sin AW,49,48,17.9614922,
axes3,Saturación sin AW,50,49,18.20532673,
axes3,Saturación sin AW,51,50,18.44309638,
axes3,Saturación sin AW,52,51,18.67490715,
axes3,Saturación sin AW,53,52,18.90086501,
axes3,Saturación sin AW,54,53,19.12107598,
axes3,Saturación sin AW,55,54,19.33564604,
axes3,Saturación sin AW,56,55,19.5446812,
axes3,Saturación sin AW,57,56,19.74828745,
axes3,Saturación sin AW,58,57,19.94657081,
axes3,Saturación sin AW,59,58,20.13963729,
axes3,Saturación sin AW,60,59,20.3275929,
axes3,Saturación sin AW,61,60,20.51054365,
axes3,Saturación sin AW,62,61,20.68859556,
axes3,Saturación sin AW,63,62,20.86185467,
axes3,Saturación sin AW,64,63,21.03042699,
axes3,Saturación sin AW,65,64,21.19441855,
axes3,Saturación sin AW,66,65,21.35393539,
axes3,Saturación sin AW,67,66,21.50908353,
axes3,Saturación sin AW,68,67,21.65996735,
axes3,Saturación sin AW,69,68,21.80668952,
axes3,Saturación sin AW,70,69,21.94935104,
axes3,Saturación sin AW,71,70,22.08805126,
axes3,Saturación sin AW,72,71,22.22288782,
axes3,Saturación sin AW,73,72,22.35395671,
axes3,Saturación sin AW,74,73,22.48135222,
axes3,Saturación sin AW,75,74,22.60516699,
axes3,Saturación sin AW,76,75,22.72549195,
axes3,Saturación sin AW,77,76,22.84241639,
axes3,Saturación sin AW,78,77,22.9560279,
axes3,Saturación sin AW,79,78,23.0664124,
axes3,Saturación sin AW,80,79,23.17365412,
axes3,Saturación sin AW,81,80,23.27783564,
axes3,Saturación sin AW,82,81,23.37903785,
axes3,Saturación sin AW,83,82,23.47733995,
axes3,Saturación sin AW,84,83,23.57281948,
axes3,Saturación sin AW,85,84,23.66555229,
axes3,Saturación sin AW,86,85,23.75561257,
axes3,Saturación sin AW,87,86,23.84307281,
axes3,Saturación sin AW,88,87,23.92800385,
axes3,Saturación sin AW,89,88,24.01047482,
axes3,Saturación sin AW,90,89,24.09055322,
axes3,Saturación sin AW,91,90,24.16830493,
axes3,Saturación sin AW,92,91,24.24379422,
axes3,Saturación sin AW,93,92,24.31708378,
axes3,Saturación sin AW,94,93,24.38823477,
axes3,Saturación sin AW,95,94,24.45730684,
axes3,Saturación sin AW,96,95,24.52435813,
axes3,Saturación sin AW,97,96,24.58944531,
axes3,Saturación sin AW,98,97,24.65262363,
axes3,Saturación sin AW,99,98,24.71394692,
axes3,Saturación sin AW,100,99,24.77346762,
axes3,Saturación sin AW,101,100,24.83123682,
axes3,Saturación sin AW,102,101,24.88730426,
axes3,Saturación sin AW,103,102,24.94171838,
axes3,Saturación sin AW,104,103,24.99452636,
axes3,Saturación sin AW,105,104,25.0457741,
axes3,Saturación sin AW,106,105,25.09550629,
axes3,Saturación sin AW,107,106,25.14376641,
axes3,Saturación sin AW,108,107,25.19059677,
axes3,Saturación sin AW,109,108,25.23603854,
axes3,Saturación sin AW,110,109,25.28013175,
axes3,Saturación sin AW,111,110,25.32291535,
axes3,Saturación sin AW,112,111,25.36442723,
axes3,Saturación sin AW,113,112,25.40470421,
axes3,Saturación sin AW,114,113,25.44378213,
axes3,Saturación sin AW,115,114,25.48169582,
axes3,Saturación sin AW,116,115,25.51847912,
axes3,Saturación sin AW,117,116,25.55416496,
axes3,Saturación sin AW,118,117,25.58878533,
axes3,Saturación sin AW,119,118,25.62237134,
axes3,Saturación sin AW,120,119,25.65495322,
axes3,Saturación sin AW,121,120,25.68656033,
axes3,Saturación sin AW,122,121,25.71722121,
axes3,Saturación sin AW,123,122,25.74696362,
axes3,Saturación sin AW,124,123,25.77581449,
axes3,Saturación sin AW,125,124,25.8038,
axes3,Saturación sin AW,126,125,25.8309456,
axes3,Saturación sin AW,127,126,25.85727599,
axes3,Saturación sin AW,128,127,25.88281518,
axes3,Saturación sin AW,129,128,25.90758647,
axes3,Saturación sin AW,130,129,25.93161252,
axes3,Saturación sin AW,131,130,25.95491531,
axes3,Saturación sin AW,132,131,25.97751621,
axes3,Saturación sin AW,133,132,25.99943596,
axes3,Saturación sin AW,134,133,26.0206947,
axes3,Saturación sin AW,135,134,26.04131199,
axes3,Saturación sin AW,136,135,26.06130683,
axes3,Saturación sin AW,137,136,26.08069766,
axes3,Saturación sin AW,138,137,26.09950239,
axes3,Saturación sin AW,139,138,26.11773839,
axes3,Saturación sin AW,140,139,26.13542256,
axes3,Saturación sin AW,141,140,26.15257128,
axes3,Saturación sin AW,142,141,26.16920046,
axes3,Saturación sin AW,143,142,26.18532554,
axes3,Saturación sin AW,144,143,26.20096151,
axes3,Saturación sin AW,145,144,26.21612294,
axes3,Saturación sin AW,146,145,26.23082394,
axes3,Saturación sin AW,147,146,26.24507822,
axes3,Saturación sin AW,148,147,26.25889911,
axes3,Saturación sin AW,149,148,26.27229951,
axes3,Saturación sin AW,150,149,26.28529196,
axes3,Saturación sin AW,151,150,26.29788864,
axes3,Saturación sin AW,152,151,26.31010136,
axes3,Saturación sin AW,153,152,26.32194159,
axes3,Saturación sin AW,154,153,26.33342043,
axes3,Saturación sin AW,155,154,26.34454871,
axes3,Saturación sin AW,156,155,26.35533688,
axes3,Saturación sin AW,157,156,26.36579513,
axes3,Saturación sin AW,158,157,26.37593331,
axes3,Saturación sin AW,159,158,26.38576102,
axes3,Saturación sin AW,160,159,26.39528753,
axes3,Saturación sin AW,161,160,26.40452186,
axes3,Saturación sin AW,162,161,26.41347278,
axes3,Saturación sin AW,163,162,26.42214876,
axes3,Saturación sin AW,164,163,26.43055805,
axes3,Saturación sin AW,165,164,26.43870865,
axes3,Saturación sin AW,166,165,26.4466083,
axes3,Saturación sin AW,167,166,26.45426454,
axes3,Saturación sin AW,168,167,26.46168467,
axes3,Saturación sin AW,169,168,26.46887578,
axes3,Saturación sin AW,170,169,26.47584474,
axes3,Saturación sin AW,171,170,26.48259823,
axes3,Saturación sin AW,172,171,26.48914271,
axes3,Saturación sin AW,173,172,26.49548447,
axes3,Saturación sin AW,174,173,26.5016296,
axes3,Saturación sin AW,175,174,26.50758402,
axes3,Saturación sin AW,176,175,26.51335345,
axes3,Saturación sin AW,177,176,26.51894346,
axes3,Saturación sin AW,178,177,26.52435946,
axes3,Saturación sin AW,179,178,26.52960667,
axes3,Saturación sin AW,180,179,26.53469019,
axes3,Saturación sin AW,181,180,26.53961494,
axes3,Saturación sin AW,182,181,26.5443857,
axes3,Saturación sin AW,183,182,26.54900711,
axes3,Saturación sin AW,184,183,26.55348368,
axes3,Saturación sin AW,185,184,26.55781977,
axes3,Saturación sin AW,186,185,26.56201962,
axes3,Saturación sin AW,187,186,26.56608734,
axes3,Saturación sin AW,188,187,26.57002691,
axes3,Saturación sin AW,189,188,26.57384221,
axes3,Saturación sin AW,190,189,26.57753698,
axes3,Saturación sin AW,191,190,26.58111488,
axes3,Saturación sin AW,192,191,26.58457942,
axes3,Saturación sin AW,193,192,26.58793403,
axes3,Saturación sin AW,194,193,26.59118204,
axes3,Saturación sin AW,195,194,26.59432667,
axes3,Saturación sin AW,196,195,26.59737104,
axes3,Saturación sin AW,197,196,26.6003182,
axes3,Saturación sin AW,198,197,26.60317108,
axes3,Saturación sin AW,199,198,26.60593254,
axes3,Saturación sin AW,200,199,26.60860535,
axes3,Saturación sin AW,201,200,26.61119219,
axes3,Saturación sin AW,202,201,26.61369567,
axes3,Saturación sin AW,203,202,26.61611832,
axes3,Saturación sin AW,204,203,26.61846258,
axes3,Saturación sin AW,205,204,26.62073084,
axes3,Saturación sin AW,206,205,26.62292541,
axes3,Saturación sin AW,207,206,26.62504852,
axes3,Saturación sin AW,208,207,26.62710234,
axes3,Saturación sin AW,209,208,26.62908897,
axes3,Saturación sin AW,210,209,26.63101047,
axes3,Saturación sin AW,211,210,26.63286881,
axes3,Saturación sin AW,212,211,26.63466592,
axes3,Saturación sin AW,213,212,26.63640365,
axes3,Saturación sin AW,214,213,26.63808382,
axes3,Saturación sin AW,215,214,26.63970817,
axes3,Saturación sin AW,216,215,26.64127842,
axes3,Saturación sin AW,217,216,26.64279621,
axes3,Saturación sin AW,218,217,26.64426314,
axes3,Saturación sin AW,219,218,26.64568076,
axes3,Saturación sin AW,220,219,26.64705058,
axes3,Saturación sin AW,221,220,26.64837406,
axes3,Saturación sin AW,222,221,26.64965262,
axes3,Saturación sin AW,223,222,26.65088763,
axes3,Saturación sin AW,224,223,26.65208042,
axes3,Saturación sin AW,225,224,26.65323229,
axes3,Saturación sin AW,226,225,26.65434449,
axes3,Saturación sin AW,227,226,26.65541823,
axes3,Saturación sin AW,228,227,26.6564547,
axes3,Saturación sin AW,229,228,26.65745505,
axes3,Saturación sin AW,230,229,26.65842037,
axes3,Saturación sin AW,231,230,26.65935174,
axes3,Saturación sin AW,232,231,26.66025022,
axes3,Saturación sin AW,233,232,26.66111681,
axes3,Saturación sin AW,234,233,26.6619525,
axes3,Saturación sin AW,235,234,26.66275823,
axes3,Saturación sin AW,236,235,26.66353493,
axes3,Saturación sin AW,237,236,26.6642835,
axes3,Saturación sin AW,238,237,26.66500481,
axes3,Saturación sin AW,239,238,26.66569969,
axes3,Saturación sin AW,240,239,26.66636897,
axes3,Saturación sin AW,241,240,26.66701344,
axes3,Saturación sin AW,242,241,26.66763386,
axes3,Saturación sin AW,243,242,26.66823099,
axes3,Saturación sin AW,244,243,26.66880555,
axes3,Saturación sin AW,245,244,26.66935824,
axes3,Saturación sin AW,246,245,26.66988973,
axes3,Saturación sin AW,247,246,26.67040069,
axes3,Saturación sin AW,248,247,26.67089176,
axes3,Saturación sin AW,249,248,26.67136356,
axes3,Saturación sin AW,250,249,26.67181669,
axes3,Saturación sin AW,251,250,26.67225173,
axes3,Saturación sin AW,252,251,26.67266926,
axes3,Saturación sin AW,253,252,26.67306981,
axes3,Saturación sin AW,254,253,26.67345392,
axes3,Saturación sin AW,255,254,26.67382212,
axes3,Saturación sin AW,256,255,26.67417489,
axes3,Saturación sin AW,257,256,26.67451272,
axes3,Saturación sin AW,258,257,26.67483609,
axes3,Saturación sin AW,259,258,26.67514545,
axes3,Saturación sin AW,260,259,26.67544125,
axes3,Saturación sin AW,261,260,26.67572391,
axes3,Saturación sin AW,262,261,26.67599385,
axes3,Saturación sin AW,263,262,26.67625147,
axes3,Saturación sin AW,264,263,26.67649717,
axes3,Saturación sin AW,265,264,26.67673133,
axes3,Saturación sin AW,266,265,26.67695431,
axes3,Saturación sin AW,267,266,26.67716647,
axes3,Saturación sin AW,268,267,26.67736815,
axes3,Saturación sin AW,269,268,26.6775597,
axes3,Saturación sin AW,270,269,26.67774144,
axes3,Saturación sin AW,271,270,26.67791368,
axes3,Saturación sin AW,272,271,26.67807673,
axes3,Saturación sin AW,273,272,26.67823089,
axes3,Saturación sin AW,274,273,26.67837645,
axes3,Saturación sin AW,275,274,26.67851368,
axes3,Saturación sin AW,276,275,26.67864285,
axes3,Saturación sin AW,277,276,26.67876423,
axes3,Saturación sin AW,278,277,26.67887807,
axes3,Saturación sin AW,279,278,26.67898462,
axes3,Saturación sin AW,280,279,26.67908412,
axes3,Saturación sin AW,281,280,26.67917679,
axes3,Saturación sin AW,282,281,26.67926287,
axes3,Saturación sin AW,283,282,26.67934258,
axes3,Saturación sin AW,284,283,26.67941611,
axes3,Saturación sin AW,285,284,26.67948369,
axes3,Saturación sin AW,286,285,26.6795455,
axes3,Saturación sin AW,287,286,26.67960174,
axes3,Saturación sin AW,288,287,26.67965259,
axes3,Saturación sin AW,289,288,26.67969824,
axes3,Saturación sin AW,290,289,26.67973887,
axes3,Saturación sin AW,291,290,26.67977464,
axes3,Saturación sin AW,292,291,26.67980571,
axes3,Saturación sin AW,293,292,26.67983226,
axes3,Saturación sin AW,294,293,26.67985442,
axes3,Saturación sin AW,295,294,26.67987236,
axes3,Saturación sin AW,296,295,26.67988622,
axes3,Saturación sin AW,297,296,26.67989613,
axes3,Saturación sin AW,298,297,26.67990225,
axes3,Saturación sin AW,299,298,26.67990469,
axes3,Saturación sin AW,300,299,26.67990359,
axes3,Saturación sin AW,301,300,26.67989907,
axes3,Saturación sin AW,302,301,26.67989125,
axes3,Saturación sin AW,303,302,26.67988025,
axes3,Saturación sin AW,304,303,26.67986619,
axes3,Saturación sin AW,305,304,26.67984916,
axes3,Saturación sin AW,306,305,26.67982929,
axes3,Saturación sin AW,307,306,26.67980667,
axes3,Saturación sin AW,308,307,26.67978141,
axes3,Saturación sin AW,309,308,26.67975359,
axes3,Saturación sin AW,310,309,26.67972332,
axes3,Saturación sin AW,311,310,26.67969068,
axes3,Saturación sin AW,312,311,26.67965577,
axes3,Saturación sin AW,313,312,26.67961866,
axes3,Saturación sin AW,314,313,26.67957945,
axes3,Saturación sin AW,315,314,26.6795382,
axes3,Saturación sin AW,316,315,26.67949501,
axes3,Saturación sin AW,317,316,26.67944994,
axes3,Saturación sin AW,318,317,26.67940307,
axes3,Saturación sin AW,319,318,26.67935447,
axes3,Saturación sin AW,320,319,26.67930421,
axes3,Saturación sin AW,321,320,26.67925234,
axes3,Saturación sin AW,322,321,26.67919895,
axes3,Saturación sin AW,323,322,26.67914409,
axes3,Saturación sin AW,324,323,26.67908781,
axes3,Saturación sin AW,325,324,26.67903019,
axes3,Saturación sin AW,326,325,26.67897127,
axes3,Saturación sin AW,327,326,26.67891111,
axes3,Saturación sin AW,328,327,26.67884977,
axes3,Saturación sin AW,329,328,26.67878729,
axes3,Saturación sin AW,330,329,26.67872372,
axes3,Saturación sin AW,331,330,26.67865912,
axes3,Saturación sin AW,332,331,26.67859352,
axes3,Saturación sin AW,333,332,26.67852698,
axes3,Saturación sin AW,334,333,26.67845954,
axes3,Saturación sin AW,335,334,26.67839124,
axes3,Saturación sin AW,336,335,26.67832212,
axes3,Saturación sin AW,337,336,26.67825222,
axes3,Saturación sin AW,338,337,26.67818158,
axes3,Saturación sin AW,339,338,26.67811024,
axes3,Saturación sin AW,340,339,26.67803823,
axes3,Saturación sin AW,341,340,26.67796559,
axes3,Saturación sin AW,342,341,26.67789235,
axes3,Saturación sin AW,343,342,26.67781855,
axes3,Saturación sin AW,344,343,26.67774421,
axes3,Saturación sin AW,345,344,26.67766936,
axes3,Saturación sin AW,346,345,26.67759405,
axes3,Saturación sin AW,347,346,26.67751829,
axes3,Saturación sin AW,348,347,26.6774421,
axes3,Saturación sin AW,349,348,26.67736553,
axes3,Saturación sin AW,350,349,26.6772886,
axes3,Saturación sin AW,351,350,26.67721132,
axes3,Saturación sin AW,352,351,26.67713373,
axes3,Saturación sin AW,353,352,26.67705584,
axes3,Saturación sin AW,354,353,26.67697769,
axes3,Saturación sin AW,355,354,26.67689928,
axes3,Saturación sin AW,356,355,26.67682065,
axes3,Saturación sin AW,357,356,26.67674181,
axes3,Saturación sin AW,358,357,26.67666279,
axes3,Saturación sin AW,359,358,26.6765836,
axes3,Saturación sin AW,360,359,26.67650426,
axes3,Saturación sin AW,361,360,26.67642479,
axes3,Saturación sin AW,362,361,26.6763452,
axes3,Saturación sin AW,363,362,26.67626552,
axes3,Saturación sin AW,364,363,26.67618575,
axes3,Saturación sin AW,365,364,26.67610592,
axes3,Saturación sin AW,366,365,26.67602604,
axes3,Saturación sin AW,367,366,26.67594612,
axes3,Saturación sin AW,368,367,26.67586618,
axes3,Saturación sin AW,369,368,26.67578623,
axes3,Saturación sin AW,370,369,26.67570628,
axes3,Saturación sin AW,371,370,26.67562635,
axes3,Saturación sin AW,372,371,26.67554645,
axes3,Saturación sin AW,373,372,26.67546659,
axes3,Saturación sin AW,374,373,26.67538678,
axes3,Saturación sin AW,375,374,26.67530703,
axes3,Saturación sin AW,376,375,26.67522735,
axes3,Saturación sin AW,377,376,26.67514776,
axes3,Saturación sin AW,378,377,26.67506826,
axes3,Saturación sin AW,379,378,26.67498887,
axes3,Saturación sin AW,380,379,26.67490958,
axes3,Saturación sin AW,381,380,26.67483041,
axes3,Saturación sin AW,382,381,26.67475137,
axes3,Saturación sin AW,383,382,26.67467247,
axes3,Saturación sin AW,384,383,26.67459371,
axes3,Saturación sin AW,385,384,26.6745151,
axes3,Saturación sin AW,386,385,26.67443665,
axes3,Saturación sin AW,387,386,26.67435837,
axes3,Saturación sin AW,388,387,26.67428026,
axes3,Saturación sin AW,389,388,26.67420232,
axes3,Saturación sin AW,390,389,26.67412457,
axes3,Saturación sin AW,391,390,26.67404701,
axes3,Saturación sin AW,392,391,26.67396965,
axes3,Saturación sin AW,393,392,26.67389249,
axes3,Saturación sin AW,394,393,26.67381553,
axes3,Saturación sin AW,395,394,26.67373878,
axes3,Saturación sin AW,396,395,26.67366225,
axes3,Saturación sin AW,397,396,26.67358595,
axes3,Saturación sin AW,398,397,26.67350986,
axes3,Saturación sin AW,399,398,26.67343401,
axes3,Saturación sin AW,400,399,26.67335839,
axes3,Saturación sin AW,401,400,26.673283,
axes3,Saturación sin AW,402,401,26.67320786,
axes3,Saturación sin AW,403,402,26.67313296,
axes3,Saturación sin AW,404,403,26.67305831,
axes3,Saturación sin AW,405,404,26.6729839,
axes3,Saturación sin AW,406,405,26.67290976,
axes3,Saturación sin AW,407,406,26.67283586,
axes3,Saturación sin AW,408,407,26.67276223,
axes3,Saturación sin AW,409,408,26.67268886,
axes3,Saturación sin AW,410,409,26.67261575,
axes3,Saturación sin AW,411,410,26.67254291,
axes3,Saturación sin AW,412,411,26.67247034,
axes3,Saturación sin AW,413,412,26.67239804,
axes3,Saturación sin AW,414,413,26.67232601,
axes3,Saturación sin AW,415,414,26.67225425,
axes3,Saturación sin AW,416,415,26.67218278,
axes3,Saturación sin AW,417,416,26.67211158,
axes3,Saturación sin AW,418,417,26.67204065,
axes3,Saturación sin AW,419,418,26.67197001,
axes3,Saturación sin AW,420,419,26.67189966,
axes3,Saturación sin AW,421,420,26.67182958,
axes3,Saturación sin AW,422,421,26.67175979,
axes3,Saturación sin AW,423,422,26.67169029,
axes3,Saturación sin AW,424,423,26.67162107,
axes3,Saturación sin AW,425,424,26.67155214,
axes3,Saturación sin AW,426,425,26.6714835,
axes3,Saturación sin AW,427,426,26.67141515,
axes3,Saturación sin AW,428,427,26.67134708,
axes3,Saturación sin AW,429,428,26.67127931,
axes3,Saturación sin AW,430,429,26.67121183,
axes3,Saturación sin AW,431,430,26.67114464,
axes3,Saturación sin AW,432,431,26.67107774,
axes3,Saturación sin AW,433,432,26.67101114,
axes3,Saturación sin AW,434,433,26.67094483,
axes3,Saturación sin AW,435,434,26.67087881,
axes3,Saturación sin AW,436,435,26.67081308,
axes3,Saturación sin AW,437,436,26.67074765,
axes3,Saturación sin AW,438,437,26.6706825,
axes3,Saturación sin AW,439,438,26.67061766,
axes3,Saturación sin AW,440,439,26.6705531,
axes3,Saturación sin AW,441,440,26.67048884,
axes3,Saturación sin AW,442,441,26.67042487,
axes3,Saturación sin AW,443,442,26.6703612,
axes3,Saturación sin AW,444,443,26.67029782,
axes3,Saturación sin AW,445,444,26.67023473,
axes3,Saturación sin AW,446,445,26.67017193,
axes3,Saturación sin AW,447,446,26.67010942,
axes3,Saturación sin AW,448,447,26.67004721,
axes3,Saturación sin AW,449,448,26.66998529,
axes3,Saturación sin AW,450,449,26.66992366,
axes3,Saturación sin AW,451,450,26.66986231,
axes3,Saturación sin AW,452,451,26.66980126,
axes3,Saturación sin AW,453,452,26.6697405,
axes3,Saturación sin AW,454,453,26.66968003,
axes3,Saturación sin AW,455,454,26.66961984,
axes3,Saturación sin AW,456,455,26.66955995,
axes3,Saturación sin AW,457,456,26.66950034,
axes3,Saturación sin AW,458,457,26.66944101,
axes3,Saturación sin AW,459,458,26.66938198,
axes3,Saturación sin AW,460,459,26.66932322,
axes3,Saturación sin AW,461,460,26.66926475,
axes3,Saturación sin AW,462,461,26.66920657,
axes3,Saturación sin AW,463,462,26.66914867,
axes3,Saturación sin AW,464,463,26.66909105,
axes3,Saturación sin AW,465,464,26.66903371,
axes3,Saturación sin AW,466,465,26.66897666,
axes3,Saturación sin AW,467,466,26.66891988,
axes3,Saturación sin AW,468,467,26.66886338,
axes3,Saturación sin AW,469,468,26.66880716,
axes3,Saturación sin AW,470,469,26.66875122,
axes3,Saturación sin AW,471,470,26.66869556,
axes3,Saturación sin AW,472,471,26.66864017,
axes3,Saturación sin AW,473,472,26.66858505,
axes3,Saturación sin AW,474,473,26.66853021,
axes3,Saturación sin AW,475,474,26.66847564,
axes3,Saturación sin AW,476,475,26.66842134,
axes3,Saturación sin AW,477,476,26.66836732,
axes3,Saturación sin AW,478,477,26.66831356,
axes3,Saturación sin AW,479,478,26.66826008,
axes3,Saturación sin AW,480,479,26.66820686,
axes3,Saturación sin AW,481,480,26.66815391,
axes3,Saturación sin AW,482,481,26.66810122,
axes3,Saturación sin AW,483,482,26.66804881,
axes3,Saturación sin AW,484,483,26.66799665,
axes3,Saturación sin AW,485,484,26.66794476,
axes3,Saturación sin AW,486,485,26.66789313,
axes3,Saturación sin AW,487,486,26.66784176,
axes3,Saturación sin AW,488,487,26.66779065,
axes3,Saturación sin AW,489,488,26.6677398,
axes3,Saturación sin AW,490,489,26.66768921,
axes3,Saturación sin AW,491,490,26.66763888,
axes3,Saturación sin AW,492,491,26.6675888,
axes3,Saturación sin AW,493,492,26.66753898,
axes3,Saturación sin AW,494,493,26.66748941,
axes3,Saturación sin AW,495,494,26.66744009,
axes3,Saturación sin AW,496,495,26.66739103,
axes3,Saturación sin AW,497,496,26.66734221,
axes3,Saturación sin AW,498,497,26.66729365,
axes3,Saturación sin AW,499,498,26.66724533,
axes3,Saturación sin AW,500,499,26.66719726,
axes3,Saturación sin AW,501,500,26.66714944,
axes3,Saturación sin AW,502,501,26.66710186,
axes3,Saturación sin AW,503,502,26.66705453,
axes3,Saturación sin AW,504,503,26.66700744,
axes3,Saturación sin AW,505,504,26.6669606,
axes3,Saturación sin AW,506,505,26.66691399,
axes3,Saturación sin AW,507,506,26.66686763,
axes3,Saturación sin AW,508,507,26.6668215,
axes3,Saturación sin AW,509,508,26.66677561,
axes3,Saturación sin AW,510,509,26.66672996,
axes3,Saturación sin AW,511,510,26.66668454,
axes3,Saturación sin AW,512,511,26.66663936,
axes3,Saturación sin AW,513,512,26.66659441,
axes3,Saturación sin AW,514,513,26.6665497,
axes3,Saturación sin AW,515,514,26.66650521,
axes3,Saturación sin AW,516,515,26.66646096,
axes3,Saturación sin AW,517,516,26.66641694,
axes3,Saturación sin AW,518,517,26.66637314,
axes3,Saturación sin AW,519,518,26.66632957,
axes3,Saturación sin AW,520,519,26.66628623,
axes3,Saturación sin AW,521,520,26.66624311,
axes3,Saturación sin AW,522,521,26.66620022,
axes3,Saturación sin AW,523,522,26.66615754,
axes3,Saturación sin AW,524,523,26.6661151,
axes3,Saturación sin AW,525,524,26.66607287,
axes3,Saturación sin AW,526,525,26.66603086,
axes3,Saturación sin AW,527,526,26.66598907,
axes3,Saturación sin AW,528,527,26.66594749,
axes3,Saturación sin AW,529,528,26.66590614,
axes3,Saturación sin AW,530,529,26.665865,
axes3,Saturación sin AW,531,530,26.66582407,
axes3,Saturación sin AW,532,531,26.66578336,
axes3,Saturación sin AW,533,532,26.66574286,
axes3,Saturación sin AW,534,533,26.66570257,
axes3,Saturación sin AW,535,534,26.66566249,
axes3,Saturación sin AW,536,535,26.66562262,
axes3,Saturación sin AW,537,536,26.66558296,
axes3,Saturación sin AW,538,537,26.66554351,
axes3,Saturación sin AW,539,538,26.66550426,
axes3,Saturación sin AW,540,539,26.66546522,
axes3,Saturación sin AW,541,540,26.66542638,
axes3,Saturación sin AW,542,541,26.66538774,
axes3,Saturación sin AW,543,542,26.66534931,
axes3,Saturación sin AW,544,543,26.66531108,
axes3,Saturación sin AW,545,544,26.66527305,
axes3,Saturación sin AW,546,545,26.66523522,
axes3,Saturación sin AW,547,546,26.66519758,
axes3,Saturación sin AW,548,547,26.66516015,
axes3,Saturación sin AW,549,548,26.6651229,
axes3,Saturación sin AW,550,549,26.66508586,
axes3,Saturación sin AW,551,550,26.66504901,
axes3,Saturación sin AW,552,551,26.66501235,
axes3,Saturación sin AW,553,552,26.66497588,
axes3,Saturación sin AW,554,553,26.66493961,
axes3,Saturación sin AW,555,554,26.66490353,
axes3,Saturación sin AW,556,555,26.66486763,
axes3,Saturación sin AW,557,556,26.66483192,
axes3,Saturación sin AW,558,557,26.66479641,
axes3,Saturación sin AW,559,558,26.66476107,
axes3,Saturación sin AW,560,559,26.66472593,
axes3,Saturación sin AW,561,560,26.66469096,
axes3,Saturación sin AW,562,561,26.66465619,
axes3,Saturación sin AW,563,562,26.66462159,
axes3,Saturación sin AW,564,563,26.66458718,
axes3,Saturación sin AW,565,564,26.66455294,
axes3,Saturación sin AW,566,565,26.66451889,
axes3,Saturación sin AW,567,566,26.66448502,
axes3,Saturación sin AW,568,567,26.66445132,
axes3,Saturación sin AW,569,568,26.6644178,
axes3,Saturación sin AW,570,569,26.66438446,
axes3,Saturación sin AW,571,570,26.66435129,
axes3,Saturación sin AW,572,571,26.6643183,
axes3,Saturación sin AW,573,572,26.66428548,
axes3,Saturación sin AW,574,573,26.66425284,
axes3,Saturación sin AW,575,574,26.66422036,
axes3,Saturación sin AW,576,575,26.66418806,
axes3,Saturación sin AW,577,576,26.66415593,
axes3,Saturación sin AW,578,577,26.66412396,
axes3,Saturación sin AW,579,578,26.66409217,
axes3,Saturación sin AW,580,579,26.66406054,
axes3,Saturación sin AW,581,580,26.66402908,
axes3,Saturación sin AW,582,581,26.66399778,
axes3,Saturación sin AW,583,582,26.66396665,
axes3,Saturación sin AW,584,583,26.66393568,
axes3,Saturación sin AW,585,584,26.66390488,
axes3,Saturación sin AW,586,585,26.66387424,
axes3,Saturación sin AW,587,586,26.66384376,
axes3,Saturación sin AW,588,587,26.66381344,
axes3,Saturación sin AW,589,588,26.66378328,
axes3,Saturación sin AW,590,589,26.66375328,
axes3,Saturación sin AW,591,590,26.66372344,
axes3,Saturación sin AW,592,591,26.66369375,
axes3,Saturación sin AW,593,592,26.66366423,
axes3,Saturación sin AW,594,593,26.66363485,
axes3,Saturación sin AW,595,594,26.66360563,
axes3,Saturación sin AW,596,595,26.66357657,
axes3,Saturación sin AW,597,596,26.66354766,
axes3,Saturación sin AW,598,597,26.6635189,
axes3,Saturación sin AW,599,598,26.6634903,
axes3,Saturación sin AW,600,599,26.66346184,
axes3,Saturación sin AW,601,600,26.66343354,
axes3,Saturación sin AW,602,601,26.66340538,
axes3,Saturación sin AW,603,602,26.66337737,
axes3,Saturación sin AW,604,603,26.66334951,
axes3,Saturación sin AW,605,604,26.6633218,
axes3,Saturación sin AW,606,605,26.66329424,
axes3,Saturación sin AW,607,606,26.66326681,
axes3,Saturación sin AW,608,607,26.66323954,
axes3,Saturación sin AW,609,608,26.66321241,
axes3,Saturación sin AW,610,609,26.66318542,
axes3,Saturación sin AW,611,610,26.66315857,
axes3,Saturación sin AW,612,611,26.66313187,
axes3,Saturación sin AW,613,612,26.6631053,
axes3,Saturación sin AW,614,613,26.66307888,
axes3,Saturación sin AW,615,614,26.6630526,
axes3,Saturación sin AW,616,615,26.66302645,
axes3,Saturación sin AW,617,616,26.66300044,
axes3,Saturación sin AW,618,617,26.66297457,
axes3,Saturación sin AW,619,618,26.66294884,
axes3,Saturación sin AW,620,619,26.66292324,
axes3,Saturación sin AW,621,620,26.66289778,
axes3,Saturación sin AW,622,621,26.66287245,
axes3,Saturación sin AW,623,622,26.66284726,
axes3,Saturación sin AW,624,623,26.6628222,
axes3,Saturación sin AW,625,624,26.66279727,
axes3,Saturación sin AW,626,625,26.66277247,
axes3,Saturación sin AW,627,626,26.66274781,
axes3,Saturación sin AW,628,627,26.66272327,
axes3,Saturación sin AW,629,628,26.66269887,
axes3,Saturación sin AW,630,629,26.66267459,
axes3,Saturación sin AW,631,630,26.66265044,
axes3,Saturación sin AW,632,631,26.66262642,
axes3,Saturación sin AW,633,632,26.66260253,
axes3,Saturación sin AW,634,633,26.66257876,
axes3,Saturación sin AW,635,634,26.66255512,
axes3,Saturación sin AW,636,635,26.6625316,
axes3,Saturación sin AW,637,636,26.66250821,
axes3,Saturación sin AW,638,637,26.66248494,
axes3,Saturación sin AW,639,638,26.66246179,
axes3,Saturación sin AW,640,639,26.66243876,
axes3,Saturación sin AW,641,640,26.66241586,
axes3,Saturación sin AW,642,641,26.66239308,
axes3,Saturación sin AW,643,642,26.66237042,
axes3,Saturación sin AW,644,643,26.66234788,
axes3,Saturación sin AW,645,644,26.66232545,
axes3,Saturación sin AW,646,645,26.66230315,
axes3,Saturación sin AW,647,646,26.66228096,
axes3,Saturación sin AW,648,647,26.6622589,
axes3,Saturación sin AW,649,648,26.66223694,
axes3,Saturación sin AW,650,649,26.66221511,
axes3,Saturación sin AW,651,650,26.66219339,
axes3,Saturación sin AW,652,651,26.66217178,
axes3,Saturación sin AW,653,652,26.66215029,
axes3,Saturación sin AW,654,653,26.66212891,
axes3,Saturación sin AW,655,654,26.66210765,
axes3,Saturación sin AW,656,655,26.66208649,
axes3,Saturación sin AW,657,656,26.66206545,
axes3,Saturación sin AW,658,657,26.66204452,
axes3,Saturación sin AW,659,658,26.6620237,
axes3,Saturación sin AW,660,659,26.66200299,
axes3,Saturación sin AW,661,660,26.66198239,
axes3,Saturación sin AW,662,661,26.6619619,
axes3,Saturación sin AW,663,662,26.66194152,
axes3,Saturación sin AW,664,663,26.66192125,
axes3,Saturación sin AW,665,664,26.66190108,
axes3,Saturación sin AW,666,665,26.66188102,
axes3,Saturación sin AW,667,666,26.66186106,
axes3,Saturación sin AW,668,667,26.66184121,
axes3,Saturación sin AW,669,668,26.66182147,
axes3,Saturación sin AW,670,669,26.66180183,
axes3,Saturación sin AW,671,670,26.66178229,
axes3,Saturación sin AW,672,671,26.66176286,
axes3,Saturación sin AW,673,672,26.66174353,
axes3,Saturación sin AW,674,673,26.6617243,
axes3,Saturación sin AW,675,674,26.66170517,
axes3,Saturación sin AW,676,675,26.66168615,
axes3,Saturación sin AW,677,676,26.66166722,
axes3,Saturación sin AW,678,677,26.6616484,
axes3,Saturación sin AW,679,678,26.66162968,
axes3,Saturación sin AW,680,679,26.66161105,
axes3,Saturación sin AW,681,680,26.66159252,
axes3,Saturación sin AW,682,681,26.66157409,
axes3,Saturación sin AW,683,682,26.66155576,
axes3,Saturación sin AW,684,683,26.66153752,
axes3,Saturación sin AW,685,684,26.66151939,
axes3,Saturación sin AW,686,685,26.66150134,
axes3,Saturación sin AW,687,686,26.66148339,
axes3,Saturación sin AW,688,687,26.66146554,
axes3,Saturación sin AW,689,688,26.66144778,
axes3,Saturación sin AW,690,689,26.66143012,
axes3,Saturación sin AW,691,690,26.66141255,
axes3,Saturación sin AW,692,691,26.66139507,
axes3,Saturación sin AW,693,692,26.66137768,
axes3,Saturación sin AW,694,693,26.66136039,
axes3,Saturación sin AW,695,694,26.66134319,
axes3,Saturación sin AW,696,695,26.66132608,
axes3,Saturación sin AW,697,696,26.66130906,
axes3,Saturación sin AW,698,697,26.66129213,
axes3,Saturación sin AW,699,698,26.66127528,
axes3,Saturación sin AW,700,699,26.66125853,
axes3,Saturación sin AW,701,700,26.66124187,
axes3,Saturación sin AW,702,701,26.66122529,
axes3,Saturación sin AW,703,702,26.6612088,
axes3,Saturación sin AW,704,703,26.6611924,
axes3,Saturación sin AW,705,704,26.66117609,
axes3,Saturación sin AW,706,705,26.66115986,
axes3,Saturación sin AW,707,706,26.66114372,
axes3,Saturación sin AW,708,707,26.66112766,
axes3,Saturación sin AW,709,708,26.66111169,
axes3,Saturación sin AW,710,709,26.6610958,
axes3,Saturación sin AW,711,710,26.66108,
axes3,Saturación sin AW,712,711,26.66106428,
axes3,Saturación sin AW,713,712,26.66104864,
axes3,Saturación sin AW,714,713,26.66103309,
axes3,Saturación sin AW,715,714,26.66101762,
axes3,Saturación sin AW,716,715,26.66100223,
axes3,Saturación sin AW,717,716,26.66098692,
axes3,Saturación sin AW,718,717,26.66097169,
axes3,Saturación sin AW,719,718,26.66095655,
axes3,Saturación sin AW,720,719,26.66094148,
axes3,Saturación sin AW,721,720,26.66092649,
axes3,Saturación sin AW,722,721,26.66091158,
axes3,Saturación sin AW,723,722,26.66089676,
axes3,Saturación sin AW,724,723,26.660882,
axes3,Saturación sin AW,725,724,26.66086733,
axes3,Saturación sin AW,726,725,26.66085274,
axes3,Saturación sin AW,727,726,26.66083822,
axes3,Saturación sin AW,728,727,26.66082378,
axes3,Saturación sin AW,729,728,26.66080941,
axes3,Saturación sin AW,730,729,26.66079512,
axes3,Saturación sin AW,731,730,26.66078091,
axes3,Saturación sin AW,732,731,26.66076677,
axes3,Saturación sin AW,733,732,26.66075271,
axes3,Saturación sin AW,734,733,26.66073872,
axes3,Saturación sin AW,735,734,26.66072481,
axes3,Saturación sin AW,736,735,26.66071096,
axes3,Saturación sin AW,737,736,26.6606972,
axes3,Saturación sin AW,738,737,26.6606835,
axes3,Saturación sin AW,739,738,26.66066988,
axes3,Saturación sin AW,740,739,26.66065633,
axes3,Saturación sin AW,741,740,26.66064285,
axes3,Saturación sin AW,742,741,26.66062944,
axes3,Saturación sin AW,743,742,26.6606161,
axes3,Saturación sin AW,744,743,26.66060284,
axes3,Saturación sin AW,745,744,26.66058964,
axes3,Saturación sin AW,746,745,26.66057651,
axes3,Saturación sin AW,747,746,26.66056346,
axes3,Saturación sin AW,748,747,26.66055047,
axes3,Saturación sin AW,749,748,26.66053755,
axes3,Saturación sin AW,750,749,26.6605247,
axes3,Saturación sin AW,751,750,26.66051191,
axes3,Saturación sin AW,752,751,26.6604992,
axes3,Saturación sin AW,753,752,26.66048655,
axes3,Saturación sin AW,754,753,26.66047397,
axes3,Saturación sin AW,755,754,26.66046145,
axes3,Saturación sin AW,756,755,26.66044901,
axes3,Saturación sin AW,757,756,26.66043662,
axes3,Saturación sin AW,758,757,26.66042431,
axes3,Saturación sin AW,759,758,26.66041205,
axes3,Saturación sin AW,760,759,26.66039987,
axes3,Saturación sin AW,761,760,26.66038774,
axes3,Saturación sin AW,762,761,26.66037568,
axes3,Saturación sin AW,763,762,26.66036369,
axes3,Saturación sin AW,764,763,26.66035176,
axes3,Saturación sin AW,765,764,26.66033989,
axes3,Saturación sin AW,766,765,26.66032808,
axes3,Saturación sin AW,767,766,26.66031634,
axes3,Saturación sin AW,768,767,26.66030466,
axes3,Saturación sin AW,769,768,26.66029304,
axes3,Saturación sin AW,770,769,26.66028148,
axes3,Saturación sin AW,771,770,26.66026998,
axes3,Saturación sin AW,772,771,26.66025855,
axes3,Saturación sin AW,773,772,26.66024717,
axes3,Saturación sin AW,774,773,26.66023586,
axes3,Saturación sin AW,775,774,26.6602246,
axes3,Saturación sin AW,776,775,26.66021341,
axes3,Saturación sin AW,777,776,26.66020227,
axes3,Saturación sin AW,778,777,26.66019119,
axes3,Saturación sin AW,779,778,26.66018017,
axes3,Saturación sin AW,780,779,26.66016921,
axes3,Saturación sin AW,781,780,26.66015831,
axes3,Saturación sin AW,782,781,26.66014746,
axes3,Saturación sin AW,783,782,26.66013667,
axes3,Saturación sin AW,784,783,26.66012594,
axes3,Saturación sin AW,785,784,26.66011527,
axes3,Saturación sin AW,786,785,26.66010465,
axes3,Saturación sin AW,787,786,26.66009409,
axes3,Saturación sin AW,788,787,26.66008358,
axes3,Saturación sin AW,789,788,26.66007313,
axes3,Saturación sin AW,790,789,26.66006274,
axes3,Saturación sin AW,791,790,26.6600524,
axes3,Saturación sin AW,792,791,26.66004211,
axes3,Saturación sin AW,793,792,26.66003188,
axes3,Saturación sin AW,794,793,26.66002171,
axes3,Saturación sin AW,795,794,26.66001158,
axes3,Saturación sin AW,796,795,26.66000151,
axes3,Saturación sin AW,797,796,26.6599915,
axes3,Saturación sin AW,798,797,26.65998153,
axes3,Saturación sin AW,799,798,26.65997162,
axes3,Saturación sin AW,800,799,26.65996176,
axes3,Saturación sin AW,801,800,26.65995196,
axes3,Saturación sin AW,802,801,26.6599422,
axes3,Saturación sin AW,803,802,26.6599325,
axes3,Saturación sin AW,804,803,26.65992285,
axes3,Saturación sin AW,805,804,26.65991325,
axes3,Saturación sin AW,806,805,26.6599037,
axes3,Saturación sin AW,807,806,26.6598942,
axes3,Saturación sin AW,808,807,26.65988475,
axes3,Saturación sin AW,809,808,26.65987535,
axes3,Saturación sin AW,810,809,26.65986601,
axes3,Saturación sin AW,811,810,26.65985671,
axes3,Saturación sin AW,812,811,26.65984746,
axes3,Saturación sin AW,813,812,26.65983825,
axes3,Saturación sin AW,814,813,26.6598291,
axes3,Saturación sin AW,815,814,26.65982,
axes3,Saturación sin AW,816,815,26.65981094,
axes3,Saturación sin AW,817,816,26.65980193,
axes3,Saturación sin AW,818,817,26.65979297,
axes3,Saturación sin AW,819,818,26.65978406,
axes3,Saturación sin AW,820,819,26.65977519,
axes3,Saturación sin AW,821,820,26.65976637,
axes3,Saturación sin AW,822,821,26.6597576,
axes3,Saturación sin AW,823,822,26.65974887,
axes3,Saturación sin AW,824,823,26.65974019,
axes3,Saturación sin AW,825,824,26.65973156,
axes3,Saturación sin AW,826,825,26.65972297,
axes3,Saturación sin AW,827,826,26.65971443,
axes3,Saturación sin AW,828,827,26.65970593,
axes3,Saturación sin AW,829,828,26.65969748,
axes3,Saturación sin AW,830,829,26.65968907,
axes3,Saturación sin AW,831,830,26.65968071,
axes3,Saturación sin AW,832,831,26.65967239,
axes3,Saturación sin AW,833,832,26.65966411,
axes3,Saturación sin AW,834,833,26.65965588,
axes3,Saturación sin AW,835,834,26.65964769,
axes3,Saturación sin AW,836,835,26.65963955,
axes3,Saturación sin AW,837,836,26.65963144,
axes3,Saturación sin AW,838,837,26.65962338,
axes3,Saturación sin AW,839,838,26.65961537,
axes3,Saturación sin AW,840,839,26.65960739,
axes3,Saturación sin AW,841,840,26.65959946,
axes3,Saturación sin AW,842,841,26.65959157,
axes3,Saturación sin AW,843,842,26.65958372,
axes3,Saturación sin AW,844,843,26.65957592,
axes3,Saturación sin AW,845,844,26.65956815,
axes3,Saturación sin AW,846,845,26.65956043,
axes3,Saturación sin AW,847,846,26.65955274,
axes3,Saturación sin AW,848,847,26.6595451,
axes3,Saturación sin AW,849,848,26.6595375,
axes3,Saturación sin AW,850,849,26.65952994,
axes3,Saturación sin AW,851,850,26.65952241,
axes3,Saturación sin AW,852,851,26.65951493,
axes3,Saturación sin AW,853,852,26.65950749,
axes3,Saturación sin AW,854,853,26.65950009,
axes3,Saturación sin AW,855,854,26.65949272,
axes3,Saturación sin AW,856,855,26.6594854,
axes3,Saturación sin AW,857,856,26.65947811,
axes3,Saturación sin AW,858,857,26.65947086,
axes3,Saturación sin AW,859,858,26.65946365,
axes3,Saturación sin AW,860,859,26.65945648,
axes3,Saturación sin AW,861,860,26.65944935,
axes3,Saturación sin AW,862,861,26.65944225,
axes3,Saturación sin AW,863,862,26.65943519,
axes3,Saturación sin AW,864,863,26.65942817,
axes3,Saturación sin AW,865,864,26.65942119,
axes3,Saturación sin AW,866,865,26.65941424,
axes3,Saturación sin AW,867,866,26.65940733,
axes3,Saturación sin AW,868,867,26.65940046,
axes3,Saturación sin AW,869,868,26.65939362,
axes3,Saturación sin AW,870,869,26.65938682,
axes3,Saturación sin AW,871,870,26.65938005,
axes3,Saturación sin AW,872,871,26.65937332,
axes3,Saturación sin AW,873,872,26.65936663,
axes3,Saturación sin AW,874,873,26.65935997,
axes3,Saturación sin AW,875,874,26.65935335,
axes3,Saturación sin AW,876,875,26.65934676,
axes3,Saturación sin AW,877,876,26.65934021,
axes3,Saturación sin AW,878,877,26.65933369,
axes3,Saturación sin AW,879,878,26.6593272,
axes3,Saturación sin AW,880,879,26.65932075,
axes3,Saturación sin AW,881,880,26.65931434,
axes3,Saturación sin AW,882,881,26.65930795,
axes3,Saturación sin AW,883,882,26.65930161,
axes3,Saturación sin AW,884,883,26.65929529,
axes3,Saturación sin AW,885,884,26.65928901,
axes3,Saturación sin AW,886,885,26.65928276,
axes3,Saturación sin AW,887,886,26.65927655,
axes3,Saturación sin AW,888,887,26.65927037,
axes3,Saturación sin AW,889,888,26.65926422,
axes3,Saturación sin AW,890,889,26.6592581,
axes3,Saturación sin AW,891,890,26.65925201,
axes3,Saturación sin AW,892,891,26.65924596,
axes3,Saturación sin AW,893,892,26.65923994,
axes3,Saturación sin AW,894,893,26.65923395,
axes3,Saturación sin AW,895,894,26.659228,
axes3,Saturación sin AW,896,895,26.65922207,
axes3,Saturación sin AW,897,896,26.65921618,
axes3,Saturación sin AW,898,897,26.65921031,
axes3,Saturación sin AW,899,898,26.65920448,
axes3,Saturación sin AW,900,899,26.65919868,
axes3,Saturación sin AW,901,900,26.65919291,
axes3,Saturación sin AW,902,901,26.65918717,
axes3,Saturación sin AW,903,902,26.65918146,
axes3,Saturación sin AW,904,903,26.65917578,
axes3,Saturación sin AW,905,904,26.65917013,
axes3,Saturación sin AW,906,905,26.65916451,
axes3,Saturación sin AW,907,906,26.65915893,
axes3,Saturación sin AW,908,907,26.65915337,
axes3,Saturación sin AW,909,908,26.65914783,
axes3,Saturación sin AW,910,909,26.65914233,
axes3,Saturación sin AW,911,910,26.65913686,
axes3,Saturación sin AW,912,911,26.65913142,
axes3,Saturación sin AW,913,912,26.659126,
axes3,Saturación sin AW,914,913,26.65912062,
axes3,Saturación sin AW,915,914,26.65911526,
axes3,Saturación sin AW,916,915,26.65910993,
axes3,Saturación sin AW,917,916,26.65910463,
axes3,Saturación sin AW,918,917,26.65909936,
axes3,Saturación sin AW,919,918,26.65909411,
axes3,Saturación sin AW,920,919,26.6590889,
axes3,Saturación sin AW,921,920,26.65908371,
axes3,Saturación sin AW,922,921,26.65907854,
axes3,Saturación sin AW,923,922,26.65907341,
axes3,Saturación sin AW,924,923,26.6590683,
axes3,Saturación sin AW,925,924,26.65906322,
axes3,Saturación sin AW,926,925,26.65905817,
axes3,Saturación sin AW,927,926,26.65905314,
axes3,Saturación sin AW,928,927,26.65904814,
axes3,Saturación sin AW,929,928,26.65904316,
axes3,Saturación sin AW,930,929,26.65903822,
axes3,Saturación sin AW,931,930,26.65903329,
axes3,Saturación sin AW,932,931,26.6590284,
axes3,Saturación sin AW,933,932,26.65902353,
axes3,Saturación sin AW,934,933,26.65901869,
axes3,Saturación sin AW,935,934,26.65901387,
axes3,Saturación sin AW,936,935,26.65900907,
axes3,Saturación sin AW,937,936,26.65900431,
axes3,Saturación sin AW,938,937,26.65899956,
axes3,Saturación sin AW,939,938,26.65899485,
axes3,Saturación sin AW,940,939,26.65899016,
axes3,Saturación sin AW,941,940,26.65898549,
axes3,Saturación sin AW,942,941,26.65898085,
axes3,Saturación sin AW,943,942,26.65897623,
axes3,Saturación sin AW,944,943,26.65897163,
axes3,Saturación sin AW,945,944,26.65896706,
axes3,Saturación sin AW,946,945,26.65896252,
axes3,Saturación sin AW,947,946,26.658958,
axes3,Saturación sin AW,948,947,26.6589535,
axes3,Saturación sin AW,949,948,26.65894903,
axes3,Saturación sin AW,950,949,26.65894458,
axes3,Saturación sin AW,951,950,26.65894015,
axes3,Saturación sin AW,952,951,26.65893575,
axes3,Saturación sin AW,953,952,26.65893137,
axes3,Saturación sin AW,954,953,26.65892701,
axes3,Saturación sin AW,955,954,26.65892268,
axes3,Saturación sin AW,956,955,26.65891837,
axes3,Saturación sin AW,957,956,26.65891408,
axes3,Saturación sin AW,958,957,26.65890981,
axes3,Saturación sin AW,959,958,26.65890557,
axes3,Saturación sin AW,960,959,26.65890135,
axes3,Saturación sin AW,961,960,26.65889715,
axes3,Saturación sin AW,962,961,26.65889298,
axes3,Saturación sin AW,963,962,26.65888882,
axes3,Saturación sin AW,964,963,26.65888469,
axes3,Saturación sin AW,965,964,26.65888058,
axes3,Saturación sin AW,966,965,26.6588765,
axes3,Saturación sin AW,967,966,26.65887243,
axes3,Saturación sin AW,968,967,26.65886838,
axes3,Saturación sin AW,969,968,26.65886436,
axes3,Saturación sin AW,970,969,26.65886036,
axes3,Saturación sin AW,971,970,26.65885638,
axes3,Saturación sin AW,972,971,26.65885242,
axes3,Saturación sin AW,973,972,26.65884848,
axes3,Saturación sin AW,974,973,26.65884456,
axes3,Saturación sin AW,975,974,26.65884066,
axes3,Saturación sin AW,976,975,26.65883679,
axes3,Saturación sin AW,977,976,26.65883293,
axes3,Saturación sin AW,978,977,26.65882909,
axes3,Saturación sin AW,979,978,26.65882528,
axes3,Saturación sin AW,980,979,26.65882148,
axes3,Saturación sin AW,981,980,26.65881771,
axes3,Saturación sin AW,982,981,26.65881395,
axes3,Saturación sin AW,983,982,26.65881022,
axes3,Saturación sin AW,984,983,26.6588065,
axes3,Saturación sin AW,985,984,26.65880281,
axes3,Saturación sin AW,986,985,26.65879913,
axes3,Saturación sin AW,987,986,26.65879547,
axes3,Saturación sin AW,988,987,26.65879183,
axes3,Saturación sin AW,989,988,26.65878822,
axes3,Saturación sin AW,990,989,26.65878462,
axes3,Saturación sin AW,991,990,26.65878104,
axes3,Saturación sin AW,992,991,26.65877747,
axes3,Saturación sin AW,993,992,26.65877393,
axes3,Saturación sin AW,994,993,26.65877041,
axes3,Saturación sin AW,995,994,26.6587669,
axes3,Saturación sin AW,996,995,26.65876342,
axes3,Saturación sin AW,997,996,26.65875995,
axes3,Saturación sin AW,998,997,26.6587565,
axes3,Saturación sin AW,999,998,26.65875307,
axes3,Saturación sin AW,1000,999,26.65874965,
axes3,Saturación sin AW,1001,1000,26.65874626,
axes3,Saturación sin AW,1002,1001,26.65874288,
axes3,Saturación sin AW,1003,1002,26.65873952,
axes3,Saturación sin AW,1004,1003,26.65873618,
axes3,Saturación sin AW,1005,1004,26.65873285,
axes3,Saturación sin AW,1006,1005,26.65872955,
axes3,Saturación sin AW,1007,1006,26.65872626,
axes3,Saturación sin AW,1008,1007,26.65872299,
axes3,Saturación sin AW,1009,1008,26.65871973,
axes3,Saturación sin AW,1010,1009,26.65871649,
axes3,Saturación sin AW,1011,1010,26.65871327,
axes3,Saturación sin AW,1012,1011,26.65871007,
axes3,Saturación sin AW,1013,1012,26.65870689,
axes3,Saturación sin AW,1014,1013,26.65870372,
axes3,Saturación sin AW,1015,1014,26.65870056,
axes3,Saturación sin AW,1016,1015,26.65869743,
axes3,Saturación sin AW,1017,1016,26.65869431,
axes3,Saturación sin AW,1018,1017,26.65869121,
axes3,Saturación sin AW,1019,1018,26.65868812,
axes3,Saturación sin AW,1020,1019,26.65868505,
axes3,Saturación sin AW,1021,1020,26.658682,
axes3,Saturación sin AW,1022,1021,26.65867896,
axes3,Saturación sin AW,1023,1022,26.65867594,
axes3,Saturación sin AW,1024,1023,26.65867293,
axes3,Saturación sin AW,1025,1024,26.65866994,
axes3,Saturación sin AW,1026,1025,26.65866697,
axes3,Saturación sin AW,1027,1026,26.65866401,
axes3,Saturación sin AW,1028,1027,26.65866107,
axes3,Saturación sin AW,1029,1028,26.65865814,
axes3,Saturación sin AW,1030,1029,26.65865523,
axes3,Saturación sin AW,1031,1030,26.65865233,
axes3,Saturación sin AW,1032,1031,26.65864945,
axes3,Saturación sin AW,1033,1032,26.65864659,
axes3,Saturación sin AW,1034,1033,26.65864374,
axes3,Saturación sin AW,1035,1034,26.6586409,
axes3,Saturación sin AW,1036,1035,26.65863808,
axes3,Saturación sin AW,1037,1036,26.65863527,
axes3,Saturación sin AW,1038,1037,26.65863248,
axes3,Saturación sin AW,1039,1038,26.65862971,
axes3,Saturación sin AW,1040,1039,26.65862695,
axes3,Saturación sin AW,1041,1040,26.6586242,
axes3,Saturación sin AW,1042,1041,26.65862147,
axes3,Saturación sin AW,1043,1042,26.65861875,
axes3,Saturación sin AW,1044,1043,26.65861605,
axes3,Saturación sin AW,1045,1044,26.65861336,
axes3,Saturación sin AW,1046,1045,26.65861068,
axes3,Saturación sin AW,1047,1046,26.65860802,
axes3,Saturación sin AW,1048,1047,26.65860538,
axes3,Saturación sin AW,1049,1048,26.65860274,
axes3,Saturación sin AW,1050,1049,26.65860013,
axes3,Saturación sin AW,1051,1050,26.65859752,
axes3,Saturación sin AW,1052,1051,26.65859493,
axes3,Saturación sin AW,1053,1052,26.65859235,
axes3,Saturación sin AW,1054,1053,26.65858979,
axes3,Saturación sin AW,1055,1054,26.65858724,
axes3,Saturación sin AW,1056,1055,26.6585847,
axes3,Saturación sin AW,1057,1056,26.65858218,
axes3,Saturación sin AW,1058,1057,26.65857967,
axes3,Saturación sin AW,1059,1058,26.65857717,
axes3,Saturación sin AW,1060,1059,26.65857469,
axes3,Saturación sin AW,1061,1060,26.65857222,
axes3,Saturación sin AW,1062,1061,26.65856976,
axes3,Saturación sin AW,1063,1062,26.65856732,
axes3,Saturación sin AW,1064,1063,26.65856489,
axes3,Saturación sin AW,1065,1064,26.65856247,
axes3,Saturación sin AW,1066,1065,26.65856006,
axes3,Saturación sin AW,1067,1066,26.65855767,
axes3,Saturación sin AW,1068,1067,26.65855529,
axes3,Saturación sin AW,1069,1068,26.65855292,
axes3,Saturación sin AW,1070,1069,26.65855057,
axes3,Saturación sin AW,1071,1070,26.65854823,
axes3,Saturación sin AW,1072,1071,26.6585459,
axes3,Saturación sin AW,1073,1072,26.65854358,
axes3,Saturación sin AW,1074,1073,26.65854127,
axes3,Saturación sin AW,1075,1074,26.65853898,
axes3,Saturación sin AW,1076,1075,26.6585367,
axes3,Saturación sin AW,1077,1076,26.65853443,
axes3,Saturación sin AW,1078,1077,26.65853217,
axes3,Saturación sin AW,1079,1078,26.65852993,
axes3,Saturación sin AW,1080,1079,26.65852769,
axes3,Saturación sin AW,1081,1080,26.65852547,
axes3,Saturación sin AW,1082,1081,26.65852326,
axes3,Saturación sin AW,1083,1082,26.65852106,
axes3,Saturación sin AW,1084,1083,26.65851888,
axes3,Saturación sin AW,1085,1084,26.6585167,
axes3,Saturación sin AW,1086,1085,26.65851454,
axes3,Saturación sin AW,1087,1086,26.65851239,
axes3,Saturación sin AW,1088,1087,26.65851025,
axes3,Saturación sin AW,1089,1088,26.65850812,
axes3,Saturación sin AW,1090,1089,26.658506,
axes3,Saturación sin AW,1091,1090,26.65850389,
axes3,Saturación sin AW,1092,1091,26.6585018,
axes3,Saturación sin AW,1093,1092,26.65849971,
axes3,Saturación sin AW,1094,1093,26.65849764,
axes3,Saturación sin AW,1095,1094,26.65849558,
axes3,Saturación sin AW,1096,1095,26.65849352,
axes3,Saturación sin AW,1097,1096,26.65849148,
axes3,Saturación sin AW,1098,1097,26.65848945,
axes3,Saturación sin AW,1099,1098,26.65848743,
axes3,Saturación sin AW,1100,1099,26.65848543,
axes3,Saturación sin AW,1101,1100,26.65848343,
axes3,Saturación sin AW,1102,1101,26.65848144,
axes3,Saturación sin AW,1103,1102,26.65847946,
axes3,Saturación sin AW,1104,1103,26.6584775,
axes3,Saturación sin AW,1105,1104,26.65847554,
axes3,Saturación sin AW,1106,1105,26.65847359,
axes3,Saturación sin AW,1107,1106,26.65847166,
axes3,Saturación sin AW,1108,1107,26.65846973,
axes3,Saturación sin AW,1109,1108,26.65846782,
axes3,Saturación sin AW,1110,1109,26.65846591,
axes3,Saturación sin AW,1111,1110,26.65846402,
axes3,Saturación sin AW,1112,1111,26.65846213,
axes3,Saturación sin AW,1113,1112,26.65846026,
axes3,Saturación sin AW,1114,1113,26.65845839,
axes3,Saturación sin AW,1115,1114,26.65845654,
axes3,Saturación sin AW,1116,1115,26.65845469,
axes3,Saturación sin AW,1117,1116,26.65845286,
axes3,Saturación sin AW,1118,1117,26.65845103,
axes3,Saturación sin AW,1119,1118,26.65844922,
axes3,Saturación sin AW,1120,1119,26.65844741,
axes3,Saturación sin AW,1121,1120,26.65844561,
axes3,Saturación sin AW,1122,1121,26.65844383,
axes3,Saturación sin AW,1123,1122,26.65844205,
axes3,Saturación sin AW,1124,1123,26.65844028,
axes3,Saturación sin AW,1125,1124,26.65843852,
axes3,Saturación sin AW,1126,1125,26.65843677,
axes3,Saturación sin AW,1127,1126,26.65843503,
axes3,Saturación sin AW,1128,1127,26.6584333,
axes3,Saturación sin AW,1129,1128,26.65843158,
axes3,Saturación sin AW,1130,1129,26.65842986,
axes3,Saturación sin AW,1131,1130,26.65842816,
axes3,Saturación sin AW,1132,1131,26.65842646,
axes3,Saturación sin AW,1133,1132,26.65842478,
axes3,Saturación sin AW,1134,1133,26.6584231,
axes3,Saturación sin AW,1135,1134,26.65842143,
axes3,Saturación sin AW,1136,1135,26.65841977,
axes3,Saturación sin AW,1137,1136,26.65841812,
axes3,Saturación sin AW,1138,1137,26.65841648,
axes3,Saturación sin AW,1139,1138,26.65841484,
axes3,Saturación sin AW,1140,1139,26.65841322,
axes3,Saturación sin AW,1141,1140,26.6584116,
axes3,Saturación sin AW,1142,1141,26.65841,
axes3,Saturación sin AW,1143,1142,26.6584084,
axes3,Saturación sin AW,1144,1143,26.65840681,
axes3,Saturación sin AW,1145,1144,26.65840522,
axes3,Saturación sin AW,1146,1145,26.65840365,
axes3,Saturación sin AW,1147,1146,26.65840208,
axes3,Saturación sin AW,1148,1147,26.65840053,
axes3,Saturación sin AW,1149,1148,26.65839898,
axes3,Saturación sin AW,1150,1149,26.65839744,
axes3,Saturación sin AW,1151,1150,26.65839591,
axes3,Saturación sin AW,1152,1151,26.65839438,
axes3,Saturación sin AW,1153,1152,26.65839286,
axes3,Saturación sin AW,1154,1153,26.65839136,
axes3,Saturación sin AW,1155,1154,26.65838986,
axes3,Saturación sin AW,1156,1155,26.65838836,
axes3,Saturación sin AW,1157,1156,26.65838688,
axes3,Saturación sin AW,1158,1157,26.6583854,
axes3,Saturación sin AW,1159,1158,26.65838393,
axes3,Saturación sin AW,1160,1159,26.65838247,
axes3,Saturación sin AW,1161,1160,26.65838102,
axes3,Saturación sin AW,1162,1161,26.65837957,
axes3,Saturación sin AW,1163,1162,26.65837813,
axes3,Saturación sin AW,1164,1163,26.6583767,
axes3,Saturación sin AW,1165,1164,26.65837528,
axes3,Saturación sin AW,1166,1165,26.65837386,
axes3,Saturación sin AW,1167,1166,26.65837246,
axes3,Saturación sin AW,1168,1167,26.65837106,
axes3,Saturación sin AW,1169,1168,26.65836966,
axes3,Saturación sin AW,1170,1169,26.65836828,
axes3,Saturación sin AW,1171,1170,26.6583669,
axes3,Saturación sin AW,1172,1171,26.65836553,
axes3,Saturación sin AW,1173,1172,26.65836416,
axes3,Saturación sin AW,1174,1173,26.65836281,
axes3,Saturación sin AW,1175,1174,26.65836146,
axes3,Saturación sin AW,1176,1175,26.65836011,
axes3,Saturación sin AW,1177,1176,26.65835878,
axes3,Saturación sin AW,1178,1177,26.65835745,
axes3,Saturación sin AW,1179,1178,26.65835613,
axes3,Saturación sin AW,1180,1179,26.65835482,
axes3,Saturación sin AW,1181,1180,26.65835351,
axes3,Saturación sin AW,1182,1181,26.65835221,
axes3,Saturación sin AW,1183,1182,26.65835091,
axes3,Saturación sin AW,1184,1183,26.65834963,
axes3,Saturación sin AW,1185,1184,26.65834835,
axes3,Saturación sin AW,1186,1185,26.65834707,
axes3,Saturación sin AW,1187,1186,26.65834581,
axes3,Saturación sin AW,1188,1187,26.65834455,
axes3,Saturación sin AW,1189,1188,26.6583433,
axes3,Saturación sin AW,1190,1189,26.65834205,
axes3,Saturación sin AW,1191,1190,26.65834081,
axes3,Saturación sin AW,1192,1191,26.65833958,
axes3,Saturación sin AW,1193,1192,26.65833835,
axes3,Saturación sin AW,1194,1193,26.65833713,
axes3,Saturación sin AW,1195,1194,26.65833592,
axes3,Saturación sin AW,1196,1195,26.65833471,
axes3,Saturación sin AW,1197,1196,26.65833351,
axes3,Saturación sin AW,1198,1197,26.65833231,
axes3,Saturación sin AW,1199,1198,26.65833112,
axes3,Saturación sin AW,1200,1199,26.65832994,
axes3,Saturación sin AW,1201,1200,26.65832877,
axes3,Saturación sin AW,1202,1201,26.6583276,
axes3,Saturación sin AW,1203,1202,26.65832643,
axes3,Saturación sin AW,1204,1203,26.65832528,
axes3,Saturación sin AW,1205,1204,26.65832413,
axes3,Saturación sin AW,1206,1205,26.65832298,
axes3,Saturación sin AW,1207,1206,26.65832184,
axes3,Saturación sin AW,1208,1207,26.65832071,
axes3,Saturación sin AW,1209,1208,26.65831958,
axes3,Saturación sin AW,1210,1209,26.65831846,
axes3,Saturación sin AW,1211,1210,26.65831735,
axes3,Saturación sin AW,1212,1211,26.65831624,
axes3,Saturación sin AW,1213,1212,26.65831513,
axes3,Saturación sin AW,1214,1213,26.65831404,
axes3,Saturación sin AW,1215,1214,26.65831295,
axes3,Saturación sin AW,1216,1215,26.65831186,
axes3,Saturación sin AW,1217,1216,26.65831078,
axes3,Saturación sin AW,1218,1217,26.65830971,
axes3,Saturación sin AW,1219,1218,26.65830864,
axes3,Saturación sin AW,1220,1219,26.65830757,
axes3,Saturación sin AW,1221,1220,26.65830652,
axes3,Saturación sin AW,1222,1221,26.65830546,
axes3,Saturación sin AW,1223,1222,26.65830442,
axes3,Saturación sin AW,1224,1223,26.65830338,
axes3,Saturación sin AW,1225,1224,26.65830234,
axes3,Saturación sin AW,1226,1225,26.65830131,
axes3,Saturación sin AW,1227,1226,26.65830029,
axes3,Saturación sin AW,1228,1227,26.65829927,
axes3,Saturación sin AW,1229,1228,26.65829826,
axes3,Saturación sin AW,1230,1229,26.65829725,
axes3,Saturación sin AW,1231,1230,26.65829624,
axes3,Saturación sin AW,1232,1231,26.65829525,
axes3,Saturación sin AW,1233,1232,26.65829425,
axes3,Saturación sin AW,1234,1233,26.65829327,
axes3,Saturación sin AW,1235,1234,26.65829229,
axes3,Saturación sin AW,1236,1235,26.65829131,
axes3,Saturación sin AW,1237,1236,26.65829034,
axes3,Saturación sin AW,1238,1237,26.65828937,
axes3,Saturación sin AW,1239,1238,26.65828841,
axes3,Saturación sin AW,1240,1239,26.65828745,
axes3,Saturación sin AW,1241,1240,26.6582865,
axes3,Saturación sin AW,1242,1241,26.65828556,
axes3,Saturación sin AW,1243,1242,26.65828462,
axes3,Saturación sin AW,1244,1243,26.65828368,
axes3,Saturación sin AW,1245,1244,26.65828275,
axes3,Saturación sin AW,1246,1245,26.65828182,
axes3,Saturación sin AW,1247,1246,26.6582809,
axes3,Saturación sin AW,1248,1247,26.65827999,
axes3,Saturación sin AW,1249,1248,26.65827907,
axes3,Saturación sin AW,1250,1249,26.65827817,
axes3,Saturación sin AW,1251,1250,26.65827727,
axes3,Saturación sin AW,1252,1251,26.65827637,
axes3,Saturación sin AW,1253,1252,26.65827548,
axes3,Saturación sin AW,1254,1253,26.65827459,
axes3,Saturación sin AW,1255,1254,26.65827371,
axes3,Saturación sin AW,1256,1255,26.65827283,
axes3,Saturación sin AW,1257,1256,26.65827195,
axes3,Saturación sin AW,1258,1257,26.65827108,
axes3,Saturación sin AW,1259,1258,26.65827022,
axes3,Saturación sin AW,1260,1259,26.65826936,
axes3,Saturación sin AW,1261,1260,26.65826851,
axes3,Saturación sin AW,1262,1261,26.65826765,
axes3,Saturación sin AW,1263,1262,26.65826681,
axes3,Saturación sin AW,1264,1263,26.65826597,
axes3,Saturación sin AW,1265,1264,26.65826513,
axes3,Saturación sin AW,1266,1265,26.6582643,
axes3,Saturación sin AW,1267,1266,26.65826347,
axes3,Saturación sin AW,1268,1267,26.65826264,
axes3,Saturación sin AW,1269,1268,26.65826182,
axes3,Saturación sin AW,1270,1269,26.65826101,
axes3,Saturación sin AW,1271,1270,26.6582602,
axes3,Saturación sin AW,1272,1271,26.65825939,
axes3,Saturación sin AW,1273,1272,26.65825859,
axes3,Saturación sin AW,1274,1273,26.65825779,
axes3,Saturación sin AW,1275,1274,26.65825699,
axes3,Saturación sin AW,1276,1275,26.6582562,
axes3,Saturación sin AW,1277,1276,26.65825542,
axes3,Saturación sin AW,1278,1277,26.65825464,
axes3,Saturación sin AW,1279,1278,26.65825386,
axes3,Saturación sin AW,1280,1279,26.65825309,
axes3,Saturación sin AW,1281,1280,26.65825232,
axes3,Saturación sin AW,1282,1281,26.65825155,
axes3,Saturación sin AW,1283,1282,26.65825079,
axes3,Saturación sin AW,1284,1283,26.65825003,
axes3,Saturación sin AW,1285,1284,26.65824928,
axes3,Saturación sin AW,1286,1285,26.65824853,
axes3,Saturación sin AW,1287,1286,26.65824779,
axes3,Saturación sin AW,1288,1287,26.65824705,
axes3,Saturación sin AW,1289,1288,26.65824631,
axes3,Saturación sin AW,1290,1289,26.65824557,
axes3,Saturación sin AW,1291,1290,26.65824485,
axes3,Saturación sin AW,1292,1291,26.65824412,
axes3,Saturación sin AW,1293,1292,26.6582434,
axes3,Saturación sin AW,1294,1293,26.65824268,
axes3,Saturación sin AW,1295,1294,26.65824197,
axes3,Saturación sin AW,1296,1295,26.65824126,
axes3,Saturación sin AW,1297,1296,26.65824055,
axes3,Saturación sin AW,1298,1297,26.65823985,
axes3,Saturación sin AW,1299,1298,26.65823915,
axes3,Saturación sin AW,1300,1299,26.65823845,
axes3,Saturación sin AW,1301,1300,26.65823776,
axes3,Saturación sin AW,1302,1301,26.65823707,
axes3,Saturación sin AW,1303,1302,26.65823639,
axes3,Saturación sin AW,1304,1303,26.65823571,
axes3,Saturación sin AW,1305,1304,26.65823503,
axes3,Saturación sin AW,1306,1305,26.65823435,
axes3,Saturación sin AW,1307,1306,26.65823368,
axes3,Saturación sin AW,1308,1307,26.65823302,
axes3,Saturación sin AW,1309,1308,26.65823235,
axes3,Saturación sin AW,1310,1309,26.65823169,
axes3,Saturación sin AW,1311,1310,26.65823104,
axes3,Saturación sin AW,1312,1311,26.65823039,
axes3,Saturación sin AW,1313,1312,26.65822974,
axes3,Saturación sin AW,1314,1313,26.65822909,
axes3,Saturación sin AW,1315,1314,26.65822845,
axes3,Saturación sin AW,1316,1315,26.65822781,
axes3,Saturación sin AW,1317,1316,26.65822717,
axes3,Saturación sin AW,1318,1317,26.65822654,
axes3,Saturación sin AW,1319,1318,26.65822591,
axes3,Saturación sin AW,1320,1319,26.65822529,
axes3,Saturación sin AW,1321,1320,26.65822467,
axes3,Saturación sin AW,1322,1321,26.65822405,
axes3,Saturación sin AW,1323,1322,26.65822343,
axes3,Saturación sin AW,1324,1323,26.65822282,
axes3,Saturación sin AW,1325,1324,26.65822221,
axes3,Saturación sin AW,1326,1325,26.6582216,
axes3,Saturación sin AW,1327,1326,26.658221,
axes3,Saturación sin AW,1328,1327,26.6582204,
axes3,Saturación sin AW,1329,1328,26.6582198,
axes3,Saturación sin AW,1330,1329,26.65821921,
axes3,Saturación sin AW,1331,1330,26.65821862,
axes3,Saturación sin AW,1332,1331,26.65821803,
axes3,Saturación sin AW,1333,1332,26.65821745,
axes3,Saturación sin AW,1334,1333,26.65821687,
axes3,Saturación sin AW,1335,1334,26.65821629,
axes3,Saturación sin AW,1336,1335,26.65821572,
axes3,Saturación sin AW,1337,1336,26.65821515,
axes3,Saturación sin AW,1338,1337,26.65821458,
axes3,Saturación sin AW,1339,1338,26.65821401,
axes3,Saturación sin AW,1340,1339,26.65821345,
axes3,Saturación sin AW,1341,1340,26.65821289,
axes3,Saturación sin AW,1342,1341,26.65821233,
axes3,Saturación sin AW,1343,1342,26.65821178,
axes3,Saturación sin AW,1344,1343,26.65821123,
axes3,Saturación sin AW,1345,1344,26.65821068,
axes3,Saturación sin AW,1346,1345,26.65821014,
axes3,Saturación sin AW,1347,1346,26.65820959,
axes3,Saturación sin AW,1348,1347,26.65820905,
axes3,Saturación sin AW,1349,1348,26.65820852,
axes3,Saturación sin AW,1350,1349,26.65820798,
axes3,Saturación sin AW,1351,1350,26.65820745,
axes3,Saturación sin AW,1352,1351,26.65820693,
axes3,Saturación sin AW,1353,1352,26.6582064,
axes3,Saturación sin AW,1354,1353,26.65820588,
axes3,Saturación sin AW,1355,1354,26.65820536,
axes3,Saturación sin AW,1356,1355,26.65820484,
axes3,Saturación sin AW,1357,1356,26.65820433,
axes3,Saturación sin AW,1358,1357,26.65820382,
axes3,Saturación sin AW,1359,1358,26.65820331,
axes3,Saturación sin AW,1360,1359,26.6582028,
axes3,Saturación sin AW,1361,1360,26.6582023,
axes3,Saturación sin AW,1362,1361,26.6582018,
axes3,Saturación sin AW,1363,1362,26.6582013,
axes3,Saturación sin AW,1364,1363,26.6582008,
axes3,Saturación sin AW,1365,1364,26.65820031,
axes3,Saturación sin AW,1366,1365,26.65819982,
axes3,Saturación sin AW,1367,1366,26.65819933,
axes3,Saturación sin AW,1368,1367,26.65819885,
axes3,Saturación sin AW,1369,1368,26.65819837,
axes3,Saturación sin AW,1370,1369,26.65819789,
axes3,Saturación sin AW,1371,1370,26.65819741,
axes3,Saturación sin AW,1372,1371,26.65819693,
axes3,Saturación sin AW,1373,1372,26.65819646,
axes3,Saturación sin AW,1374,1373,26.65819599,
axes3,Saturación sin AW,1375,1374,26.65819553,
axes3,Saturación sin AW,1376,1375,26.65819506,
axes3,Saturación sin AW,1377,1376,26.6581946,
axes3,Saturación sin AW,1378,1377,26.65819414,
axes3,Saturación sin AW,1379,1378,26.65819368,
axes3,Saturación sin AW,1380,1379,26.65819323,
axes3,Saturación sin AW,1381,1380,26.65819277,
axes3,Saturación sin AW,1382,1381,26.65819232,
axes3,Saturación sin AW,1383,1382,26.65819187,
axes3,Saturación sin AW,1384,1383,26.65819143,
axes3,Saturación sin AW,1385,1384,26.65819099,
axes3,Saturación sin AW,1386,1385,26.65819055,
axes3,Saturación sin AW,1387,1386,26.65819011,
axes3,Saturación sin AW,1388,1387,26.65818967,
axes3,Saturación sin AW,1389,1388,26.65818924,
axes3,Saturación sin AW,1390,1389,26.65818881,
axes3,Saturación sin AW,1391,1390,26.65818838,
axes3,Saturación sin AW,1392,1391,26.65818795,
axes3,Saturación sin AW,1393,1392,26.65818752,
axes3,Saturación sin AW,1394,1393,26.6581871,
axes3,Saturación sin AW,1395,1394,26.65818668,
axes3,Saturación sin AW,1396,1395,26.65818626,
axes3,Saturación sin AW,1397,1396,26.65818585,
axes3,Saturación sin AW,1398,1397,26.65818543,
axes3,Saturación sin AW,1399,1398,26.65818502,
axes3,Saturación sin AW,1400,1399,26.65818461,
axes3,Saturación sin AW,1401,1400,26.65818421,
axes3,Saturación sin AW,1402,1401,26.6581838,
axes3,Saturación sin AW,1403,1402,26.6581834,
axes3,Saturación sin AW,1404,1403,26.658183,
axes3,Saturación sin AW,1405,1404,26.6581826,
axes3,Saturación sin AW,1406,1405,26.6581822,
axes3,Saturación sin AW,1407,1406,26.65818181,
axes3,Saturación sin AW,1408,1407,26.65818142,
axes3,Saturación sin AW,1409,1408,26.65818103,
axes3,Saturación sin AW,1410,1409,26.65818064,
axes3,Saturación sin AW,1411,1410,26.65818025,
axes3,Saturación sin AW,1412,1411,26.65817987,
axes3,Saturación sin AW,1413,1412,26.65817949,
axes3,Saturación sin AW,1414,1413,26.65817911,
axes3,Saturación sin AW,1415,1414,26.65817873,
axes3,Saturación sin AW,1416,1415,26.65817835,
axes3,Saturación sin AW,1417,1416,26.65817798,
axes3,Saturación sin AW,1418,1417,26.65817761,
axes3,Saturación sin AW,1419,1418,26.65817724,
axes3,Saturación sin AW,1420,1419,26.65817687,
axes3,Saturación sin AW,1421,1420,26.6581765,
axes3,Saturación sin AW,1422,1421,26.65817614,
axes3,Saturación sin AW,1423,1422,26.65817577,
axes3,Saturación sin AW,1424,1423,26.65817541,
axes3,Saturación sin AW,1425,1424,26.65817506,
axes3,Saturación sin AW,1426,1425,26.6581747,
axes3,Saturación sin AW,1427,1426,26.65817434,
axes3,Saturación sin AW,1428,1427,26.65817399,
axes3,Saturación sin AW,1429,1428,26.65817364,
axes3,Saturación sin AW,1430,1429,26.65817329,
axes3,Saturación sin AW,1431,1430,26.65817294,
axes3,Saturación sin AW,1432,1431,26.6581726,
axes3,Saturación sin AW,1433,1432,26.65817226,
axes3,Saturación sin AW,1434,1433,26.65817191,
axes3,Saturación sin AW,1435,1434,26.65817157,
axes3,Saturación sin AW,1436,1435,26.65817124,
axes3,Saturación sin AW,1437,1436,26.6581709,
axes3,Saturación sin AW,1438,1437,26.65817056,
axes3,Saturación sin AW,1439,1438,26.65817023,
axes3,Saturación sin AW,1440,1439,26.6581699,
axes3,Saturación sin AW,1441,1440,26.65816957,
axes3,Saturación sin AW,1442,1441,26.65816924,
axes3,Saturación sin AW,1443,1442,26.65816892,
axes3,Saturación sin AW,1444,1443,26.65816859,
axes3,Saturación sin AW,1445,1444,26.65816827,
axes3,Saturación sin AW,1446,1445,26.65816795,
axes3,Saturación sin AW,1447,1446,26.65816763,
axes3,Saturación sin AW,1448,1447,26.65816731,
axes3,Saturación sin AW,1449,1448,26.658167,
axes3,Saturación sin AW,1450,1449,26.65816669,
axes3,Saturación sin AW,1451,1450,26.65816637,
axes3,Saturación sin AW,1452,1451,26.65816606,
axes3,Saturación sin AW,1453,1452,26.65816575,
axes3,Saturación sin AW,1454,1453,26.65816545,
axes3,Saturación sin AW,1455,1454,26.65816514,
axes3,Saturación sin AW,1456,1455,26.65816484,
axes3,Saturación sin AW,1457,1456,26.65816453,
axes3,Saturación sin AW,1458,1457,26.65816423,
axes3,Saturación sin AW,1459,1458,26.65816393,
axes3,Saturación sin AW,1460,1459,26.65816364,
axes3,Saturación sin AW,1461,1460,26.65816334,
axes3,Saturación sin AW,1462,1461,26.65816304,
axes3,Saturación sin AW,1463,1462,26.65816275,
axes3,Saturación sin AW,1464,1463,26.65816246,
axes3,Saturación sin AW,1465,1464,26.65816217,
axes3,Saturación sin AW,1466,1465,26.65816188,
axes3,Saturación sin AW,1467,1466,26.6581616,
axes3,Saturación sin AW,1468,1467,26.65816131,
axes3,Saturación sin AW,1469,1468,26.65816103,
axes3,Saturación sin AW,1470,1469,26.65816074,
axes3,Saturación sin AW,1471,1470,26.65816046,
axes3,Saturación sin AW,1472,1471,26.65816018,
axes3,Saturación sin AW,1473,1472,26.65815991,
axes3,Saturación sin AW,1474,1473,26.65815963,
axes3,Saturación sin AW,1475,1474,26.65815935,
axes3,Saturación sin AW,1476,1475,26.65815908,
axes3,Saturación sin AW,1477,1476,26.65815881,
axes3,Saturación sin AW,1478,1477,26.65815854,
axes3,Saturación sin AW,1479,1478,26.65815827,
axes3,Saturación sin AW,1480,1479,26.658158,
axes3,Saturación sin AW,1481,1480,26.65815773,
axes3,Saturación sin AW,1482,1481,26.65815747,
axes3,Saturación sin AW,1483,1482,26.65815721,
axes3,Saturación sin AW,1484,1483,26.65815694,
axes3,Saturación sin AW,1485,1484,26.65815668,
axes3,Saturación sin AW,1486,1485,26.65815642,
axes3,Saturación sin AW,1487,1486,26.65815617,
axes3,Saturación sin AW,1488,1487,26.65815591,
axes3,Saturación sin AW,1489,1488,26.65815565,
axes3,Saturación sin AW,1490,1489,26.6581554,
axes3,Saturación sin AW,1491,1490,26.65815515,
axes3,Saturación sin AW,1492,1491,26.6581549,
axes3,Saturación sin AW,1493,1492,26.65815465,
axes3,Saturación sin AW,1494,1493,26.6581544,
axes3,Saturación sin AW,1495,1494,26.65815415,
axes3,Saturación sin AW,1496,1495,26.6581539,
axes3,Saturación sin AW,1497,1496,26.65815366,
axes3,Saturación sin AW,1498,1497,26.65815342,
axes3,Saturación sin AW,1499,1498,26.65815317,
axes3,Saturación sin AW,1500,1499,26.65815293,
axes3,Saturación sin AW,1501,1500,26.65815269,
axes3,Saturación sin AW,1502,1501,26.65815246,
axes3,Saturación sin AW,1503,1502,26.65815222,
axes3,Saturación sin AW,1504,1503,26.65815198,
axes3,Saturación sin AW,1505,1504,26.65815175,
axes3,Saturación sin AW,1506,1505,26.65815151,
axes3,Saturación sin AW,1507,1506,26.65815128,
axes3,Saturación sin AW,1508,1507,26.65815105,
axes3,Saturación sin AW,1509,1508,26.65815082,
axes3,Saturación sin AW,1510,1509,26.65815059,
axes3,Saturación sin AW,1511,1510,26.65815037,
axes3,Saturación sin AW,1512,1511,26.65815014,
axes3,Saturación sin AW,1513,1512,26.65814992,
axes3,Saturación sin AW,1514,1513,26.65814969,
axes3,Saturación sin AW,1515,1514,26.65814947,
axes3,Saturación sin AW,1516,1515,26.65814925,
axes3,Saturación sin AW,1517,1516,26.65814903,
axes3,Saturación sin AW,1518,1517,26.65814881,
axes3,Saturación sin AW,1519,1518,26.65814859,
axes3,Saturación sin AW,1520,1519,26.65814837,
axes3,Saturación sin AW,1521,1520,26.65814816,
axes3,Saturación sin AW,1522,1521,26.65814795,
axes3,Saturación sin AW,1523,1522,26.65814773,
axes3,Saturación sin AW,1524,1523,26.65814752,
axes3,Saturación sin AW,1525,1524,26.65814731,
axes3,Saturación sin AW,1526,1525,26.6581471,
axes3,Saturación sin AW,1527,1526,26.65814689,
axes3,Saturación sin AW,1528,1527,26.65814668,
axes3,Saturación sin AW,1529,1528,26.65814648,
axes3,Saturación sin AW,1530,1529,26.65814627,
axes3,Saturación sin AW,1531,1530,26.65814607,
axes3,Saturación sin AW,1532,1531,26.65814586,
axes3,Saturación sin AW,1533,1532,26.65814566,
axes3,Saturación sin AW,1534,1533,26.65814546,
axes3,Saturación sin AW,1535,1534,26.65814526,
axes3,Saturación sin AW,1536,1535,26.65814506,
axes3,Saturación sin AW,1537,1536,26.65814486,
axes3,Saturación sin AW,1538,1537,26.65814467,
axes3,Saturación sin AW,1539,1538,26.65814447,
axes3,Saturación sin AW,1540,1539,26.65814428,
axes3,Saturación sin AW,1541,1540,26.65814408,
axes3,Saturación sin AW,1542,1541,26.65814389,
axes3,Saturación sin AW,1543,1542,26.6581437,
axes3,Saturación sin AW,1544,1543,26.65814351,
axes3,Saturación sin AW,1545,1544,26.65814332,
axes3,Saturación sin AW,1546,1545,26.65814313,
axes3,Saturación sin AW,1547,1546,26.65814294,
axes3,Saturación sin AW,1548,1547,26.65814275,
axes3,Saturación sin AW,1549,1548,26.65814257,
axes3,Saturación sin AW,1550,1549,26.65814238,
axes3,Saturación sin AW,1551,1550,26.6581422,
axes3,Saturación sin AW,1552,1551,26.65814202,
axes3,Saturación sin AW,1553,1552,26.65814184,
axes3,Saturación sin AW,1554,1553,26.65814165,
axes3,Saturación sin AW,1555,1554,26.65814147,
axes3,Saturación sin AW,1556,1555,26.6581413,
axes3,Saturación sin AW,1557,1556,26.65814112,
axes3,Saturación sin AW,1558,1557,26.65814094,
axes3,Saturación sin AW,1559,1558,26.65814076,
axes3,Saturación sin AW,1560,1559,26.65814059,
axes3,Saturación sin AW,1561,1560,26.65814041,
axes3,Saturación sin AW,1562,1561,26.65814024,
axes3,Saturación sin AW,1563,1562,26.65814007,
axes3,Saturación sin AW,1564,1563,26.6581399,
axes3,Saturación sin AW,1565,1564,26.65813973,
axes3,Saturación sin AW,1566,1565,26.65813956,
axes3,Saturación sin AW,1567,1566,26.65813939,
axes3,Saturación sin AW,1568,1567,26.65813922,
axes3,Saturación sin AW,1569,1568,26.65813905,
axes3,Saturación sin AW,1570,1569,26.65813889,
axes3,Saturación sin AW,1571,1570,26.65813872,
axes3,Saturación sin AW,1572,1571,26.65813856,
axes3,Saturación sin AW,1573,1572,26.65813839,
axes3,Saturación sin AW,1574,1573,26.65813823,
axes3,Saturación sin AW,1575,1574,26.65813807,
axes3,Saturación sin AW,1576,1575,26.65813791,
axes3,Saturación sin AW,1577,1576,26.65813775,
axes3,Saturación sin AW,1578,1577,26.65813759,
axes3,Saturación sin AW,1579,1578,26.65813743,
axes3,Saturación sin AW,1580,1579,26.65813727,
axes3,Saturación sin AW,1581,1580,26.65813712,
axes3,Saturación sin AW,1582,1581,26.65813696,
axes3,Saturación sin AW,1583,1582,26.65813681,
axes3,Saturación sin AW,1584,1583,26.65813665,
axes3,Saturación sin AW,1585,1584,26.6581365,
axes3,Saturación sin AW,1586,1585,26.65813634,
axes3,Saturación sin AW,1587,1586,26.65813619,
axes3,Saturación sin AW,1588,1587,26.65813604,
axes3,Saturación sin AW,1589,1588,26.65813589,
axes3,Saturación sin AW,1590,1589,26.65813574,
axes3,Saturación sin AW,1591,1590,26.65813559,
axes3,Saturación sin AW,1592,1591,26.65813545,
axes3,Saturación sin AW,1593,1592,26.6581353,
axes3,Saturación sin AW,1594,1593,26.65813515,
axes3,Saturación sin AW,1595,1594,26.65813501,
axes3,Saturación sin AW,1596,1595,26.65813486,
axes3,Saturación sin AW,1597,1596,26.65813472,
axes3,Saturación sin AW,1598,1597,26.65813458,
axes3,Saturación sin AW,1599,1598,26.65813443,
axes3,Saturación sin AW,1600,1599,26.65813429,
axes3,Saturación sin AW,1601,1600,26.65813415,
axes3,Saturación sin AW,1602,1601,26.65813401,
axes3,Saturación sin AW,1603,1602,26.65813387,
axes3,Saturación sin AW,1604,1603,26.65813373,
axes3,Saturación sin AW,1605,1604,26.65813359,
axes3,Saturación sin AW,1606,1605,26.65813346,
axes3,Saturación sin AW,1607,1606,26.65813332,
axes3,Saturación sin AW,1608,1607,26.65813318,
axes3,Saturación sin AW,1609,1608,26.65813305,
axes3,Saturación sin AW,1610,1609,26.65813291,
axes3,Saturación sin AW,1611,1610,26.65813278,
axes3,Saturación sin AW,1612,1611,26.65813265,
axes3,Saturación sin AW,1613,1612,26.65813252,
axes3,Saturación sin AW,1614,1613,26.65813238,
axes3,Saturación sin AW,1615,1614,26.65813225,
axes3,Saturación sin AW,1616,1615,26.65813212,
axes3,Saturación sin AW,1617,1616,26.65813199,
axes3,Saturación sin AW,1618,1617,26.65813186,
axes3,Saturación sin AW,1619,1618,26.65813174,
axes3,Saturación sin AW,1620,1619,26.65813161,
axes3,Saturación sin AW,1621,1620,26.65813148,
axes3,Saturación sin AW,1622,1621,26.65813136,
axes3,Saturación sin AW,1623,1622,26.65813123,
axes3,Saturación sin AW,1624,1623,26.65813111,
axes3,Saturación sin AW,1625,1624,26.65813098,
axes3,Saturación sin AW,1626,1625,26.65813086,
axes3,Saturación sin AW,1627,1626,26.65813074,
axes3,Saturación sin AW,1628,1627,26.65813061,
axes3,Saturación sin AW,1629,1628,26.65813049,
axes3,Saturación sin AW,1630,1629,26.65813037,
axes3,Saturación sin AW,1631,1630,26.65813025,
axes3,Saturación sin AW,1632,1631,26.65813013,
axes3,Saturación sin AW,1633,1632,26.65813001,
axes3,Saturación sin AW,1634,1633,26.65812989,
axes3,Saturación sin AW,1635,1634,26.65812978,
axes3,Saturación sin AW,1636,1635,26.65812966,
axes3,Saturación sin AW,1637,1636,26.65812954,
axes3,Saturación sin AW,1638,1637,26.65812943,
axes3,Saturación sin AW,1639,1638,26.65812931,
axes3,Saturación sin AW,1640,1639,26.6581292,
axes3,Saturación sin AW,1641,1640,26.65812908,
axes3,Saturación sin AW,1642,1641,26.65812897,
axes3,Saturación sin AW,1643,1642,26.65812886,
axes3,Saturación sin AW,1644,1643,26.65812874,
axes3,Saturación sin AW,1645,1644,26.65812863,
axes3,Saturación sin AW,1646,1645,26.65812852,
axes3,Saturación sin AW,1647,1646,26.65812841,
axes3,Saturación sin AW,1648,1647,26.6581283,
axes3,Saturación sin AW,1649,1648,26.65812819,
axes3,Saturación sin AW,1650,1649,26.65812808,
axes3,Saturación sin AW,1651,1650,26.65812798,
axes3,Saturación sin AW,1652,1651,26.65812787,
axes3,Saturación sin AW,1653,1652,26.65812776,
axes3,Saturación sin AW,1654,1653,26.65812765,
axes3,Saturación sin AW,1655,1654,26.65812755,
axes3,Saturación sin AW,1656,1655,26.65812744,
axes3,Saturación sin AW,1657,1656,26.65812734,
axes3,Saturación sin AW,1658,1657,26.65812723,
axes3,Saturación sin AW,1659,1658,26.65812713,
axes3,Saturación sin AW,1660,1659,26.65812703,
axes3,Saturación sin AW,1661,1660,26.65812692,
axes3,Saturación sin AW,1662,1661,26.65812682,
axes3,Saturación sin AW,1663,1662,26.65812672,
axes3,Saturación sin AW,1664,1663,26.65812662,
axes3,Saturación sin AW,1665,1664,26.65812652,
axes3,Saturación sin AW,1666,1665,26.65812642,
axes3,Saturación sin AW,1667,1666,26.65812632,
axes3,Saturación sin AW,1668,1667,26.65812622,
axes3,Saturación sin AW,1669,1668,26.65812612,
axes3,Saturación sin AW,1670,1669,26.65812603,
axes3,Saturación sin AW,1671,1670,26.65812593,
axes3,Saturación sin AW,1672,1671,26.65812583,
axes3,Saturación sin AW,1673,1672,26.65812574,
axes3,Saturación sin AW,1674,1673,26.65812564,
axes3,Saturación sin AW,1675,1674,26.65812554,
axes3,Saturación sin AW,1676,1675,26.65812545,
axes3,Saturación sin AW,1677,1676,26.65812536,
axes3,Saturación sin AW,1678,1677,26.65812526,
axes3,Saturación sin AW,1679,1678,26.65812517,
axes3,Saturación sin AW,1680,1679,26.65812508,
axes3,Saturación sin AW,1681,1680,26.65812498,
axes3,Saturación sin AW,1682,1681,26.65812489,
axes3,Saturación sin AW,1683,1682,26.6581248,
axes3,Saturación sin AW,1684,1683,26.65812471,
axes3,Saturación sin AW,1685,1684,26.65812462,
axes3,Saturación sin AW,1686,1685,26.65812453,
axes3,Saturación sin AW,1687,1686,26.65812444,
axes3,Saturación sin AW,1688,1687,26.65812435,
axes3,Saturación sin AW,1689,1688,26.65812426,
axes3,Saturación sin AW,1690,1689,26.65812418,
axes3,Saturación sin AW,1691,1690,26.65812409,
axes3,Saturación sin AW,1692,1691,26.658124,
axes3,Saturación sin AW,1693,1692,26.65812391,
axes3,Saturación sin AW,1694,1693,26.65812383,
axes3,Saturación sin AW,1695,1694,26.65812374,
axes3,Saturación sin AW,1696,1695,26.65812366,
axes3,Saturación sin AW,1697,1696,26.65812357,
axes3,Saturación sin AW,1698,1697,26.65812349,
axes3,Saturación sin AW,1699,1698,26.6581234,
axes3,Saturación sin AW,1700,1699,26.65812332,
axes3,Saturación sin AW,1701,1700,26.65812324,
axes3,Saturación sin AW,1702,1701,26.65812316,
axes3,Saturación sin AW,1703,1702,26.65812307,
axes3,Saturación sin AW,1704,1703,26.65812299,
axes3,Saturación sin AW,1705,1704,26.65812291,
axes3,Saturación sin AW,1706,1705,26.65812283,
axes3,Saturación sin AW,1707,1706,26.65812275,
axes3,Saturación sin AW,1708,1707,26.65812267,
axes3,Saturación sin AW,1709,1708,26.65812259,
axes3,Saturación sin AW,1710,1709,26.65812251,
axes3,Saturación sin AW,1711,1710,26.65812243,
axes3,Saturación sin AW,1712,1711,26.65812235,
axes3,Saturación sin AW,1713,1712,26.65812228,
axes3,Saturación sin AW,1714,1713,26.6581222,
axes3,Saturación sin AW,1715,1714,26.65812212,
axes3,Saturación sin AW,1716,1715,26.65812205,
axes3,Saturación sin AW,1717,1716,26.65812197,
axes3,Saturación sin AW,1718,1717,26.65812189,
axes3,Saturación sin AW,1719,1718,26.65812182,
axes3,Saturación sin AW,1720,1719,26.65812174,
axes3,Saturación sin AW,1721,1720,26.65812167,
axes3,Saturación sin AW,1722,1721,26.65812159,
axes3,Saturación sin AW,1723,1722,26.65812152,
axes3,Saturación sin AW,1724,1723,26.65812145,
axes3,Saturación sin AW,1725,1724,26.65812137,
axes3,Saturación sin AW,1726,1725,26.6581213,
axes3,Saturación sin AW,1727,1726,26.65812123,
axes3,Saturación sin AW,1728,1727,26.65812116,
axes3,Saturación sin AW,1729,1728,26.65812109,
axes3,Saturación sin AW,1730,1729,26.65812101,
axes3,Saturación sin AW,1731,1730,26.65812094,
axes3,Saturación sin AW,1732,1731,26.65812087,
axes3,Saturación sin AW,1733,1732,26.6581208,
axes3,Saturación sin AW,1734,1733,26.65812073,
axes3,Saturación sin AW,1735,1734,26.65812066,
axes3,Saturación sin AW,1736,1735,26.6581206,
axes3,Saturación sin AW,1737,1736,26.65812053,
axes3,Saturación sin AW,1738,1737,26.65812046,
axes3,Saturación sin AW,1739,1738,26.65812039,
axes3,Saturación sin AW,1740,1739,26.65812032,
axes3,Saturación sin AW,1741,1740,26.65812026,
axes3,Saturación sin AW,1742,1741,26.65812019,
axes3,Saturación sin AW,1743,1742,26.65812012,
axes3,Saturación sin AW,1744,1743,26.65812006,
axes3,Saturación sin AW,1745,1744,26.65811999,
axes3,Saturación sin AW,1746,1745,26.65811993,
axes3,Saturación sin AW,1747,1746,26.65811986,
axes3,Saturación sin AW,1748,1747,26.6581198,
axes3,Saturación sin AW,1749,1748,26.65811973,
axes3,Saturación sin AW,1750,1749,26.65811967,
axes3,Saturación sin AW,1751,1750,26.6581196,
axes3,Saturación sin AW,1752,1751,26.65811954,
axes3,Saturación sin AW,1753,1752,26.65811948,
axes3,Saturación sin AW,1754,1753,26.65811942,
axes3,Saturación sin AW,1755,1754,26.65811935,
axes3,Saturación sin AW,1756,1755,26.65811929,
axes3,Saturación sin AW,1757,1756,26.65811923,
axes3,Saturación sin AW,1758,1757,26.65811917,
axes3,Saturación sin AW,1759,1758,26.65811911,
axes3,Saturación sin AW,1760,1759,26.65811905,
axes3,Saturación sin AW,1761,1760,26.65811899,
axes3,Saturación sin AW,1762,1761,26.65811893,
axes3,Saturación sin AW,1763,1762,26.65811887,
axes3,Saturación sin AW,1764,1763,26.65811881,
axes3,Saturación sin AW,1765,1764,26.65811875,
axes3,Saturación sin AW,1766,1765,26.65811869,
axes3,Saturación sin AW,1767,1766,26.65811863,
axes3,Saturación sin AW,1768,1767,26.65811857,
axes3,Saturación sin AW,1769,1768,26.65811852,
axes3,Saturación sin AW,1770,1769,26.65811846,
axes3,Saturación sin AW,1771,1770,26.6581184,
axes3,Saturación sin AW,1772,1771,26.65811834,
axes3,Saturación sin AW,1773,1772,26.65811829,
axes3,Saturación sin AW,1774,1773,26.65811823,
axes3,Saturación sin AW,1775,1774,26.65811817,
axes3,Saturación sin AW,1776,1775,26.65811812,
axes3,Saturación sin AW,1777,1776,26.65811806,
axes3,Saturación sin AW,1778,1777,26.65811801,
axes3,Saturación sin AW,1779,1778,26.65811795,
axes3,Saturación sin AW,1780,1779,26.6581179,
axes3,Saturación sin AW,1781,1780,26.65811784,
axes3,Saturación sin AW,1782,1781,26.65811779,
axes3,Saturación sin AW,1783,1782,26.65811774,
axes3,Saturación sin AW,1784,1783,26.65811768,
axes3,Saturación sin AW,1785,1784,26.65811763,
axes3,Saturación sin AW,1786,1785,26.65811758,
axes3,Saturación sin AW,1787,1786,26.65811752,
axes3,Saturación sin AW,1788,1787,26.65811747,
axes3,Saturación sin AW,1789,1788,26.65811742,
axes3,Saturación sin AW,1790,1789,26.65811737,
axes3,Saturación sin AW,1791,1790,26.65811732,
axes3,Saturación sin AW,1792,1791,26.65811727,
axes3,Saturación sin AW,1793,1792,26.65811722,
axes3,Saturación sin AW,1794,1793,26.65811716,
axes3,Saturación sin AW,1795,1794,26.65811711,
axes3,Saturación sin AW,1796,1795,26.65811706,
axes3,Saturación sin AW,1797,1796,26.65811701,
axes3,Saturación sin AW,1798,1797,26.65811696,
axes3,Saturación sin AW,1799,1798,26.65811692,
axes3,Saturación sin AW,1800,1799,26.65811687,
axes3,Saturación sin AW,1801,1800,26.65811682,
axes3,PI ideal,1,0,0,
axes3,PI ideal,2,1,0.4231445657,
axes3,PI ideal,3,2,0.8462891313,
axes3,PI ideal,4,3,1.269433697,
axes3,PI ideal,5,4,1.692578263,
axes3,PI ideal,6,5,2.115722828,
axes3,PI ideal,7,6,2.538867394,
axes3,PI ideal,8,7,2.96201196,
axes3,PI ideal,9,8,3.385156525,
axes3,PI ideal,10,9,3.808301091,
axes3,PI ideal,11,10,4.231445657,
axes3,PI ideal,12,11,4.654590222,
axes3,PI ideal,13,12,5.077734788,
axes3,PI ideal,14,13,5.500879354,
axes3,PI ideal,15,14,5.924023919,
axes3,PI ideal,16,15,6.347168485,
axes3,PI ideal,17,16,6.770313051,
axes3,PI ideal,18,17,7.193457616,
axes3,PI ideal,19,18,7.616602182,
axes3,PI ideal,20,19,8.039746748,
axes3,PI ideal,21,20,8.462891313,
axes3,PI ideal,22,21,8.886035879,
axes3,PI ideal,23,22,9.309180445,
axes3,PI ideal,24,23,9.72562614,
axes3,PI ideal,25,24,10.13537287,
axes3,PI ideal,26,25,10.53842055,
axes3,PI ideal,27,26,10.93476907,
axes3,PI ideal,28,27,11.32441836,
axes3,PI ideal,29,28,11.70736831,
axes3,PI ideal,30,29,12.08361884,
axes3,PI ideal,31,30,12.45316986,
axes3,PI ideal,32,31,12.81602127,
axes3,PI ideal,33,32,13.17217299,
axes3,PI ideal,34,33,13.52162493,
axes3,PI ideal,35,34,13.864377,
axes3,PI ideal,36,35,14.20042912,
axes3,PI ideal,37,36,14.52978118,
axes3,PI ideal,38,37,14.85243311,
axes3,PI ideal,39,38,15.16838483,
axes3,PI ideal,40,39,15.47763623,
axes3,PI ideal,41,40,15.78018725,
axes3,PI ideal,42,41,16.07603779,
axes3,PI ideal,43,42,16.36518776,
axes3,PI ideal,44,43,16.64763709,
axes3,PI ideal,45,44,16.9233857,
axes3,PI ideal,46,45,17.19253953,
axes3,PI ideal,47,46,17.45520458,
axes3,PI ideal,48,47,17.71148681,
axes3,PI ideal,49,48,17.9614922,
axes3,PI ideal,50,49,18.20532673,
axes3,PI ideal,51,50,18.44309638,
axes3,PI ideal,52,51,18.67490715,
axes3,PI ideal,53,52,18.90086501,
axes3,PI ideal,54,53,19.12107598,
axes3,PI ideal,55,54,19.33564604,
axes3,PI ideal,56,55,19.5446812,
axes3,PI ideal,57,56,19.74828745,
axes3,PI ideal,58,57,19.94657081,
axes3,PI ideal,59,58,20.13963729,
axes3,PI ideal,60,59,20.3275929,
axes3,PI ideal,61,60,20.51054365,
axes3,PI ideal,62,61,20.68859556,
axes3,PI ideal,63,62,20.86185467,
axes3,PI ideal,64,63,21.03042699,
axes3,PI ideal,65,64,21.19441855,
axes3,PI ideal,66,65,21.35393539,
axes3,PI ideal,67,66,21.50908353,
axes3,PI ideal,68,67,21.65996735,
axes3,PI ideal,69,68,21.80668952,
axes3,PI ideal,70,69,21.94935104,
axes3,PI ideal,71,70,22.08805126,
axes3,PI ideal,72,71,22.22288782,
axes3,PI ideal,73,72,22.35395671,
axes3,PI ideal,74,73,22.48135222,
axes3,PI ideal,75,74,22.60516699,
axes3,PI ideal,76,75,22.72549195,
axes3,PI ideal,77,76,22.84241639,
axes3,PI ideal,78,77,22.9560279,
axes3,PI ideal,79,78,23.0664124,
axes3,PI ideal,80,79,23.17365412,
axes3,PI ideal,81,80,23.27783564,
axes3,PI ideal,82,81,23.37903785,
axes3,PI ideal,83,82,23.47733995,
axes3,PI ideal,84,83,23.57281948,
axes3,PI ideal,85,84,23.66555229,
axes3,PI ideal,86,85,23.75561257,
axes3,PI ideal,87,86,23.84307281,
axes3,PI ideal,88,87,23.92800385,
axes3,PI ideal,89,88,24.01047482,
axes3,PI ideal,90,89,24.09055322,
axes3,PI ideal,91,90,24.16830493,
axes3,PI ideal,92,91,24.24379422,
axes3,PI ideal,93,92,24.31708378,
axes3,PI ideal,94,93,24.38823477,
axes3,PI ideal,95,94,24.45730684,
axes3,PI ideal,96,95,24.52435813,
axes3,PI ideal,97,96,24.58944531,
axes3,PI ideal,98,97,24.65262363,
axes3,PI ideal,99,98,24.71394692,
axes3,PI ideal,100,99,24.77346762,
axes3,PI ideal,101,100,24.83123682,
axes3,PI ideal,102,101,24.88730426,
axes3,PI ideal,103,102,24.94171838,
axes3,PI ideal,104,103,24.99452636,
axes3,PI ideal,105,104,25.0457741,
axes3,PI ideal,106,105,25.09550629,
axes3,PI ideal,107,106,25.14376641,
axes3,PI ideal,108,107,25.19059677,
axes3,PI ideal,109,108,25.23603854,
axes3,PI ideal,110,109,25.28013175,
axes3,PI ideal,111,110,25.32291535,
axes3,PI ideal,112,111,25.36442723,
axes3,PI ideal,113,112,25.40470421,
axes3,PI ideal,114,113,25.44378213,
axes3,PI ideal,115,114,25.48169582,
axes3,PI ideal,116,115,25.51847912,
axes3,PI ideal,117,116,25.55416496,
axes3,PI ideal,118,117,25.58878533,
axes3,PI ideal,119,118,25.62237134,
axes3,PI ideal,120,119,25.65495322,
axes3,PI ideal,121,120,25.68656033,
axes3,PI ideal,122,121,25.71722121,
axes3,PI ideal,123,122,25.74696362,
axes3,PI ideal,124,123,25.77581449,
axes3,PI ideal,125,124,25.8038,
axes3,PI ideal,126,125,25.8309456,
axes3,PI ideal,127,126,25.85727599,
axes3,PI ideal,128,127,25.88281518,
axes3,PI ideal,129,128,25.90758647,
axes3,PI ideal,130,129,25.93161252,
axes3,PI ideal,131,130,25.95491531,
axes3,PI ideal,132,131,25.97751621,
axes3,PI ideal,133,132,25.99943596,
axes3,PI ideal,134,133,26.0206947,
axes3,PI ideal,135,134,26.04131199,
axes3,PI ideal,136,135,26.06130683,
axes3,PI ideal,137,136,26.08069766,
axes3,PI ideal,138,137,26.09950239,
axes3,PI ideal,139,138,26.11773839,
axes3,PI ideal,140,139,26.13542256,
axes3,PI ideal,141,140,26.15257128,
axes3,PI ideal,142,141,26.16920046,
axes3,PI ideal,143,142,26.18532554,
axes3,PI ideal,144,143,26.20096151,
axes3,PI ideal,145,144,26.21612294,
axes3,PI ideal,146,145,26.23082394,
axes3,PI ideal,147,146,26.24507822,
axes3,PI ideal,148,147,26.25889911,
axes3,PI ideal,149,148,26.27229951,
axes3,PI ideal,150,149,26.28529196,
axes3,PI ideal,151,150,26.29788864,
axes3,PI ideal,152,151,26.31010136,
axes3,PI ideal,153,152,26.32194159,
axes3,PI ideal,154,153,26.33342043,
axes3,PI ideal,155,154,26.34454871,
axes3,PI ideal,156,155,26.35533688,
axes3,PI ideal,157,156,26.36579513,
axes3,PI ideal,158,157,26.37593331,
axes3,PI ideal,159,158,26.38576102,
axes3,PI ideal,160,159,26.39528753,
axes3,PI ideal,161,160,26.40452186,
axes3,PI ideal,162,161,26.41347278,
axes3,PI ideal,163,162,26.42214876,
axes3,PI ideal,164,163,26.43055805,
axes3,PI ideal,165,164,26.43870865,
axes3,PI ideal,166,165,26.4466083,
axes3,PI ideal,167,166,26.45426454,
axes3,PI ideal,168,167,26.46168467,
axes3,PI ideal,169,168,26.46887578,
axes3,PI ideal,170,169,26.47584474,
axes3,PI ideal,171,170,26.48259823,
axes3,PI ideal,172,171,26.48914271,
axes3,PI ideal,173,172,26.49548447,
axes3,PI ideal,174,173,26.5016296,
axes3,PI ideal,175,174,26.50758402,
axes3,PI ideal,176,175,26.51335345,
axes3,PI ideal,177,176,26.51894346,
axes3,PI ideal,178,177,26.52435946,
axes3,PI ideal,179,178,26.52960667,
axes3,PI ideal,180,179,26.53469019,
axes3,PI ideal,181,180,26.53961494,
axes3,PI ideal,182,181,26.5443857,
axes3,PI ideal,183,182,26.54900711,
axes3,PI ideal,184,183,26.55348368,
axes3,PI ideal,185,184,26.55781977,
axes3,PI ideal,186,185,26.56201962,
axes3,PI ideal,187,186,26.56608734,
axes3,PI ideal,188,187,26.57002691,
axes3,PI ideal,189,188,26.57384221,
axes3,PI ideal,190,189,26.57753698,
axes3,PI ideal,191,190,26.58111488,
axes3,PI ideal,192,191,26.58457942,
axes3,PI ideal,193,192,26.58793403,
axes3,PI ideal,194,193,26.59118204,
axes3,PI ideal,195,194,26.59432667,
axes3,PI ideal,196,195,26.59737104,
axes3,PI ideal,197,196,26.6003182,
axes3,PI ideal,198,197,26.60317108,
axes3,PI ideal,199,198,26.60593254,
axes3,PI ideal,200,199,26.60860535,
axes3,PI ideal,201,200,26.61119219,
axes3,PI ideal,202,201,26.61369567,
axes3,PI ideal,203,202,26.61611832,
axes3,PI ideal,204,203,26.61846258,
axes3,PI ideal,205,204,26.62073084,
axes3,PI ideal,206,205,26.62292541,
axes3,PI ideal,207,206,26.62504852,
axes3,PI ideal,208,207,26.62710234,
axes3,PI ideal,209,208,26.62908897,
axes3,PI ideal,210,209,26.63101047,
axes3,PI ideal,211,210,26.63286881,
axes3,PI ideal,212,211,26.63466592,
axes3,PI ideal,213,212,26.63640365,
axes3,PI ideal,214,213,26.63808382,
axes3,PI ideal,215,214,26.63970817,
axes3,PI ideal,216,215,26.64127842,
axes3,PI ideal,217,216,26.64279621,
axes3,PI ideal,218,217,26.64426314,
axes3,PI ideal,219,218,26.64568076,
axes3,PI ideal,220,219,26.64705058,
axes3,PI ideal,221,220,26.64837406,
axes3,PI ideal,222,221,26.64965262,
axes3,PI ideal,223,222,26.65088763,
axes3,PI ideal,224,223,26.65208042,
axes3,PI ideal,225,224,26.65323229,
axes3,PI ideal,226,225,26.65434449,
axes3,PI ideal,227,226,26.65541823,
axes3,PI ideal,228,227,26.6564547,
axes3,PI ideal,229,228,26.65745505,
axes3,PI ideal,230,229,26.65842037,
axes3,PI ideal,231,230,26.65935174,
axes3,PI ideal,232,231,26.66025022,
axes3,PI ideal,233,232,26.66111681,
axes3,PI ideal,234,233,26.6619525,
axes3,PI ideal,235,234,26.66275823,
axes3,PI ideal,236,235,26.66353493,
axes3,PI ideal,237,236,26.6642835,
axes3,PI ideal,238,237,26.66500481,
axes3,PI ideal,239,238,26.66569969,
axes3,PI ideal,240,239,26.66636897,
axes3,PI ideal,241,240,26.66701344,
axes3,PI ideal,242,241,26.66763386,
axes3,PI ideal,243,242,26.66823099,
axes3,PI ideal,244,243,26.66880555,
axes3,PI ideal,245,244,26.66935824,
axes3,PI ideal,246,245,26.66988973,
axes3,PI ideal,247,246,26.67040069,
axes3,PI ideal,248,247,26.67089176,
axes3,PI ideal,249,248,26.67136356,
axes3,PI ideal,250,249,26.67181669,
axes3,PI ideal,251,250,26.67225173,
axes3,PI ideal,252,251,26.67266926,
axes3,PI ideal,253,252,26.67306981,
axes3,PI ideal,254,253,26.67345392,
axes3,PI ideal,255,254,26.67382212,
axes3,PI ideal,256,255,26.67417489,
axes3,PI ideal,257,256,26.67451272,
axes3,PI ideal,258,257,26.67483609,
axes3,PI ideal,259,258,26.67514545,
axes3,PI ideal,260,259,26.67544125,
axes3,PI ideal,261,260,26.67572391,
axes3,PI ideal,262,261,26.67599385,
axes3,PI ideal,263,262,26.67625147,
axes3,PI ideal,264,263,26.67649717,
axes3,PI ideal,265,264,26.67673133,
axes3,PI ideal,266,265,26.67695431,
axes3,PI ideal,267,266,26.67716647,
axes3,PI ideal,268,267,26.67736815,
axes3,PI ideal,269,268,26.6775597,
axes3,PI ideal,270,269,26.67774144,
axes3,PI ideal,271,270,26.67791368,
axes3,PI ideal,272,271,26.67807673,
axes3,PI ideal,273,272,26.67823089,
axes3,PI ideal,274,273,26.67837645,
axes3,PI ideal,275,274,26.67851368,
axes3,PI ideal,276,275,26.67864285,
axes3,PI ideal,277,276,26.67876423,
axes3,PI ideal,278,277,26.67887807,
axes3,PI ideal,279,278,26.67898462,
axes3,PI ideal,280,279,26.67908412,
axes3,PI ideal,281,280,26.67917679,
axes3,PI ideal,282,281,26.67926287,
axes3,PI ideal,283,282,26.67934258,
axes3,PI ideal,284,283,26.67941611,
axes3,PI ideal,285,284,26.67948369,
axes3,PI ideal,286,285,26.6795455,
axes3,PI ideal,287,286,26.67960174,
axes3,PI ideal,288,287,26.67965259,
axes3,PI ideal,289,288,26.67969824,
axes3,PI ideal,290,289,26.67973887,
axes3,PI ideal,291,290,26.67977464,
axes3,PI ideal,292,291,26.67980571,
axes3,PI ideal,293,292,26.67983226,
axes3,PI ideal,294,293,26.67985442,
axes3,PI ideal,295,294,26.67987236,
axes3,PI ideal,296,295,26.67988622,
axes3,PI ideal,297,296,26.67989613,
axes3,PI ideal,298,297,26.67990225,
axes3,PI ideal,299,298,26.67990469,
axes3,PI ideal,300,299,26.67990359,
axes3,PI ideal,301,300,26.67989907,
axes3,PI ideal,302,301,26.67989125,
axes3,PI ideal,303,302,26.67988025,
axes3,PI ideal,304,303,26.67986619,
axes3,PI ideal,305,304,26.67984916,
axes3,PI ideal,306,305,26.67982929,
axes3,PI ideal,307,306,26.67980667,
axes3,PI ideal,308,307,26.67978141,
axes3,PI ideal,309,308,26.67975359,
axes3,PI ideal,310,309,26.67972332,
axes3,PI ideal,311,310,26.67969068,
axes3,PI ideal,312,311,26.67965577,
axes3,PI ideal,313,312,26.67961866,
axes3,PI ideal,314,313,26.67957945,
axes3,PI ideal,315,314,26.6795382,
axes3,PI ideal,316,315,26.67949501,
axes3,PI ideal,317,316,26.67944994,
axes3,PI ideal,318,317,26.67940307,
axes3,PI ideal,319,318,26.67935447,
axes3,PI ideal,320,319,26.67930421,
axes3,PI ideal,321,320,26.67925234,
axes3,PI ideal,322,321,26.67919895,
axes3,PI ideal,323,322,26.67914409,
axes3,PI ideal,324,323,26.67908781,
axes3,PI ideal,325,324,26.67903019,
axes3,PI ideal,326,325,26.67897127,
axes3,PI ideal,327,326,26.67891111,
axes3,PI ideal,328,327,26.67884977,
axes3,PI ideal,329,328,26.67878729,
axes3,PI ideal,330,329,26.67872372,
axes3,PI ideal,331,330,26.67865912,
axes3,PI ideal,332,331,26.67859352,
axes3,PI ideal,333,332,26.67852698,
axes3,PI ideal,334,333,26.67845954,
axes3,PI ideal,335,334,26.67839124,
axes3,PI ideal,336,335,26.67832212,
axes3,PI ideal,337,336,26.67825222,
axes3,PI ideal,338,337,26.67818158,
axes3,PI ideal,339,338,26.67811024,
axes3,PI ideal,340,339,26.67803823,
axes3,PI ideal,341,340,26.67796559,
axes3,PI ideal,342,341,26.67789235,
axes3,PI ideal,343,342,26.67781855,
axes3,PI ideal,344,343,26.67774421,
axes3,PI ideal,345,344,26.67766936,
axes3,PI ideal,346,345,26.67759405,
axes3,PI ideal,347,346,26.67751829,
axes3,PI ideal,348,347,26.6774421,
axes3,PI ideal,349,348,26.67736553,
axes3,PI ideal,350,349,26.6772886,
axes3,PI ideal,351,350,26.67721132,
axes3,PI ideal,352,351,26.67713373,
axes3,PI ideal,353,352,26.67705584,
axes3,PI ideal,354,353,26.67697769,
axes3,PI ideal,355,354,26.67689928,
axes3,PI ideal,356,355,26.67682065,
axes3,PI ideal,357,356,26.67674181,
axes3,PI ideal,358,357,26.67666279,
axes3,PI ideal,359,358,26.6765836,
axes3,PI ideal,360,359,26.67650426,
axes3,PI ideal,361,360,26.67642479,
axes3,PI ideal,362,361,26.6763452,
axes3,PI ideal,363,362,26.67626552,
axes3,PI ideal,364,363,26.67618575,
axes3,PI ideal,365,364,26.67610592,
axes3,PI ideal,366,365,26.67602604,
axes3,PI ideal,367,366,26.67594612,
axes3,PI ideal,368,367,26.67586618,
axes3,PI ideal,369,368,26.67578623,
axes3,PI ideal,370,369,26.67570628,
axes3,PI ideal,371,370,26.67562635,
axes3,PI ideal,372,371,26.67554645,
axes3,PI ideal,373,372,26.67546659,
axes3,PI ideal,374,373,26.67538678,
axes3,PI ideal,375,374,26.67530703,
axes3,PI ideal,376,375,26.67522735,
axes3,PI ideal,377,376,26.67514776,
axes3,PI ideal,378,377,26.67506826,
axes3,PI ideal,379,378,26.67498887,
axes3,PI ideal,380,379,26.67490958,
axes3,PI ideal,381,380,26.67483041,
axes3,PI ideal,382,381,26.67475137,
axes3,PI ideal,383,382,26.67467247,
axes3,PI ideal,384,383,26.67459371,
axes3,PI ideal,385,384,26.6745151,
axes3,PI ideal,386,385,26.67443665,
axes3,PI ideal,387,386,26.67435837,
axes3,PI ideal,388,387,26.67428026,
axes3,PI ideal,389,388,26.67420232,
axes3,PI ideal,390,389,26.67412457,
axes3,PI ideal,391,390,26.67404701,
axes3,PI ideal,392,391,26.67396965,
axes3,PI ideal,393,392,26.67389249,
axes3,PI ideal,394,393,26.67381553,
axes3,PI ideal,395,394,26.67373878,
axes3,PI ideal,396,395,26.67366225,
axes3,PI ideal,397,396,26.67358595,
axes3,PI ideal,398,397,26.67350986,
axes3,PI ideal,399,398,26.67343401,
axes3,PI ideal,400,399,26.67335839,
axes3,PI ideal,401,400,26.673283,
axes3,PI ideal,402,401,26.67320786,
axes3,PI ideal,403,402,26.67313296,
axes3,PI ideal,404,403,26.67305831,
axes3,PI ideal,405,404,26.6729839,
axes3,PI ideal,406,405,26.67290976,
axes3,PI ideal,407,406,26.67283586,
axes3,PI ideal,408,407,26.67276223,
axes3,PI ideal,409,408,26.67268886,
axes3,PI ideal,410,409,26.67261575,
axes3,PI ideal,411,410,26.67254291,
axes3,PI ideal,412,411,26.67247034,
axes3,PI ideal,413,412,26.67239804,
axes3,PI ideal,414,413,26.67232601,
axes3,PI ideal,415,414,26.67225425,
axes3,PI ideal,416,415,26.67218278,
axes3,PI ideal,417,416,26.67211158,
axes3,PI ideal,418,417,26.67204065,
axes3,PI ideal,419,418,26.67197001,
axes3,PI ideal,420,419,26.67189966,
axes3,PI ideal,421,420,26.67182958,
axes3,PI ideal,422,421,26.67175979,
axes3,PI ideal,423,422,26.67169029,
axes3,PI ideal,424,423,26.67162107,
axes3,PI ideal,425,424,26.67155214,
axes3,PI ideal,426,425,26.6714835,
axes3,PI ideal,427,426,26.67141515,
axes3,PI ideal,428,427,26.67134708,
axes3,PI ideal,429,428,26.67127931,
axes3,PI ideal,430,429,26.67121183,
axes3,PI ideal,431,430,26.67114464,
axes3,PI ideal,432,431,26.67107774,
axes3,PI ideal,433,432,26.67101114,
axes3,PI ideal,434,433,26.67094483,
axes3,PI ideal,435,434,26.67087881,
axes3,PI ideal,436,435,26.67081308,
axes3,PI ideal,437,436,26.67074765,
axes3,PI ideal,438,437,26.6706825,
axes3,PI ideal,439,438,26.67061766,
axes3,PI ideal,440,439,26.6705531,
axes3,PI ideal,441,440,26.67048884,
axes3,PI ideal,442,441,26.67042487,
axes3,PI ideal,443,442,26.6703612,
axes3,PI ideal,444,443,26.67029782,
axes3,PI ideal,445,444,26.67023473,
axes3,PI ideal,446,445,26.67017193,
axes3,PI ideal,447,446,26.67010942,
axes3,PI ideal,448,447,26.67004721,
axes3,PI ideal,449,448,26.66998529,
axes3,PI ideal,450,449,26.66992366,
axes3,PI ideal,451,450,26.66986231,
axes3,PI ideal,452,451,26.66980126,
axes3,PI ideal,453,452,26.6697405,
axes3,PI ideal,454,453,26.66968003,
axes3,PI ideal,455,454,26.66961984,
axes3,PI ideal,456,455,26.66955995,
axes3,PI ideal,457,456,26.66950034,
axes3,PI ideal,458,457,26.66944101,
axes3,PI ideal,459,458,26.66938198,
axes3,PI ideal,460,459,26.66932322,
axes3,PI ideal,461,460,26.66926475,
axes3,PI ideal,462,461,26.66920657,
axes3,PI ideal,463,462,26.66914867,
axes3,PI ideal,464,463,26.66909105,
axes3,PI ideal,465,464,26.66903371,
axes3,PI ideal,466,465,26.66897666,
axes3,PI ideal,467,466,26.66891988,
axes3,PI ideal,468,467,26.66886338,
axes3,PI ideal,469,468,26.66880716,
axes3,PI ideal,470,469,26.66875122,
axes3,PI ideal,471,470,26.66869556,
axes3,PI ideal,472,471,26.66864017,
axes3,PI ideal,473,472,26.66858505,
axes3,PI ideal,474,473,26.66853021,
axes3,PI ideal,475,474,26.66847564,
axes3,PI ideal,476,475,26.66842134,
axes3,PI ideal,477,476,26.66836732,
axes3,PI ideal,478,477,26.66831356,
axes3,PI ideal,479,478,26.66826008,
axes3,PI ideal,480,479,26.66820686,
axes3,PI ideal,481,480,26.66815391,
axes3,PI ideal,482,481,26.66810122,
axes3,PI ideal,483,482,26.66804881,
axes3,PI ideal,484,483,26.66799665,
axes3,PI ideal,485,484,26.66794476,
axes3,PI ideal,486,485,26.66789313,
axes3,PI ideal,487,486,26.66784176,
axes3,PI ideal,488,487,26.66779065,
axes3,PI ideal,489,488,26.6677398,
axes3,PI ideal,490,489,26.66768921,
axes3,PI ideal,491,490,26.66763888,
axes3,PI ideal,492,491,26.6675888,
axes3,PI ideal,493,492,26.66753898,
axes3,PI ideal,494,493,26.66748941,
axes3,PI ideal,495,494,26.66744009,
axes3,PI ideal,496,495,26.66739103,
axes3,PI ideal,497,496,26.66734221,
axes3,PI ideal,498,497,26.66729365,
axes3,PI ideal,499,498,26.66724533,
axes3,PI ideal,500,499,26.66719726,
axes3,PI ideal,501,500,26.66714944,
axes3,PI ideal,502,501,26.66710186,
axes3,PI ideal,503,502,26.66705453,
axes3,PI ideal,504,503,26.66700744,
axes3,PI ideal,505,504,26.6669606,
axes3,PI ideal,506,505,26.66691399,
axes3,PI ideal,507,506,26.66686763,
axes3,PI ideal,508,507,26.6668215,
axes3,PI ideal,509,508,26.66677561,
axes3,PI ideal,510,509,26.66672996,
axes3,PI ideal,511,510,26.66668454,
axes3,PI ideal,512,511,26.66663936,
axes3,PI ideal,513,512,26.66659441,
axes3,PI ideal,514,513,26.6665497,
axes3,PI ideal,515,514,26.66650521,
axes3,PI ideal,516,515,26.66646096,
axes3,PI ideal,517,516,26.66641694,
axes3,PI ideal,518,517,26.66637314,
axes3,PI ideal,519,518,26.66632957,
axes3,PI ideal,520,519,26.66628623,
axes3,PI ideal,521,520,26.66624311,
axes3,PI ideal,522,521,26.66620022,
axes3,PI ideal,523,522,26.66615754,
axes3,PI ideal,524,523,26.6661151,
axes3,PI ideal,525,524,26.66607287,
axes3,PI ideal,526,525,26.66603086,
axes3,PI ideal,527,526,26.66598907,
axes3,PI ideal,528,527,26.66594749,
axes3,PI ideal,529,528,26.66590614,
axes3,PI ideal,530,529,26.665865,
axes3,PI ideal,531,530,26.66582407,
axes3,PI ideal,532,531,26.66578336,
axes3,PI ideal,533,532,26.66574286,
axes3,PI ideal,534,533,26.66570257,
axes3,PI ideal,535,534,26.66566249,
axes3,PI ideal,536,535,26.66562262,
axes3,PI ideal,537,536,26.66558296,
axes3,PI ideal,538,537,26.66554351,
axes3,PI ideal,539,538,26.66550426,
axes3,PI ideal,540,539,26.66546522,
axes3,PI ideal,541,540,26.66542638,
axes3,PI ideal,542,541,26.66538774,
axes3,PI ideal,543,542,26.66534931,
axes3,PI ideal,544,543,26.66531108,
axes3,PI ideal,545,544,26.66527305,
axes3,PI ideal,546,545,26.66523522,
axes3,PI ideal,547,546,26.66519758,
axes3,PI ideal,548,547,26.66516015,
axes3,PI ideal,549,548,26.6651229,
axes3,PI ideal,550,549,26.66508586,
axes3,PI ideal,551,550,26.66504901,
axes3,PI ideal,552,551,26.66501235,
axes3,PI ideal,553,552,26.66497588,
axes3,PI ideal,554,553,26.66493961,
axes3,PI ideal,555,554,26.66490353,
axes3,PI ideal,556,555,26.66486763,
axes3,PI ideal,557,556,26.66483192,
axes3,PI ideal,558,557,26.66479641,
axes3,PI ideal,559,558,26.66476107,
axes3,PI ideal,560,559,26.66472593,
axes3,PI ideal,561,560,26.66469096,
axes3,PI ideal,562,561,26.66465619,
axes3,PI ideal,563,562,26.66462159,
axes3,PI ideal,564,563,26.66458718,
axes3,PI ideal,565,564,26.66455294,
axes3,PI ideal,566,565,26.66451889,
axes3,PI ideal,567,566,26.66448502,
axes3,PI ideal,568,567,26.66445132,
axes3,PI ideal,569,568,26.6644178,
axes3,PI ideal,570,569,26.66438446,
axes3,PI ideal,571,570,26.66435129,
axes3,PI ideal,572,571,26.6643183,
axes3,PI ideal,573,572,26.66428548,
axes3,PI ideal,574,573,26.66425284,
axes3,PI ideal,575,574,26.66422036,
axes3,PI ideal,576,575,26.66418806,
axes3,PI ideal,577,576,26.66415593,
axes3,PI ideal,578,577,26.66412396,
axes3,PI ideal,579,578,26.66409217,
axes3,PI ideal,580,579,26.66406054,
axes3,PI ideal,581,580,26.66402908,
axes3,PI ideal,582,581,26.66399778,
axes3,PI ideal,583,582,26.66396665,
axes3,PI ideal,584,583,26.66393568,
axes3,PI ideal,585,584,26.66390488,
axes3,PI ideal,586,585,26.66387424,
axes3,PI ideal,587,586,26.66384376,
axes3,PI ideal,588,587,26.66381344,
axes3,PI ideal,589,588,26.66378328,
axes3,PI ideal,590,589,26.66375328,
axes3,PI ideal,591,590,26.66372344,
axes3,PI ideal,592,591,26.66369375,
axes3,PI ideal,593,592,26.66366423,
axes3,PI ideal,594,593,26.66363485,
axes3,PI ideal,595,594,26.66360563,
axes3,PI ideal,596,595,26.66357657,
axes3,PI ideal,597,596,26.66354766,
axes3,PI ideal,598,597,26.6635189,
axes3,PI ideal,599,598,26.6634903,
axes3,PI ideal,600,599,26.66346184,
axes3,PI ideal,601,600,26.66343354,
axes3,PI ideal,602,601,26.66340538,
axes3,PI ideal,603,602,26.66337737,
axes3,PI ideal,604,603,26.66334951,
axes3,PI ideal,605,604,26.6633218,
axes3,PI ideal,606,605,26.66329424,
axes3,PI ideal,607,606,26.66326681,
axes3,PI ideal,608,607,26.66323954,
axes3,PI ideal,609,608,26.66321241,
axes3,PI ideal,610,609,26.66318542,
axes3,PI ideal,611,610,26.66315857,
axes3,PI ideal,612,611,26.66313187,
axes3,PI ideal,613,612,26.6631053,
axes3,PI ideal,614,613,26.66307888,
axes3,PI ideal,615,614,26.6630526,
axes3,PI ideal,616,615,26.66302645,
axes3,PI ideal,617,616,26.66300044,
axes3,PI ideal,618,617,26.66297457,
axes3,PI ideal,619,618,26.66294884,
axes3,PI ideal,620,619,26.66292324,
axes3,PI ideal,621,620,26.66289778,
axes3,PI ideal,622,621,26.66287245,
axes3,PI ideal,623,622,26.66284726,
axes3,PI ideal,624,623,26.6628222,
axes3,PI ideal,625,624,26.66279727,
axes3,PI ideal,626,625,26.66277247,
axes3,PI ideal,627,626,26.66274781,
axes3,PI ideal,628,627,26.66272327,
axes3,PI ideal,629,628,26.66269887,
axes3,PI ideal,630,629,26.66267459,
axes3,PI ideal,631,630,26.66265044,
axes3,PI ideal,632,631,26.66262642,
axes3,PI ideal,633,632,26.66260253,
axes3,PI ideal,634,633,26.66257876,
axes3,PI ideal,635,634,26.66255512,
axes3,PI ideal,636,635,26.6625316,
axes3,PI ideal,637,636,26.66250821,
axes3,PI ideal,638,637,26.66248494,
axes3,PI ideal,639,638,26.66246179,
axes3,PI ideal,640,639,26.66243876,
axes3,PI ideal,641,640,26.66241586,
axes3,PI ideal,642,641,26.66239308,
axes3,PI ideal,643,642,26.66237042,
axes3,PI ideal,644,643,26.66234788,
axes3,PI ideal,645,644,26.66232545,
axes3,PI ideal,646,645,26.66230315,
axes3,PI ideal,647,646,26.66228096,
axes3,PI ideal,648,647,26.6622589,
axes3,PI ideal,649,648,26.66223694,
axes3,PI ideal,650,649,26.66221511,
axes3,PI ideal,651,650,26.66219339,
axes3,PI ideal,652,651,26.66217178,
axes3,PI ideal,653,652,26.66215029,
axes3,PI ideal,654,653,26.66212891,
axes3,PI ideal,655,654,26.66210765,
axes3,PI ideal,656,655,26.66208649,
axes3,PI ideal,657,656,26.66206545,
axes3,PI ideal,658,657,26.66204452,
axes3,PI ideal,659,658,26.6620237,
axes3,PI ideal,660,659,26.66200299,
axes3,PI ideal,661,660,26.66198239,
axes3,PI ideal,662,661,26.6619619,
axes3,PI ideal,663,662,26.66194152,
axes3,PI ideal,664,663,26.66192125,
axes3,PI ideal,665,664,26.66190108,
axes3,PI ideal,666,665,26.66188102,
axes3,PI ideal,667,666,26.66186106,
axes3,PI ideal,668,667,26.66184121,
axes3,PI ideal,669,668,26.66182147,
axes3,PI ideal,670,669,26.66180183,
axes3,PI ideal,671,670,26.66178229,
axes3,PI ideal,672,671,26.66176286,
axes3,PI ideal,673,672,26.66174353,
axes3,PI ideal,674,673,26.6617243,
axes3,PI ideal,675,674,26.66170517,
axes3,PI ideal,676,675,26.66168615,
axes3,PI ideal,677,676,26.66166722,
axes3,PI ideal,678,677,26.6616484,
axes3,PI ideal,679,678,26.66162968,
axes3,PI ideal,680,679,26.66161105,
axes3,PI ideal,681,680,26.66159252,
axes3,PI ideal,682,681,26.66157409,
axes3,PI ideal,683,682,26.66155576,
axes3,PI ideal,684,683,26.66153752,
axes3,PI ideal,685,684,26.66151939,
axes3,PI ideal,686,685,26.66150134,
axes3,PI ideal,687,686,26.66148339,
axes3,PI ideal,688,687,26.66146554,
axes3,PI ideal,689,688,26.66144778,
axes3,PI ideal,690,689,26.66143012,
axes3,PI ideal,691,690,26.66141255,
axes3,PI ideal,692,691,26.66139507,
axes3,PI ideal,693,692,26.66137768,
axes3,PI ideal,694,693,26.66136039,
axes3,PI ideal,695,694,26.66134319,
axes3,PI ideal,696,695,26.66132608,
axes3,PI ideal,697,696,26.66130906,
axes3,PI ideal,698,697,26.66129213,
axes3,PI ideal,699,698,26.66127528,
axes3,PI ideal,700,699,26.66125853,
axes3,PI ideal,701,700,26.66124187,
axes3,PI ideal,702,701,26.66122529,
axes3,PI ideal,703,702,26.6612088,
axes3,PI ideal,704,703,26.6611924,
axes3,PI ideal,705,704,26.66117609,
axes3,PI ideal,706,705,26.66115986,
axes3,PI ideal,707,706,26.66114372,
axes3,PI ideal,708,707,26.66112766,
axes3,PI ideal,709,708,26.66111169,
axes3,PI ideal,710,709,26.6610958,
axes3,PI ideal,711,710,26.66108,
axes3,PI ideal,712,711,26.66106428,
axes3,PI ideal,713,712,26.66104864,
axes3,PI ideal,714,713,26.66103309,
axes3,PI ideal,715,714,26.66101762,
axes3,PI ideal,716,715,26.66100223,
axes3,PI ideal,717,716,26.66098692,
axes3,PI ideal,718,717,26.66097169,
axes3,PI ideal,719,718,26.66095655,
axes3,PI ideal,720,719,26.66094148,
axes3,PI ideal,721,720,26.66092649,
axes3,PI ideal,722,721,26.66091158,
axes3,PI ideal,723,722,26.66089676,
axes3,PI ideal,724,723,26.660882,
axes3,PI ideal,725,724,26.66086733,
axes3,PI ideal,726,725,26.66085274,
axes3,PI ideal,727,726,26.66083822,
axes3,PI ideal,728,727,26.66082378,
axes3,PI ideal,729,728,26.66080941,
axes3,PI ideal,730,729,26.66079512,
axes3,PI ideal,731,730,26.66078091,
axes3,PI ideal,732,731,26.66076677,
axes3,PI ideal,733,732,26.66075271,
axes3,PI ideal,734,733,26.66073872,
axes3,PI ideal,735,734,26.66072481,
axes3,PI ideal,736,735,26.66071096,
axes3,PI ideal,737,736,26.6606972,
axes3,PI ideal,738,737,26.6606835,
axes3,PI ideal,739,738,26.66066988,
axes3,PI ideal,740,739,26.66065633,
axes3,PI ideal,741,740,26.66064285,
axes3,PI ideal,742,741,26.66062944,
axes3,PI ideal,743,742,26.6606161,
axes3,PI ideal,744,743,26.66060284,
axes3,PI ideal,745,744,26.66058964,
axes3,PI ideal,746,745,26.66057651,
axes3,PI ideal,747,746,26.66056346,
axes3,PI ideal,748,747,26.66055047,
axes3,PI ideal,749,748,26.66053755,
axes3,PI ideal,750,749,26.6605247,
axes3,PI ideal,751,750,26.66051191,
axes3,PI ideal,752,751,26.6604992,
axes3,PI ideal,753,752,26.66048655,
axes3,PI ideal,754,753,26.66047397,
axes3,PI ideal,755,754,26.66046145,
axes3,PI ideal,756,755,26.66044901,
axes3,PI ideal,757,756,26.66043662,
axes3,PI ideal,758,757,26.66042431,
axes3,PI ideal,759,758,26.66041205,
axes3,PI ideal,760,759,26.66039987,
axes3,PI ideal,761,760,26.66038774,
axes3,PI ideal,762,761,26.66037568,
axes3,PI ideal,763,762,26.66036369,
axes3,PI ideal,764,763,26.66035176,
axes3,PI ideal,765,764,26.66033989,
axes3,PI ideal,766,765,26.66032808,
axes3,PI ideal,767,766,26.66031634,
axes3,PI ideal,768,767,26.66030466,
axes3,PI ideal,769,768,26.66029304,
axes3,PI ideal,770,769,26.66028148,
axes3,PI ideal,771,770,26.66026998,
axes3,PI ideal,772,771,26.66025855,
axes3,PI ideal,773,772,26.66024717,
axes3,PI ideal,774,773,26.66023586,
axes3,PI ideal,775,774,26.6602246,
axes3,PI ideal,776,775,26.66021341,
axes3,PI ideal,777,776,26.66020227,
axes3,PI ideal,778,777,26.66019119,
axes3,PI ideal,779,778,26.66018017,
axes3,PI ideal,780,779,26.66016921,
axes3,PI ideal,781,780,26.66015831,
axes3,PI ideal,782,781,26.66014746,
axes3,PI ideal,783,782,26.66013667,
axes3,PI ideal,784,783,26.66012594,
axes3,PI ideal,785,784,26.66011527,
axes3,PI ideal,786,785,26.66010465,
axes3,PI ideal,787,786,26.66009409,
axes3,PI ideal,788,787,26.66008358,
axes3,PI ideal,789,788,26.66007313,
axes3,PI ideal,790,789,26.66006274,
axes3,PI ideal,791,790,26.6600524,
axes3,PI ideal,792,791,26.66004211,
axes3,PI ideal,793,792,26.66003188,
axes3,PI ideal,794,793,26.66002171,
axes3,PI ideal,795,794,26.66001158,
axes3,PI ideal,796,795,26.66000151,
axes3,PI ideal,797,796,26.6599915,
axes3,PI ideal,798,797,26.65998153,
axes3,PI ideal,799,798,26.65997162,
axes3,PI ideal,800,799,26.65996176,
axes3,PI ideal,801,800,26.65995196,
axes3,PI ideal,802,801,26.6599422,
axes3,PI ideal,803,802,26.6599325,
axes3,PI ideal,804,803,26.65992285,
axes3,PI ideal,805,804,26.65991325,
axes3,PI ideal,806,805,26.6599037,
axes3,PI ideal,807,806,26.6598942,
axes3,PI ideal,808,807,26.65988475,
axes3,PI ideal,809,808,26.65987535,
axes3,PI ideal,810,809,26.65986601,
axes3,PI ideal,811,810,26.65985671,
axes3,PI ideal,812,811,26.65984746,
axes3,PI ideal,813,812,26.65983825,
axes3,PI ideal,814,813,26.6598291,
axes3,PI ideal,815,814,26.65982,
axes3,PI ideal,816,815,26.65981094,
axes3,PI ideal,817,816,26.65980193,
axes3,PI ideal,818,817,26.65979297,
axes3,PI ideal,819,818,26.65978406,
axes3,PI ideal,820,819,26.65977519,
axes3,PI ideal,821,820,26.65976637,
axes3,PI ideal,822,821,26.6597576,
axes3,PI ideal,823,822,26.65974887,
axes3,PI ideal,824,823,26.65974019,
axes3,PI ideal,825,824,26.65973156,
axes3,PI ideal,826,825,26.65972297,
axes3,PI ideal,827,826,26.65971443,
axes3,PI ideal,828,827,26.65970593,
axes3,PI ideal,829,828,26.65969748,
axes3,PI ideal,830,829,26.65968907,
axes3,PI ideal,831,830,26.65968071,
axes3,PI ideal,832,831,26.65967239,
axes3,PI ideal,833,832,26.65966411,
axes3,PI ideal,834,833,26.65965588,
axes3,PI ideal,835,834,26.65964769,
axes3,PI ideal,836,835,26.65963955,
axes3,PI ideal,837,836,26.65963144,
axes3,PI ideal,838,837,26.65962338,
axes3,PI ideal,839,838,26.65961537,
axes3,PI ideal,840,839,26.65960739,
axes3,PI ideal,841,840,26.65959946,
axes3,PI ideal,842,841,26.65959157,
axes3,PI ideal,843,842,26.65958372,
axes3,PI ideal,844,843,26.65957592,
axes3,PI ideal,845,844,26.65956815,
axes3,PI ideal,846,845,26.65956043,
axes3,PI ideal,847,846,26.65955274,
axes3,PI ideal,848,847,26.6595451,
axes3,PI ideal,849,848,26.6595375,
axes3,PI ideal,850,849,26.65952994,
axes3,PI ideal,851,850,26.65952241,
axes3,PI ideal,852,851,26.65951493,
axes3,PI ideal,853,852,26.65950749,
axes3,PI ideal,854,853,26.65950009,
axes3,PI ideal,855,854,26.65949272,
axes3,PI ideal,856,855,26.6594854,
axes3,PI ideal,857,856,26.65947811,
axes3,PI ideal,858,857,26.65947086,
axes3,PI ideal,859,858,26.65946365,
axes3,PI ideal,860,859,26.65945648,
axes3,PI ideal,861,860,26.65944935,
axes3,PI ideal,862,861,26.65944225,
axes3,PI ideal,863,862,26.65943519,
axes3,PI ideal,864,863,26.65942817,
axes3,PI ideal,865,864,26.65942119,
axes3,PI ideal,866,865,26.65941424,
axes3,PI ideal,867,866,26.65940733,
axes3,PI ideal,868,867,26.65940046,
axes3,PI ideal,869,868,26.65939362,
axes3,PI ideal,870,869,26.65938682,
axes3,PI ideal,871,870,26.65938005,
axes3,PI ideal,872,871,26.65937332,
axes3,PI ideal,873,872,26.65936663,
axes3,PI ideal,874,873,26.65935997,
axes3,PI ideal,875,874,26.65935335,
axes3,PI ideal,876,875,26.65934676,
axes3,PI ideal,877,876,26.65934021,
axes3,PI ideal,878,877,26.65933369,
axes3,PI ideal,879,878,26.6593272,
axes3,PI ideal,880,879,26.65932075,
axes3,PI ideal,881,880,26.65931434,
axes3,PI ideal,882,881,26.65930795,
axes3,PI ideal,883,882,26.65930161,
axes3,PI ideal,884,883,26.65929529,
axes3,PI ideal,885,884,26.65928901,
axes3,PI ideal,886,885,26.65928276,
axes3,PI ideal,887,886,26.65927655,
axes3,PI ideal,888,887,26.65927037,
axes3,PI ideal,889,888,26.65926422,
axes3,PI ideal,890,889,26.6592581,
axes3,PI ideal,891,890,26.65925201,
axes3,PI ideal,892,891,26.65924596,
axes3,PI ideal,893,892,26.65923994,
axes3,PI ideal,894,893,26.65923395,
axes3,PI ideal,895,894,26.659228,
axes3,PI ideal,896,895,26.65922207,
axes3,PI ideal,897,896,26.65921618,
axes3,PI ideal,898,897,26.65921031,
axes3,PI ideal,899,898,26.65920448,
axes3,PI ideal,900,899,26.65919868,
axes3,PI ideal,901,900,26.65919291,
axes3,PI ideal,902,901,26.65918717,
axes3,PI ideal,903,902,26.65918146,
axes3,PI ideal,904,903,26.65917578,
axes3,PI ideal,905,904,26.65917013,
axes3,PI ideal,906,905,26.65916451,
axes3,PI ideal,907,906,26.65915893,
axes3,PI ideal,908,907,26.65915337,
axes3,PI ideal,909,908,26.65914783,
axes3,PI ideal,910,909,26.65914233,
axes3,PI ideal,911,910,26.65913686,
axes3,PI ideal,912,911,26.65913142,
axes3,PI ideal,913,912,26.659126,
axes3,PI ideal,914,913,26.65912062,
axes3,PI ideal,915,914,26.65911526,
axes3,PI ideal,916,915,26.65910993,
axes3,PI ideal,917,916,26.65910463,
axes3,PI ideal,918,917,26.65909936,
axes3,PI ideal,919,918,26.65909411,
axes3,PI ideal,920,919,26.6590889,
axes3,PI ideal,921,920,26.65908371,
axes3,PI ideal,922,921,26.65907854,
axes3,PI ideal,923,922,26.65907341,
axes3,PI ideal,924,923,26.6590683,
axes3,PI ideal,925,924,26.65906322,
axes3,PI ideal,926,925,26.65905817,
axes3,PI ideal,927,926,26.65905314,
axes3,PI ideal,928,927,26.65904814,
axes3,PI ideal,929,928,26.65904316,
axes3,PI ideal,930,929,26.65903822,
axes3,PI ideal,931,930,26.65903329,
axes3,PI ideal,932,931,26.6590284,
axes3,PI ideal,933,932,26.65902353,
axes3,PI ideal,934,933,26.65901869,
axes3,PI ideal,935,934,26.65901387,
axes3,PI ideal,936,935,26.65900907,
axes3,PI ideal,937,936,26.65900431,
axes3,PI ideal,938,937,26.65899956,
axes3,PI ideal,939,938,26.65899485,
axes3,PI ideal,940,939,26.65899016,
axes3,PI ideal,941,940,26.65898549,
axes3,PI ideal,942,941,26.65898085,
axes3,PI ideal,943,942,26.65897623,
axes3,PI ideal,944,943,26.65897163,
axes3,PI ideal,945,944,26.65896706,
axes3,PI ideal,946,945,26.65896252,
axes3,PI ideal,947,946,26.658958,
axes3,PI ideal,948,947,26.6589535,
axes3,PI ideal,949,948,26.65894903,
axes3,PI ideal,950,949,26.65894458,
axes3,PI ideal,951,950,26.65894015,
axes3,PI ideal,952,951,26.65893575,
axes3,PI ideal,953,952,26.65893137,
axes3,PI ideal,954,953,26.65892701,
axes3,PI ideal,955,954,26.65892268,
axes3,PI ideal,956,955,26.65891837,
axes3,PI ideal,957,956,26.65891408,
axes3,PI ideal,958,957,26.65890981,
axes3,PI ideal,959,958,26.65890557,
axes3,PI ideal,960,959,26.65890135,
axes3,PI ideal,961,960,26.65889715,
axes3,PI ideal,962,961,26.65889298,
axes3,PI ideal,963,962,26.65888882,
axes3,PI ideal,964,963,26.65888469,
axes3,PI ideal,965,964,26.65888058,
axes3,PI ideal,966,965,26.6588765,
axes3,PI ideal,967,966,26.65887243,
axes3,PI ideal,968,967,26.65886838,
axes3,PI ideal,969,968,26.65886436,
axes3,PI ideal,970,969,26.65886036,
axes3,PI ideal,971,970,26.65885638,
axes3,PI ideal,972,971,26.65885242,
axes3,PI ideal,973,972,26.65884848,
axes3,PI ideal,974,973,26.65884456,
axes3,PI ideal,975,974,26.65884066,
axes3,PI ideal,976,975,26.65883679,
axes3,PI ideal,977,976,26.65883293,
axes3,PI ideal,978,977,26.65882909,
axes3,PI ideal,979,978,26.65882528,
axes3,PI ideal,980,979,26.65882148,
axes3,PI ideal,981,980,26.65881771,
axes3,PI ideal,982,981,26.65881395,
axes3,PI ideal,983,982,26.65881022,
axes3,PI ideal,984,983,26.6588065,
axes3,PI ideal,985,984,26.65880281,
axes3,PI ideal,986,985,26.65879913,
axes3,PI ideal,987,986,26.65879547,
axes3,PI ideal,988,987,26.65879183,
axes3,PI ideal,989,988,26.65878822,
axes3,PI ideal,990,989,26.65878462,
axes3,PI ideal,991,990,26.65878104,
axes3,PI ideal,992,991,26.65877747,
axes3,PI ideal,993,992,26.65877393,
axes3,PI ideal,994,993,26.65877041,
axes3,PI ideal,995,994,26.6587669,
axes3,PI ideal,996,995,26.65876342,
axes3,PI ideal,997,996,26.65875995,
axes3,PI ideal,998,997,26.6587565,
axes3,PI ideal,999,998,26.65875307,
axes3,PI ideal,1000,999,26.65874965,
axes3,PI ideal,1001,1000,26.65874626,
axes3,PI ideal,1002,1001,26.65874288,
axes3,PI ideal,1003,1002,26.65873952,
axes3,PI ideal,1004,1003,26.65873618,
axes3,PI ideal,1005,1004,26.65873285,
axes3,PI ideal,1006,1005,26.65872955,
axes3,PI ideal,1007,1006,26.65872626,
axes3,PI ideal,1008,1007,26.65872299,
axes3,PI ideal,1009,1008,26.65871973,
axes3,PI ideal,1010,1009,26.65871649,
axes3,PI ideal,1011,1010,26.65871327,
axes3,PI ideal,1012,1011,26.65871007,
axes3,PI ideal,1013,1012,26.65870689,
axes3,PI ideal,1014,1013,26.65870372,
axes3,PI ideal,1015,1014,26.65870056,
axes3,PI ideal,1016,1015,26.65869743,
axes3,PI ideal,1017,1016,26.65869431,
axes3,PI ideal,1018,1017,26.65869121,
axes3,PI ideal,1019,1018,26.65868812,
axes3,PI ideal,1020,1019,26.65868505,
axes3,PI ideal,1021,1020,26.658682,
axes3,PI ideal,1022,1021,26.65867896,
axes3,PI ideal,1023,1022,26.65867594,
axes3,PI ideal,1024,1023,26.65867293,
axes3,PI ideal,1025,1024,26.65866994,
axes3,PI ideal,1026,1025,26.65866697,
axes3,PI ideal,1027,1026,26.65866401,
axes3,PI ideal,1028,1027,26.65866107,
axes3,PI ideal,1029,1028,26.65865814,
axes3,PI ideal,1030,1029,26.65865523,
axes3,PI ideal,1031,1030,26.65865233,
axes3,PI ideal,1032,1031,26.65864945,
axes3,PI ideal,1033,1032,26.65864659,
axes3,PI ideal,1034,1033,26.65864374,
axes3,PI ideal,1035,1034,26.6586409,
axes3,PI ideal,1036,1035,26.65863808,
axes3,PI ideal,1037,1036,26.65863527,
axes3,PI ideal,1038,1037,26.65863248,
axes3,PI ideal,1039,1038,26.65862971,
axes3,PI ideal,1040,1039,26.65862695,
axes3,PI ideal,1041,1040,26.6586242,
axes3,PI ideal,1042,1041,26.65862147,
axes3,PI ideal,1043,1042,26.65861875,
axes3,PI ideal,1044,1043,26.65861605,
axes3,PI ideal,1045,1044,26.65861336,
axes3,PI ideal,1046,1045,26.65861068,
axes3,PI ideal,1047,1046,26.65860802,
axes3,PI ideal,1048,1047,26.65860538,
axes3,PI ideal,1049,1048,26.65860274,
axes3,PI ideal,1050,1049,26.65860013,
axes3,PI ideal,1051,1050,26.65859752,
axes3,PI ideal,1052,1051,26.65859493,
axes3,PI ideal,1053,1052,26.65859235,
axes3,PI ideal,1054,1053,26.65858979,
axes3,PI ideal,1055,1054,26.65858724,
axes3,PI ideal,1056,1055,26.6585847,
axes3,PI ideal,1057,1056,26.65858218,
axes3,PI ideal,1058,1057,26.65857967,
axes3,PI ideal,1059,1058,26.65857717,
axes3,PI ideal,1060,1059,26.65857469,
axes3,PI ideal,1061,1060,26.65857222,
axes3,PI ideal,1062,1061,26.65856976,
axes3,PI ideal,1063,1062,26.65856732,
axes3,PI ideal,1064,1063,26.65856489,
axes3,PI ideal,1065,1064,26.65856247,
axes3,PI ideal,1066,1065,26.65856006,
axes3,PI ideal,1067,1066,26.65855767,
axes3,PI ideal,1068,1067,26.65855529,
axes3,PI ideal,1069,1068,26.65855292,
axes3,PI ideal,1070,1069,26.65855057,
axes3,PI ideal,1071,1070,26.65854823,
axes3,PI ideal,1072,1071,26.6585459,
axes3,PI ideal,1073,1072,26.65854358,
axes3,PI ideal,1074,1073,26.65854127,
axes3,PI ideal,1075,1074,26.65853898,
axes3,PI ideal,1076,1075,26.6585367,
axes3,PI ideal,1077,1076,26.65853443,
axes3,PI ideal,1078,1077,26.65853217,
axes3,PI ideal,1079,1078,26.65852993,
axes3,PI ideal,1080,1079,26.65852769,
axes3,PI ideal,1081,1080,26.65852547,
axes3,PI ideal,1082,1081,26.65852326,
axes3,PI ideal,1083,1082,26.65852106,
axes3,PI ideal,1084,1083,26.65851888,
axes3,PI ideal,1085,1084,26.6585167,
axes3,PI ideal,1086,1085,26.65851454,
axes3,PI ideal,1087,1086,26.65851239,
axes3,PI ideal,1088,1087,26.65851025,
axes3,PI ideal,1089,1088,26.65850812,
axes3,PI ideal,1090,1089,26.658506,
axes3,PI ideal,1091,1090,26.65850389,
axes3,PI ideal,1092,1091,26.6585018,
axes3,PI ideal,1093,1092,26.65849971,
axes3,PI ideal,1094,1093,26.65849764,
axes3,PI ideal,1095,1094,26.65849558,
axes3,PI ideal,1096,1095,26.65849352,
axes3,PI ideal,1097,1096,26.65849148,
axes3,PI ideal,1098,1097,26.65848945,
axes3,PI ideal,1099,1098,26.65848743,
axes3,PI ideal,1100,1099,26.65848543,
axes3,PI ideal,1101,1100,26.65848343,
axes3,PI ideal,1102,1101,26.65848144,
axes3,PI ideal,1103,1102,26.65847946,
axes3,PI ideal,1104,1103,26.6584775,
axes3,PI ideal,1105,1104,26.65847554,
axes3,PI ideal,1106,1105,26.65847359,
axes3,PI ideal,1107,1106,26.65847166,
axes3,PI ideal,1108,1107,26.65846973,
axes3,PI ideal,1109,1108,26.65846782,
axes3,PI ideal,1110,1109,26.65846591,
axes3,PI ideal,1111,1110,26.65846402,
axes3,PI ideal,1112,1111,26.65846213,
axes3,PI ideal,1113,1112,26.65846026,
axes3,PI ideal,1114,1113,26.65845839,
axes3,PI ideal,1115,1114,26.65845654,
axes3,PI ideal,1116,1115,26.65845469,
axes3,PI ideal,1117,1116,26.65845286,
axes3,PI ideal,1118,1117,26.65845103,
axes3,PI ideal,1119,1118,26.65844922,
axes3,PI ideal,1120,1119,26.65844741,
axes3,PI ideal,1121,1120,26.65844561,
axes3,PI ideal,1122,1121,26.65844383,
axes3,PI ideal,1123,1122,26.65844205,
axes3,PI ideal,1124,1123,26.65844028,
axes3,PI ideal,1125,1124,26.65843852,
axes3,PI ideal,1126,1125,26.65843677,
axes3,PI ideal,1127,1126,26.65843503,
axes3,PI ideal,1128,1127,26.6584333,
axes3,PI ideal,1129,1128,26.65843158,
axes3,PI ideal,1130,1129,26.65842986,
axes3,PI ideal,1131,1130,26.65842816,
axes3,PI ideal,1132,1131,26.65842646,
axes3,PI ideal,1133,1132,26.65842478,
axes3,PI ideal,1134,1133,26.6584231,
axes3,PI ideal,1135,1134,26.65842143,
axes3,PI ideal,1136,1135,26.65841977,
axes3,PI ideal,1137,1136,26.65841812,
axes3,PI ideal,1138,1137,26.65841648,
axes3,PI ideal,1139,1138,26.65841484,
axes3,PI ideal,1140,1139,26.65841322,
axes3,PI ideal,1141,1140,26.6584116,
axes3,PI ideal,1142,1141,26.65841,
axes3,PI ideal,1143,1142,26.6584084,
axes3,PI ideal,1144,1143,26.65840681,
axes3,PI ideal,1145,1144,26.65840522,
axes3,PI ideal,1146,1145,26.65840365,
axes3,PI ideal,1147,1146,26.65840208,
axes3,PI ideal,1148,1147,26.65840053,
axes3,PI ideal,1149,1148,26.65839898,
axes3,PI ideal,1150,1149,26.65839744,
axes3,PI ideal,1151,1150,26.65839591,
axes3,PI ideal,1152,1151,26.65839438,
axes3,PI ideal,1153,1152,26.65839286,
axes3,PI ideal,1154,1153,26.65839136,
axes3,PI ideal,1155,1154,26.65838986,
axes3,PI ideal,1156,1155,26.65838836,
axes3,PI ideal,1157,1156,26.65838688,
axes3,PI ideal,1158,1157,26.6583854,
axes3,PI ideal,1159,1158,26.65838393,
axes3,PI ideal,1160,1159,26.65838247,
axes3,PI ideal,1161,1160,26.65838102,
axes3,PI ideal,1162,1161,26.65837957,
axes3,PI ideal,1163,1162,26.65837813,
axes3,PI ideal,1164,1163,26.6583767,
axes3,PI ideal,1165,1164,26.65837528,
axes3,PI ideal,1166,1165,26.65837386,
axes3,PI ideal,1167,1166,26.65837246,
axes3,PI ideal,1168,1167,26.65837106,
axes3,PI ideal,1169,1168,26.65836966,
axes3,PI ideal,1170,1169,26.65836828,
axes3,PI ideal,1171,1170,26.6583669,
axes3,PI ideal,1172,1171,26.65836553,
axes3,PI ideal,1173,1172,26.65836416,
axes3,PI ideal,1174,1173,26.65836281,
axes3,PI ideal,1175,1174,26.65836146,
axes3,PI ideal,1176,1175,26.65836011,
axes3,PI ideal,1177,1176,26.65835878,
axes3,PI ideal,1178,1177,26.65835745,
axes3,PI ideal,1179,1178,26.65835613,
axes3,PI ideal,1180,1179,26.65835482,
axes3,PI ideal,1181,1180,26.65835351,
axes3,PI ideal,1182,1181,26.65835221,
axes3,PI ideal,1183,1182,26.65835091,
axes3,PI ideal,1184,1183,26.65834963,
axes3,PI ideal,1185,1184,26.65834835,
axes3,PI ideal,1186,1185,26.65834707,
axes3,PI ideal,1187,1186,26.65834581,
axes3,PI ideal,1188,1187,26.65834455,
axes3,PI ideal,1189,1188,26.6583433,
axes3,PI ideal,1190,1189,26.65834205,
axes3,PI ideal,1191,1190,26.65834081,
axes3,PI ideal,1192,1191,26.65833958,
axes3,PI ideal,1193,1192,26.65833835,
axes3,PI ideal,1194,1193,26.65833713,
axes3,PI ideal,1195,1194,26.65833592,
axes3,PI ideal,1196,1195,26.65833471,
axes3,PI ideal,1197,1196,26.65833351,
axes3,PI ideal,1198,1197,26.65833231,
axes3,PI ideal,1199,1198,26.65833112,
axes3,PI ideal,1200,1199,26.65832994,
axes3,PI ideal,1201,1200,26.65832877,
axes3,PI ideal,1202,1201,26.6583276,
axes3,PI ideal,1203,1202,26.65832643,
axes3,PI ideal,1204,1203,26.65832528,
axes3,PI ideal,1205,1204,26.65832413,
axes3,PI ideal,1206,1205,26.65832298,
axes3,PI ideal,1207,1206,26.65832184,
axes3,PI ideal,1208,1207,26.65832071,
axes3,PI ideal,1209,1208,26.65831958,
axes3,PI ideal,1210,1209,26.65831846,
axes3,PI ideal,1211,1210,26.65831735,
axes3,PI ideal,1212,1211,26.65831624,
axes3,PI ideal,1213,1212,26.65831513,
axes3,PI ideal,1214,1213,26.65831404,
axes3,PI ideal,1215,1214,26.65831295,
axes3,PI ideal,1216,1215,26.65831186,
axes3,PI ideal,1217,1216,26.65831078,
axes3,PI ideal,1218,1217,26.65830971,
axes3,PI ideal,1219,1218,26.65830864,
axes3,PI ideal,1220,1219,26.65830757,
axes3,PI ideal,1221,1220,26.65830652,
axes3,PI ideal,1222,1221,26.65830546,
axes3,PI ideal,1223,1222,26.65830442,
axes3,PI ideal,1224,1223,26.65830338,
axes3,PI ideal,1225,1224,26.65830234,
axes3,PI ideal,1226,1225,26.65830131,
axes3,PI ideal,1227,1226,26.65830029,
axes3,PI ideal,1228,1227,26.65829927,
axes3,PI ideal,1229,1228,26.65829826,
axes3,PI ideal,1230,1229,26.65829725,
axes3,PI ideal,1231,1230,26.65829624,
axes3,PI ideal,1232,1231,26.65829525,
axes3,PI ideal,1233,1232,26.65829425,
axes3,PI ideal,1234,1233,26.65829327,
axes3,PI ideal,1235,1234,26.65829229,
axes3,PI ideal,1236,1235,26.65829131,
axes3,PI ideal,1237,1236,26.65829034,
axes3,PI ideal,1238,1237,26.65828937,
axes3,PI ideal,1239,1238,26.65828841,
axes3,PI ideal,1240,1239,26.65828745,
axes3,PI ideal,1241,1240,26.6582865,
axes3,PI ideal,1242,1241,26.65828556,
axes3,PI ideal,1243,1242,26.65828462,
axes3,PI ideal,1244,1243,26.65828368,
axes3,PI ideal,1245,1244,26.65828275,
axes3,PI ideal,1246,1245,26.65828182,
axes3,PI ideal,1247,1246,26.6582809,
axes3,PI ideal,1248,1247,26.65827999,
axes3,PI ideal,1249,1248,26.65827907,
axes3,PI ideal,1250,1249,26.65827817,
axes3,PI ideal,1251,1250,26.65827727,
axes3,PI ideal,1252,1251,26.65827637,
axes3,PI ideal,1253,1252,26.65827548,
axes3,PI ideal,1254,1253,26.65827459,
axes3,PI ideal,1255,1254,26.65827371,
axes3,PI ideal,1256,1255,26.65827283,
axes3,PI ideal,1257,1256,26.65827195,
axes3,PI ideal,1258,1257,26.65827108,
axes3,PI ideal,1259,1258,26.65827022,
axes3,PI ideal,1260,1259,26.65826936,
axes3,PI ideal,1261,1260,26.65826851,
axes3,PI ideal,1262,1261,26.65826765,
axes3,PI ideal,1263,1262,26.65826681,
axes3,PI ideal,1264,1263,26.65826597,
axes3,PI ideal,1265,1264,26.65826513,
axes3,PI ideal,1266,1265,26.6582643,
axes3,PI ideal,1267,1266,26.65826347,
axes3,PI ideal,1268,1267,26.65826264,
axes3,PI ideal,1269,1268,26.65826182,
axes3,PI ideal,1270,1269,26.65826101,
axes3,PI ideal,1271,1270,26.6582602,
axes3,PI ideal,1272,1271,26.65825939,
axes3,PI ideal,1273,1272,26.65825859,
axes3,PI ideal,1274,1273,26.65825779,
axes3,PI ideal,1275,1274,26.65825699,
axes3,PI ideal,1276,1275,26.6582562,
axes3,PI ideal,1277,1276,26.65825542,
axes3,PI ideal,1278,1277,26.65825464,
axes3,PI ideal,1279,1278,26.65825386,
axes3,PI ideal,1280,1279,26.65825309,
axes3,PI ideal,1281,1280,26.65825232,
axes3,PI ideal,1282,1281,26.65825155,
axes3,PI ideal,1283,1282,26.65825079,
axes3,PI ideal,1284,1283,26.65825003,
axes3,PI ideal,1285,1284,26.65824928,
axes3,PI ideal,1286,1285,26.65824853,
axes3,PI ideal,1287,1286,26.65824779,
axes3,PI ideal,1288,1287,26.65824705,
axes3,PI ideal,1289,1288,26.65824631,
axes3,PI ideal,1290,1289,26.65824557,
axes3,PI ideal,1291,1290,26.65824485,
axes3,PI ideal,1292,1291,26.65824412,
axes3,PI ideal,1293,1292,26.6582434,
axes3,PI ideal,1294,1293,26.65824268,
axes3,PI ideal,1295,1294,26.65824197,
axes3,PI ideal,1296,1295,26.65824126,
axes3,PI ideal,1297,1296,26.65824055,
axes3,PI ideal,1298,1297,26.65823985,
axes3,PI ideal,1299,1298,26.65823915,
axes3,PI ideal,1300,1299,26.65823845,
axes3,PI ideal,1301,1300,26.65823776,
axes3,PI ideal,1302,1301,26.65823707,
axes3,PI ideal,1303,1302,26.65823639,
axes3,PI ideal,1304,1303,26.65823571,
axes3,PI ideal,1305,1304,26.65823503,
axes3,PI ideal,1306,1305,26.65823435,
axes3,PI ideal,1307,1306,26.65823368,
axes3,PI ideal,1308,1307,26.65823302,
axes3,PI ideal,1309,1308,26.65823235,
axes3,PI ideal,1310,1309,26.65823169,
axes3,PI ideal,1311,1310,26.65823104,
axes3,PI ideal,1312,1311,26.65823039,
axes3,PI ideal,1313,1312,26.65822974,
axes3,PI ideal,1314,1313,26.65822909,
axes3,PI ideal,1315,1314,26.65822845,
axes3,PI ideal,1316,1315,26.65822781,
axes3,PI ideal,1317,1316,26.65822717,
axes3,PI ideal,1318,1317,26.65822654,
axes3,PI ideal,1319,1318,26.65822591,
axes3,PI ideal,1320,1319,26.65822529,
axes3,PI ideal,1321,1320,26.65822467,
axes3,PI ideal,1322,1321,26.65822405,
axes3,PI ideal,1323,1322,26.65822343,
axes3,PI ideal,1324,1323,26.65822282,
axes3,PI ideal,1325,1324,26.65822221,
axes3,PI ideal,1326,1325,26.6582216,
axes3,PI ideal,1327,1326,26.658221,
axes3,PI ideal,1328,1327,26.6582204,
axes3,PI ideal,1329,1328,26.6582198,
axes3,PI ideal,1330,1329,26.65821921,
axes3,PI ideal,1331,1330,26.65821862,
axes3,PI ideal,1332,1331,26.65821803,
axes3,PI ideal,1333,1332,26.65821745,
axes3,PI ideal,1334,1333,26.65821687,
axes3,PI ideal,1335,1334,26.65821629,
axes3,PI ideal,1336,1335,26.65821572,
axes3,PI ideal,1337,1336,26.65821515,
axes3,PI ideal,1338,1337,26.65821458,
axes3,PI ideal,1339,1338,26.65821401,
axes3,PI ideal,1340,1339,26.65821345,
axes3,PI ideal,1341,1340,26.65821289,
axes3,PI ideal,1342,1341,26.65821233,
axes3,PI ideal,1343,1342,26.65821178,
axes3,PI ideal,1344,1343,26.65821123,
axes3,PI ideal,1345,1344,26.65821068,
axes3,PI ideal,1346,1345,26.65821014,
axes3,PI ideal,1347,1346,26.65820959,
axes3,PI ideal,1348,1347,26.65820905,
axes3,PI ideal,1349,1348,26.65820852,
axes3,PI ideal,1350,1349,26.65820798,
axes3,PI ideal,1351,1350,26.65820745,
axes3,PI ideal,1352,1351,26.65820693,
axes3,PI ideal,1353,1352,26.6582064,
axes3,PI ideal,1354,1353,26.65820588,
axes3,PI ideal,1355,1354,26.65820536,
axes3,PI ideal,1356,1355,26.65820484,
axes3,PI ideal,1357,1356,26.65820433,
axes3,PI ideal,1358,1357,26.65820382,
axes3,PI ideal,1359,1358,26.65820331,
axes3,PI ideal,1360,1359,26.6582028,
axes3,PI ideal,1361,1360,26.6582023,
axes3,PI ideal,1362,1361,26.6582018,
axes3,PI ideal,1363,1362,26.6582013,
axes3,PI ideal,1364,1363,26.6582008,
axes3,PI ideal,1365,1364,26.65820031,
axes3,PI ideal,1366,1365,26.65819982,
axes3,PI ideal,1367,1366,26.65819933,
axes3,PI ideal,1368,1367,26.65819885,
axes3,PI ideal,1369,1368,26.65819837,
axes3,PI ideal,1370,1369,26.65819789,
axes3,PI ideal,1371,1370,26.65819741,
axes3,PI ideal,1372,1371,26.65819693,
axes3,PI ideal,1373,1372,26.65819646,
axes3,PI ideal,1374,1373,26.65819599,
axes3,PI ideal,1375,1374,26.65819553,
axes3,PI ideal,1376,1375,26.65819506,
axes3,PI ideal,1377,1376,26.6581946,
axes3,PI ideal,1378,1377,26.65819414,
axes3,PI ideal,1379,1378,26.65819368,
axes3,PI ideal,1380,1379,26.65819323,
axes3,PI ideal,1381,1380,26.65819277,
axes3,PI ideal,1382,1381,26.65819232,
axes3,PI ideal,1383,1382,26.65819187,
axes3,PI ideal,1384,1383,26.65819143,
axes3,PI ideal,1385,1384,26.65819099,
axes3,PI ideal,1386,1385,26.65819055,
axes3,PI ideal,1387,1386,26.65819011,
axes3,PI ideal,1388,1387,26.65818967,
axes3,PI ideal,1389,1388,26.65818924,
axes3,PI ideal,1390,1389,26.65818881,
axes3,PI ideal,1391,1390,26.65818838,
axes3,PI ideal,1392,1391,26.65818795,
axes3,PI ideal,1393,1392,26.65818752,
axes3,PI ideal,1394,1393,26.6581871,
axes3,PI ideal,1395,1394,26.65818668,
axes3,PI ideal,1396,1395,26.65818626,
axes3,PI ideal,1397,1396,26.65818585,
axes3,PI ideal,1398,1397,26.65818543,
axes3,PI ideal,1399,1398,26.65818502,
axes3,PI ideal,1400,1399,26.65818461,
axes3,PI ideal,1401,1400,26.65818421,
axes3,PI ideal,1402,1401,26.6581838,
axes3,PI ideal,1403,1402,26.6581834,
axes3,PI ideal,1404,1403,26.658183,
axes3,PI ideal,1405,1404,26.6581826,
axes3,PI ideal,1406,1405,26.6581822,
axes3,PI ideal,1407,1406,26.65818181,
axes3,PI ideal,1408,1407,26.65818142,
axes3,PI ideal,1409,1408,26.65818103,
axes3,PI ideal,1410,1409,26.65818064,
axes3,PI ideal,1411,1410,26.65818025,
axes3,PI ideal,1412,1411,26.65817987,
axes3,PI ideal,1413,1412,26.65817949,
axes3,PI ideal,1414,1413,26.65817911,
axes3,PI ideal,1415,1414,26.65817873,
axes3,PI ideal,1416,1415,26.65817835,
axes3,PI ideal,1417,1416,26.65817798,
axes3,PI ideal,1418,1417,26.65817761,
axes3,PI ideal,1419,1418,26.65817724,
axes3,PI ideal,1420,1419,26.65817687,
axes3,PI ideal,1421,1420,26.6581765,
axes3,PI ideal,1422,1421,26.65817614,
axes3,PI ideal,1423,1422,26.65817577,
axes3,PI ideal,1424,1423,26.65817541,
axes3,PI ideal,1425,1424,26.65817506,
axes3,PI ideal,1426,1425,26.6581747,
axes3,PI ideal,1427,1426,26.65817434,
axes3,PI ideal,1428,1427,26.65817399,
axes3,PI ideal,1429,1428,26.65817364,
axes3,PI ideal,1430,1429,26.65817329,
axes3,PI ideal,1431,1430,26.65817294,
axes3,PI ideal,1432,1431,26.6581726,
axes3,PI ideal,1433,1432,26.65817226,
axes3,PI ideal,1434,1433,26.65817191,
axes3,PI ideal,1435,1434,26.65817157,
axes3,PI ideal,1436,1435,26.65817124,
axes3,PI ideal,1437,1436,26.6581709,
axes3,PI ideal,1438,1437,26.65817056,
axes3,PI ideal,1439,1438,26.65817023,
axes3,PI ideal,1440,1439,26.6581699,
axes3,PI ideal,1441,1440,26.65816957,
axes3,PI ideal,1442,1441,26.65816924,
axes3,PI ideal,1443,1442,26.65816892,
axes3,PI ideal,1444,1443,26.65816859,
axes3,PI ideal,1445,1444,26.65816827,
axes3,PI ideal,1446,1445,26.65816795,
axes3,PI ideal,1447,1446,26.65816763,
axes3,PI ideal,1448,1447,26.65816731,
axes3,PI ideal,1449,1448,26.658167,
axes3,PI ideal,1450,1449,26.65816669,
axes3,PI ideal,1451,1450,26.65816637,
axes3,PI ideal,1452,1451,26.65816606,
axes3,PI ideal,1453,1452,26.65816575,
axes3,PI ideal,1454,1453,26.65816545,
axes3,PI ideal,1455,1454,26.65816514,
axes3,PI ideal,1456,1455,26.65816484,
axes3,PI ideal,1457,1456,26.65816453,
axes3,PI ideal,1458,1457,26.65816423,
axes3,PI ideal,1459,1458,26.65816393,
axes3,PI ideal,1460,1459,26.65816364,
axes3,PI ideal,1461,1460,26.65816334,
axes3,PI ideal,1462,1461,26.65816304,
axes3,PI ideal,1463,1462,26.65816275,
axes3,PI ideal,1464,1463,26.65816246,
axes3,PI ideal,1465,1464,26.65816217,
axes3,PI ideal,1466,1465,26.65816188,
axes3,PI ideal,1467,1466,26.6581616,
axes3,PI ideal,1468,1467,26.65816131,
axes3,PI ideal,1469,1468,26.65816103,
axes3,PI ideal,1470,1469,26.65816074,
axes3,PI ideal,1471,1470,26.65816046,
axes3,PI ideal,1472,1471,26.65816018,
axes3,PI ideal,1473,1472,26.65815991,
axes3,PI ideal,1474,1473,26.65815963,
axes3,PI ideal,1475,1474,26.65815935,
axes3,PI ideal,1476,1475,26.65815908,
axes3,PI ideal,1477,1476,26.65815881,
axes3,PI ideal,1478,1477,26.65815854,
axes3,PI ideal,1479,1478,26.65815827,
axes3,PI ideal,1480,1479,26.658158,
axes3,PI ideal,1481,1480,26.65815773,
axes3,PI ideal,1482,1481,26.65815747,
axes3,PI ideal,1483,1482,26.65815721,
axes3,PI ideal,1484,1483,26.65815694,
axes3,PI ideal,1485,1484,26.65815668,
axes3,PI ideal,1486,1485,26.65815642,
axes3,PI ideal,1487,1486,26.65815617,
axes3,PI ideal,1488,1487,26.65815591,
axes3,PI ideal,1489,1488,26.65815565,
axes3,PI ideal,1490,1489,26.6581554,
axes3,PI ideal,1491,1490,26.65815515,
axes3,PI ideal,1492,1491,26.6581549,
axes3,PI ideal,1493,1492,26.65815465,
axes3,PI ideal,1494,1493,26.6581544,
axes3,PI ideal,1495,1494,26.65815415,
axes3,PI ideal,1496,1495,26.6581539,
axes3,PI ideal,1497,1496,26.65815366,
axes3,PI ideal,1498,1497,26.65815342,
axes3,PI ideal,1499,1498,26.65815317,
axes3,PI ideal,1500,1499,26.65815293,
axes3,PI ideal,1501,1500,26.65815269,
axes3,PI ideal,1502,1501,26.65815246,
axes3,PI ideal,1503,1502,26.65815222,
axes3,PI ideal,1504,1503,26.65815198,
axes3,PI ideal,1505,1504,26.65815175,
axes3,PI ideal,1506,1505,26.65815151,
axes3,PI ideal,1507,1506,26.65815128,
axes3,PI ideal,1508,1507,26.65815105,
axes3,PI ideal,1509,1508,26.65815082,
axes3,PI ideal,1510,1509,26.65815059,
axes3,PI ideal,1511,1510,26.65815037,
axes3,PI ideal,1512,1511,26.65815014,
axes3,PI ideal,1513,1512,26.65814992,
axes3,PI ideal,1514,1513,26.65814969,
axes3,PI ideal,1515,1514,26.65814947,
axes3,PI ideal,1516,1515,26.65814925,
axes3,PI ideal,1517,1516,26.65814903,
axes3,PI ideal,1518,1517,26.65814881,
axes3,PI ideal,1519,1518,26.65814859,
axes3,PI ideal,1520,1519,26.65814837,
axes3,PI ideal,1521,1520,26.65814816,
axes3,PI ideal,1522,1521,26.65814795,
axes3,PI ideal,1523,1522,26.65814773,
axes3,PI ideal,1524,1523,26.65814752,
axes3,PI ideal,1525,1524,26.65814731,
axes3,PI ideal,1526,1525,26.6581471,
axes3,PI ideal,1527,1526,26.65814689,
axes3,PI ideal,1528,1527,26.65814668,
axes3,PI ideal,1529,1528,26.65814648,
axes3,PI ideal,1530,1529,26.65814627,
axes3,PI ideal,1531,1530,26.65814607,
axes3,PI ideal,1532,1531,26.65814586,
axes3,PI ideal,1533,1532,26.65814566,
axes3,PI ideal,1534,1533,26.65814546,
axes3,PI ideal,1535,1534,26.65814526,
axes3,PI ideal,1536,1535,26.65814506,
axes3,PI ideal,1537,1536,26.65814486,
axes3,PI ideal,1538,1537,26.65814467,
axes3,PI ideal,1539,1538,26.65814447,
axes3,PI ideal,1540,1539,26.65814428,
axes3,PI ideal,1541,1540,26.65814408,
axes3,PI ideal,1542,1541,26.65814389,
axes3,PI ideal,1543,1542,26.6581437,
axes3,PI ideal,1544,1543,26.65814351,
axes3,PI ideal,1545,1544,26.65814332,
axes3,PI ideal,1546,1545,26.65814313,
axes3,PI ideal,1547,1546,26.65814294,
axes3,PI ideal,1548,1547,26.65814275,
axes3,PI ideal,1549,1548,26.65814257,
axes3,PI ideal,1550,1549,26.65814238,
axes3,PI ideal,1551,1550,26.6581422,
axes3,PI ideal,1552,1551,26.65814202,
axes3,PI ideal,1553,1552,26.65814184,
axes3,PI ideal,1554,1553,26.65814165,
axes3,PI ideal,1555,1554,26.65814147,
axes3,PI ideal,1556,1555,26.6581413,
axes3,PI ideal,1557,1556,26.65814112,
axes3,PI ideal,1558,1557,26.65814094,
axes3,PI ideal,1559,1558,26.65814076,
axes3,PI ideal,1560,1559,26.65814059,
axes3,PI ideal,1561,1560,26.65814041,
axes3,PI ideal,1562,1561,26.65814024,
axes3,PI ideal,1563,1562,26.65814007,
axes3,PI ideal,1564,1563,26.6581399,
axes3,PI ideal,1565,1564,26.65813973,
axes3,PI ideal,1566,1565,26.65813956,
axes3,PI ideal,1567,1566,26.65813939,
axes3,PI ideal,1568,1567,26.65813922,
axes3,PI ideal,1569,1568,26.65813905,
axes3,PI ideal,1570,1569,26.65813889,
axes3,PI ideal,1571,1570,26.65813872,
axes3,PI ideal,1572,1571,26.65813856,
axes3,PI ideal,1573,1572,26.65813839,
axes3,PI ideal,1574,1573,26.65813823,
axes3,PI ideal,1575,1574,26.65813807,
axes3,PI ideal,1576,1575,26.65813791,
axes3,PI ideal,1577,1576,26.65813775,
axes3,PI ideal,1578,1577,26.65813759,
axes3,PI ideal,1579,1578,26.65813743,
axes3,PI ideal,1580,1579,26.65813727,
axes3,PI ideal,1581,1580,26.65813712,
axes3,PI ideal,1582,1581,26.65813696,
axes3,PI ideal,1583,1582,26.65813681,
axes3,PI ideal,1584,1583,26.65813665,
axes3,PI ideal,1585,1584,26.6581365,
axes3,PI ideal,1586,1585,26.65813634,
axes3,PI ideal,1587,1586,26.65813619,
axes3,PI ideal,1588,1587,26.65813604,
axes3,PI ideal,1589,1588,26.65813589,
axes3,PI ideal,1590,1589,26.65813574,
axes3,PI ideal,1591,1590,26.65813559,
axes3,PI ideal,1592,1591,26.65813545,
axes3,PI ideal,1593,1592,26.6581353,
axes3,PI ideal,1594,1593,26.65813515,
axes3,PI ideal,1595,1594,26.65813501,
axes3,PI ideal,1596,1595,26.65813486,
axes3,PI ideal,1597,1596,26.65813472,
axes3,PI ideal,1598,1597,26.65813458,
axes3,PI ideal,1599,1598,26.65813443,
axes3,PI ideal,1600,1599,26.65813429,
axes3,PI ideal,1601,1600,26.65813415,
axes3,PI ideal,1602,1601,26.65813401,
axes3,PI ideal,1603,1602,26.65813387,
axes3,PI ideal,1604,1603,26.65813373,
axes3,PI ideal,1605,1604,26.65813359,
axes3,PI ideal,1606,1605,26.65813346,
axes3,PI ideal,1607,1606,26.65813332,
axes3,PI ideal,1608,1607,26.65813318,
axes3,PI ideal,1609,1608,26.65813305,
axes3,PI ideal,1610,1609,26.65813291,
axes3,PI ideal,1611,1610,26.65813278,
axes3,PI ideal,1612,1611,26.65813265,
axes3,PI ideal,1613,1612,26.65813252,
axes3,PI ideal,1614,1613,26.65813238,
axes3,PI ideal,1615,1614,26.65813225,
axes3,PI ideal,1616,1615,26.65813212,
axes3,PI ideal,1617,1616,26.65813199,
axes3,PI ideal,1618,1617,26.65813186,
axes3,PI ideal,1619,1618,26.65813174,
axes3,PI ideal,1620,1619,26.65813161,
axes3,PI ideal,1621,1620,26.65813148,
axes3,PI ideal,1622,1621,26.65813136,
axes3,PI ideal,1623,1622,26.65813123,
axes3,PI ideal,1624,1623,26.65813111,
axes3,PI ideal,1625,1624,26.65813098,
axes3,PI ideal,1626,1625,26.65813086,
axes3,PI ideal,1627,1626,26.65813074,
axes3,PI ideal,1628,1627,26.65813061,
axes3,PI ideal,1629,1628,26.65813049,
axes3,PI ideal,1630,1629,26.65813037,
axes3,PI ideal,1631,1630,26.65813025,
axes3,PI ideal,1632,1631,26.65813013,
axes3,PI ideal,1633,1632,26.65813001,
axes3,PI ideal,1634,1633,26.65812989,
axes3,PI ideal,1635,1634,26.65812978,
axes3,PI ideal,1636,1635,26.65812966,
axes3,PI ideal,1637,1636,26.65812954,
axes3,PI ideal,1638,1637,26.65812943,
axes3,PI ideal,1639,1638,26.65812931,
axes3,PI ideal,1640,1639,26.6581292,
axes3,PI ideal,1641,1640,26.65812908,
axes3,PI ideal,1642,1641,26.65812897,
axes3,PI ideal,1643,1642,26.65812886,
axes3,PI ideal,1644,1643,26.65812874,
axes3,PI ideal,1645,1644,26.65812863,
axes3,PI ideal,1646,1645,26.65812852,
axes3,PI ideal,1647,1646,26.65812841,
axes3,PI ideal,1648,1647,26.6581283,
axes3,PI ideal,1649,1648,26.65812819,
axes3,PI ideal,1650,1649,26.65812808,
axes3,PI ideal,1651,1650,26.65812798,
axes3,PI ideal,1652,1651,26.65812787,
axes3,PI ideal,1653,1652,26.65812776,
axes3,PI ideal,1654,1653,26.65812765,
axes3,PI ideal,1655,1654,26.65812755,
axes3,PI ideal,1656,1655,26.65812744,
axes3,PI ideal,1657,1656,26.65812734,
axes3,PI ideal,1658,1657,26.65812723,
axes3,PI ideal,1659,1658,26.65812713,
axes3,PI ideal,1660,1659,26.65812703,
axes3,PI ideal,1661,1660,26.65812692,
axes3,PI ideal,1662,1661,26.65812682,
axes3,PI ideal,1663,1662,26.65812672,
axes3,PI ideal,1664,1663,26.65812662,
axes3,PI ideal,1665,1664,26.65812652,
axes3,PI ideal,1666,1665,26.65812642,
axes3,PI ideal,1667,1666,26.65812632,
axes3,PI ideal,1668,1667,26.65812622,
axes3,PI ideal,1669,1668,26.65812612,
axes3,PI ideal,1670,1669,26.65812603,
axes3,PI ideal,1671,1670,26.65812593,
axes3,PI ideal,1672,1671,26.65812583,
axes3,PI ideal,1673,1672,26.65812574,
axes3,PI ideal,1674,1673,26.65812564,
axes3,PI ideal,1675,1674,26.65812554,
axes3,PI ideal,1676,1675,26.65812545,
axes3,PI ideal,1677,1676,26.65812536,
axes3,PI ideal,1678,1677,26.65812526,
axes3,PI ideal,1679,1678,26.65812517,
axes3,PI ideal,1680,1679,26.65812508,
axes3,PI ideal,1681,1680,26.65812498,
axes3,PI ideal,1682,1681,26.65812489,
axes3,PI ideal,1683,1682,26.6581248,
axes3,PI ideal,1684,1683,26.65812471,
axes3,PI ideal,1685,1684,26.65812462,
axes3,PI ideal,1686,1685,26.65812453,
axes3,PI ideal,1687,1686,26.65812444,
axes3,PI ideal,1688,1687,26.65812435,
axes3,PI ideal,1689,1688,26.65812426,
axes3,PI ideal,1690,1689,26.65812418,
axes3,PI ideal,1691,1690,26.65812409,
axes3,PI ideal,1692,1691,26.658124,
axes3,PI ideal,1693,1692,26.65812391,
axes3,PI ideal,1694,1693,26.65812383,
axes3,PI ideal,1695,1694,26.65812374,
axes3,PI ideal,1696,1695,26.65812366,
axes3,PI ideal,1697,1696,26.65812357,
axes3,PI ideal,1698,1697,26.65812349,
axes3,PI ideal,1699,1698,26.6581234,
axes3,PI ideal,1700,1699,26.65812332,
axes3,PI ideal,1701,1700,26.65812324,
axes3,PI ideal,1702,1701,26.65812316,
axes3,PI ideal,1703,1702,26.65812307,
axes3,PI ideal,1704,1703,26.65812299,
axes3,PI ideal,1705,1704,26.65812291,
axes3,PI ideal,1706,1705,26.65812283,
axes3,PI ideal,1707,1706,26.65812275,
axes3,PI ideal,1708,1707,26.65812267,
axes3,PI ideal,1709,1708,26.65812259,
axes3,PI ideal,1710,1709,26.65812251,
axes3,PI ideal,1711,1710,26.65812243,
axes3,PI ideal,1712,1711,26.65812235,
axes3,PI ideal,1713,1712,26.65812228,
axes3,PI ideal,1714,1713,26.6581222,
axes3,PI ideal,1715,1714,26.65812212,
axes3,PI ideal,1716,1715,26.65812205,
axes3,PI ideal,1717,1716,26.65812197,
axes3,PI ideal,1718,1717,26.65812189,
axes3,PI ideal,1719,1718,26.65812182,
axes3,PI ideal,1720,1719,26.65812174,
axes3,PI ideal,1721,1720,26.65812167,
axes3,PI ideal,1722,1721,26.65812159,
axes3,PI ideal,1723,1722,26.65812152,
axes3,PI ideal,1724,1723,26.65812145,
axes3,PI ideal,1725,1724,26.65812137,
axes3,PI ideal,1726,1725,26.6581213,
axes3,PI ideal,1727,1726,26.65812123,
axes3,PI ideal,1728,1727,26.65812116,
axes3,PI ideal,1729,1728,26.65812109,
axes3,PI ideal,1730,1729,26.65812101,
axes3,PI ideal,1731,1730,26.65812094,
axes3,PI ideal,1732,1731,26.65812087,
axes3,PI ideal,1733,1732,26.6581208,
axes3,PI ideal,1734,1733,26.65812073,
axes3,PI ideal,1735,1734,26.65812066,
axes3,PI ideal,1736,1735,26.6581206,
axes3,PI ideal,1737,1736,26.65812053,
axes3,PI ideal,1738,1737,26.65812046,
axes3,PI ideal,1739,1738,26.65812039,
axes3,PI ideal,1740,1739,26.65812032,
axes3,PI ideal,1741,1740,26.65812026,
axes3,PI ideal,1742,1741,26.65812019,
axes3,PI ideal,1743,1742,26.65812012,
axes3,PI ideal,1744,1743,26.65812006,
axes3,PI ideal,1745,1744,26.65811999,
axes3,PI ideal,1746,1745,26.65811993,
axes3,PI ideal,1747,1746,26.65811986,
axes3,PI ideal,1748,1747,26.6581198,
axes3,PI ideal,1749,1748,26.65811973,
axes3,PI ideal,1750,1749,26.65811967,
axes3,PI ideal,1751,1750,26.6581196,
axes3,PI ideal,1752,1751,26.65811954,
axes3,PI ideal,1753,1752,26.65811948,
axes3,PI ideal,1754,1753,26.65811942,
axes3,PI ideal,1755,1754,26.65811935,
axes3,PI ideal,1756,1755,26.65811929,
axes3,PI ideal,1757,1756,26.65811923,
axes3,PI ideal,1758,1757,26.65811917,
axes3,PI ideal,1759,1758,26.65811911,
axes3,PI ideal,1760,1759,26.65811905,
axes3,PI ideal,1761,1760,26.65811899,
axes3,PI ideal,1762,1761,26.65811893,
axes3,PI ideal,1763,1762,26.65811887,
axes3,PI ideal,1764,1763,26.65811881,
axes3,PI ideal,1765,1764,26.65811875,
axes3,PI ideal,1766,1765,26.65811869,
axes3,PI ideal,1767,1766,26.65811863,
axes3,PI ideal,1768,1767,26.65811857,
axes3,PI ideal,1769,1768,26.65811852,
axes3,PI ideal,1770,1769,26.65811846,
axes3,PI ideal,1771,1770,26.6581184,
axes3,PI ideal,1772,1771,26.65811834,
axes3,PI ideal,1773,1772,26.65811829,
axes3,PI ideal,1774,1773,26.65811823,
axes3,PI ideal,1775,1774,26.65811817,
axes3,PI ideal,1776,1775,26.65811812,
axes3,PI ideal,1777,1776,26.65811806,
axes3,PI ideal,1778,1777,26.65811801,
axes3,PI ideal,1779,1778,26.65811795,
axes3,PI ideal,1780,1779,26.6581179,
axes3,PI ideal,1781,1780,26.65811784,
axes3,PI ideal,1782,1781,26.65811779,
axes3,PI ideal,1783,1782,26.65811774,
axes3,PI ideal,1784,1783,26.65811768,
axes3,PI ideal,1785,1784,26.65811763,
axes3,PI ideal,1786,1785,26.65811758,
axes3,PI ideal,1787,1786,26.65811752,
axes3,PI ideal,1788,1787,26.65811747,
axes3,PI ideal,1789,1788,26.65811742,
axes3,PI ideal,1790,1789,26.65811737,
axes3,PI ideal,1791,1790,26.65811732,
axes3,PI ideal,1792,1791,26.65811727,
axes3,PI ideal,1793,1792,26.65811722,
axes3,PI ideal,1794,1793,26.65811716,
axes3,PI ideal,1795,1794,26.65811711,
axes3,PI ideal,1796,1795,26.65811706,
axes3,PI ideal,1797,1796,26.65811701,
axes3,PI ideal,1798,1797,26.65811696,
axes3,PI ideal,1799,1798,26.65811692,
axes3,PI ideal,1800,1799,26.65811687,
axes3,PI ideal,1801,1800,26.65811682,
